trial_id,algorithm,comm_model,comm_level,grid_size,grid_cells,robot_count,target_cells_per_robot,actual_cells_per_robot,condition_id,scenario_file,trial_mode,trial_status,failure_type,failure_message,total_team_steps,steps_before_first_clue,post_clue_steps_to_find,unique_cells_searched,system_revisits,task_cell_replans_total,path_replans_total,collision_prevention_events,messages_sent_total,messages_delivered_total,messages_dropped_total,debug_max_events,protected_messages_sent_total,unprotected_messages_sent_total,core_messages_sent_total,allocation_messages_sent_total,post_clue_messages_sent_total,post_clue_allocation_messages_sent_total,message_drop_fraction,messages_per_unique_cell,messages_per_post_clue_step,allocation_messages_per_step,allocation_messages_per_post_clue_step,allocation_messages_per_unique_cell,messages_sent_by_topic,max_steps_any_robot,max_messages_any_robot,workload_gini_unique_cells_contributed
0,PI,gilbert_elliot,pGG_0.88_pBB_0.92,19,361,4,,,pi_gilbert_elliott_drop_0_60_rho_0_8,,coverage,failed,RuntimeError,Debug safety cap reached in trial 0. This usually means the allocator is stuck or returning no reachable goals.,,,,,,,,,,,,100000,,,,,,,,,,,,,,,,
1,PI,gilbert_elliot,pGG_0.88_pBB_0.92,19,361,4,,,pi_gilbert_elliott_drop_0_60_rho_0_8,,coverage,failed,RuntimeError,Debug safety cap reached in trial 1. This usually means the allocator is stuck or returning no reachable goals.,,,,,,,,,,,,100000,,,,,,,,,,,,,,,,
2,PI,gilbert_elliot,pGG_0.88_pBB_0.92,19,361,4,,,pi_gilbert_elliott_drop_0_60_rho_0_8,,coverage,completed,,,631,631,0,361,274,0,0,0,2460,3873,3507,,645,1815,1276,1184,0,0,0.6440771349862259,6.814404432132964,0.0,1.8763866877971473,0.0,3.2797783933518008,collision_intent:645;pi_clear_path:1;pi_entry:1183;state:631,300,889,0.5685595567867037
3,PI,gilbert_elliot,pGG_0.88_pBB_0.92,19,361,4,,,pi_gilbert_elliott_drop_0_60_rho_0_8,,coverage,completed,,,695,695,0,361,338,0,0,0,2472,4340,3074,,719,1753,1414,1058,0,0,0.5847441506562678,6.847645429362881,0.0,1.5223021582733813,0.0,2.930747922437673,collision_intent:719;pi_entry:1058;state:695,266,793,0.32894736842105265
4,PI,gilbert_elliot,pGG_0.88_pBB_0.92,19,361,4,,,pi_gilbert_elliott_drop_0_60_rho_0_8,,coverage,completed,,,581,581,0,361,224,0,0,0,2279,3788,3049,,594,1685,1175,1104,0,0,0.6031651829871414,6.313019390581718,0.0,1.9001721170395869,0.0,3.0581717451523547,collision_intent:594;pi_entry:1104;state:581,280,814,0.5076177285318559
5,PI,gilbert_elliot,pGG_0.88_pBB_0.92,19,361,4,,,pi_gilbert_elliott_drop_0_60_rho_0_8,,coverage,failed,RuntimeError,Debug safety cap reached in trial 5. This usually means the allocator is stuck or returning no reachable goals.,,,,,,,,,,,,100000,,,,,,,,,,,,,,,,
6,PI,gilbert_elliot,pGG_0.88_pBB_0.92,19,361,4,,,pi_gilbert_elliott_drop_0_60_rho_0_8,,coverage,completed,,,604,604,0,361,247,0,0,0,2289,4067,2799,,619,1670,1223,1066,0,0,0.5587941704931124,6.340720221606648,0.0,1.7649006622516556,0.0,2.9529085872576175,collision_intent:619;pi_entry:1066;state:604,264,777,0.3857340720221607
7,PI,gilbert_elliot,pGG_0.88_pBB_0.92,19,361,4,,,pi_gilbert_elliott_drop_0_60_rho_0_8,,coverage,completed,,,746,746,0,361,389,0,0,0,2649,4527,3418,,770,1879,1516,1133,0,0,0.6065661047027506,7.337950138504155,0.0,1.5187667560321716,0.0,3.1385041551246537,collision_intent:770;pi_entry:1133;state:746,290,859,0.31786703601108024
8,PI,gilbert_elliot,pGG_0.88_pBB_0.92,19,361,4,,,pi_gilbert_elliott_drop_0_60_rho_0_8,,coverage,failed,RuntimeError,Debug safety cap reached in trial 8. This usually means the allocator is stuck or returning no reachable goals.,,,,,,,,,,,,100000,,,,,,,,,,,,,,,,
9,PI,gilbert_elliot,pGG_0.88_pBB_0.92,19,361,4,,,pi_gilbert_elliott_drop_0_60_rho_0_8,,coverage,failed,RuntimeError,Debug safety cap reached in trial 9. This usually means the allocator is stuck or returning no reachable goals.,,,,,,,,,,,,100000,,,,,,,,,,,,,,,,
10,PI,gilbert_elliot,pGG_0.88_pBB_0.92,19,361,4,,,pi_gilbert_elliott_drop_0_60_rho_0_8,,coverage,failed,RuntimeError,Debug safety cap reached in trial 10. This usually means the allocator is stuck or returning no reachable goals.,,,,,,,,,,,,100000,,,,,,,,,,,,,,,,
11,PI,gilbert_elliot,pGG_0.88_pBB_0.92,19,361,4,,,pi_gilbert_elliott_drop_0_60_rho_0_8,,coverage,failed,RuntimeError,Debug safety cap reached in trial 11. This usually means the allocator is stuck or returning no reachable goals.,,,,,,,,,,,,100000,,,,,,,,,,,,,,,,
12,PI,gilbert_elliot,pGG_0.88_pBB_0.92,19,361,4,,,pi_gilbert_elliott_drop_0_60_rho_0_8,,coverage,completed,,,971,971,0,361,614,0,0,0,3169,5629,3877,,1019,2150,1990,1179,0,0,0.6011784772832998,8.778393351800554,0.0,1.2142121524201854,0.0,3.2659279778393353,collision_intent:1019;pi_entry:1179;state:971,326,928,0.29016620498614953
13,PI,gilbert_elliot,pGG_0.88_pBB_0.92,19,361,4,,,pi_gilbert_elliott_drop_0_60_rho_0_8,,coverage,completed,,,760,760,0,361,403,0,0,0,2891,4908,3765,,791,2100,1551,1340,0,0,0.5976190476190476,8.00831024930748,0.0,1.763157894736842,0.0,3.7119113573407203,collision_intent:791;pi_entry:1340;state:760,300,925,0.3054016620498614
14,PI,gilbert_elliot,pGG_0.88_pBB_0.92,19,361,4,,,pi_gilbert_elliott_drop_0_60_rho_0_8,,coverage,failed,RuntimeError,Debug safety cap reached in trial 14. This usually means the allocator is stuck or returning no reachable goals.,,,,,,,,,,,,100000,,,,,,,,,,,,,,,,
15,PI,gilbert_elliot,pGG_0.88_pBB_0.92,19,361,4,,,pi_gilbert_elliott_drop_0_60_rho_0_8,,coverage,failed,RuntimeError,Debug safety cap reached in trial 15. This usually means the allocator is stuck or returning no reachable goals.,,,,,,,,,,,,100000,,,,,,,,,,,,,,,,
16,PI,gilbert_elliot,pGG_0.88_pBB_0.92,19,361,4,,,pi_gilbert_elliott_drop_0_60_rho_0_8,,coverage,completed,,,609,609,0,361,252,0,0,0,2549,4136,3509,,618,1931,1227,1322,0,0,0.6059402521153514,7.0609418282548475,0.0,2.1707717569786533,0.0,3.662049861495845,collision_intent:618;pi_entry:1322;state:609,330,987,0.6267313019390581
17,PI,gilbert_elliot,pGG_0.88_pBB_0.92,19,361,4,,,pi_gilbert_elliott_drop_0_60_rho_0_8,,coverage,completed,,,581,581,0,361,224,0,0,0,2450,4083,3267,,601,1849,1182,1268,0,0,0.588967009194159,6.786703601108033,0.0,2.1824440619621344,0.0,3.512465373961219,collision_intent:601;pi_entry:1268;state:581,294,892,0.5353185595567866
18,PI,gilbert_elliot,pGG_0.88_pBB_0.92,19,361,4,,,pi_gilbert_elliott_drop_0_60_rho_0_8,,coverage,failed,RuntimeError,Debug safety cap reached in trial 18. This usually means the allocator is stuck or returning no reachable goals.,,,,,,,,,,,,100000,,,,,,,,,,,,,,,,
19,PI,gilbert_elliot,pGG_0.88_pBB_0.92,19,361,4,,,pi_gilbert_elliott_drop_0_60_rho_0_8,,coverage,failed,RuntimeError,Debug safety cap reached in trial 19. This usually means the allocator is stuck or returning no reachable goals.,,,,,,,,,,,,100000,,,,,,,,,,,,,,,,
20,PI,gilbert_elliot,pGG_0.88_pBB_0.92,19,361,4,,,pi_gilbert_elliott_drop_0_60_rho_0_8,,coverage,failed,RuntimeError,Debug safety cap reached in trial 20. This usually means the allocator is stuck or returning no reachable goals.,,,,,,,,,,,,100000,,,,,,,,,,,,,,,,
21,PI,gilbert_elliot,pGG_0.88_pBB_0.92,19,361,4,,,pi_gilbert_elliott_drop_0_60_rho_0_8,,coverage,completed,,,603,603,0,361,246,0,0,0,2420,4142,3117,,610,1810,1213,1207,0,0,0.5741388837723338,6.703601108033241,0.0,2.001658374792703,0.0,3.343490304709141,collision_intent:610;pi_entry:1207;state:603,300,886,0.5034626038781163
22,PI,gilbert_elliot,pGG_0.88_pBB_0.92,19,361,4,,,pi_gilbert_elliott_drop_0_60_rho_0_8,,coverage,completed,,,921,921,0,361,564,0,0,0,2943,5373,3455,,972,1971,1893,1050,0,0,0.584404600811908,8.152354570637119,0.0,1.1400651465798046,0.0,2.9085872576177287,collision_intent:972;pi_clear_path:1;pi_entry:1049;state:921,248,773,0.09072022160664828
23,PI,gilbert_elliot,pGG_0.88_pBB_0.92,19,361,4,,,pi_gilbert_elliott_drop_0_60_rho_0_8,,coverage,completed,,,588,588,0,361,231,0,0,0,2199,3761,2834,,606,1593,1194,1005,0,0,0.5932593678040611,6.091412742382271,0.0,1.7091836734693877,0.0,2.78393351800554,collision_intent:606;pi_entry:1005;state:588,256,765,0.4009695290858726
24,PI,gilbert_elliot,pGG_0.88_pBB_0.92,19,361,4,,,pi_gilbert_elliott_drop_0_60_rho_0_8,,coverage,completed,,,791,791,0,361,434,0,0,0,2575,4495,3230,,812,1763,1603,972,0,0,0.6107014558517678,7.132963988919667,0.0,1.2288242730720607,0.0,2.6925207756232687,collision_intent:812;pi_clear_path:1;pi_entry:971;state:791,260,768,0.3095567867036011
25,PI,gilbert_elliot,pGG_0.88_pBB_0.92,19,361,4,,,pi_gilbert_elliott_drop_0_60_rho_0_8,,coverage,completed,,,653,653,0,361,296,0,0,0,2311,3802,3129,,663,1648,1316,995,0,0,0.6331444759206799,6.401662049861496,0.0,1.5237366003062787,0.0,2.7562326869806095,collision_intent:663;pi_entry:995;state:653,324,959,0.5810249307479225
26,PI,gilbert_elliot,pGG_0.88_pBB_0.92,19,361,4,,,pi_gilbert_elliott_drop_0_60_rho_0_8,,coverage,completed,,,601,601,0,361,244,0,0,0,2507,4192,3327,,616,1891,1217,1290,0,0,0.5866690178099101,6.944598337950138,0.0,2.146422628951747,0.0,3.5734072022160666,collision_intent:616;pi_entry:1290;state:601,312,922,0.48130193905817165
27,PI,gilbert_elliot,pGG_0.88_pBB_0.92,19,361,4,,,pi_gilbert_elliott_drop_0_60_rho_0_8,,coverage,completed,,,709,709,0,361,352,0,0,0,2569,4397,3308,,735,1834,1444,1125,0,0,0.6014545454545455,7.116343490304709,0.0,1.5867418899858956,0.0,3.1163434903047094,collision_intent:735;pi_entry:1125;state:709,286,838,0.33033240997229907
28,PI,gilbert_elliot,pGG_0.88_pBB_0.92,19,361,4,,,pi_gilbert_elliott_drop_0_60_rho_0_8,,coverage,failed,RuntimeError,Debug safety cap reached in trial 28. This usually means the allocator is stuck or returning no reachable goals.,,,,,,,,,,,,100000,,,,,,,,,,,,,,,,
29,PI,gilbert_elliot,pGG_0.88_pBB_0.92,19,361,4,,,pi_gilbert_elliott_drop_0_60_rho_0_8,,coverage,completed,,,613,613,0,361,256,0,0,0,2418,4042,3211,,636,1782,1249,1169,0,0,0.6007483629560336,6.698060941828255,0.0,1.9070146818923328,0.0,3.2382271468144044,collision_intent:636;pi_entry:1169;state:613,280,836,0.42174515235457055
30,PI,gilbert_elliot,pGG_0.88_pBB_0.92,19,361,4,,,pi_gilbert_elliott_drop_0_60_rho_0_8,,coverage,completed,,,682,682,0,361,325,0,0,0,2342,4019,3005,,695,1647,1377,965,0,0,0.6084227576432476,6.487534626038781,0.0,1.4149560117302054,0.0,2.673130193905817,collision_intent:695;pi_entry:965;state:682,293,866,0.4674515235457064
31,PI,gilbert_elliot,pGG_0.88_pBB_0.92,19,361,4,,,pi_gilbert_elliott_drop_0_60_rho_0_8,,coverage,completed,,,622,622,0,361,265,0,0,0,2678,4373,3660,,644,2034,1266,1412,0,0,0.599901655466317,7.418282548476454,0.0,2.270096463022508,0.0,3.9113573407202216,collision_intent:644;pi_clear_path:1;pi_entry:1411;state:622,273,892,0.43282548476454297
32,PI,gilbert_elliot,pGG_0.88_pBB_0.92,19,361,4,,,pi_gilbert_elliott_drop_0_60_rho_0_8,,coverage,completed,,,641,641,0,361,284,0,0,0,2390,3970,3199,,668,1722,1309,1081,0,0,0.6193610842207163,6.620498614958449,0.0,1.686427457098284,0.0,2.994459833795014,collision_intent:668;pi_clear_path:2;pi_entry:1079;state:641,280,824,0.41204986149584477
33,PI,gilbert_elliot,pGG_0.88_pBB_0.92,19,361,4,,,pi_gilbert_elliott_drop_0_60_rho_0_8,,coverage,failed,RuntimeError,Debug safety cap reached in trial 33. This usually means the allocator is stuck or returning no reachable goals.,,,,,,,,,,,,100000,,,,,,,,,,,,,,,,
34,PI,gilbert_elliot,pGG_0.88_pBB_0.92,19,361,4,,,pi_gilbert_elliott_drop_0_60_rho_0_8,,coverage,completed,,,565,565,0,361,208,0,0,0,2280,3868,2971,,582,1698,1147,1133,0,0,0.5833496956607108,6.315789473684211,0.0,2.005309734513274,0.0,3.1385041551246537,collision_intent:582;pi_entry:1133;state:565,282,834,0.48684210526315796
35,PI,gilbert_elliot,pGG_0.88_pBB_0.92,19,361,4,,,pi_gilbert_elliott_drop_0_60_rho_0_8,,coverage,completed,,,640,640,0,361,283,0,0,0,2403,3865,3338,,655,1748,1295,1108,0,0,0.6369013547033009,6.6565096952908585,0.0,1.73125,0.0,3.069252077562327,collision_intent:655;pi_clear_path:1;pi_entry:1107;state:640,289,840,0.43144044321329633
36,PI,gilbert_elliot,pGG_0.88_pBB_0.92,19,361,4,,,pi_gilbert_elliott_drop_0_60_rho_0_8,,coverage,failed,RuntimeError,Debug safety cap reached in trial 36. This usually means the allocator is stuck or returning no reachable goals.,,,,,,,,,,,,100000,,,,,,,,,,,,,,,,
37,PI,gilbert_elliot,pGG_0.88_pBB_0.92,19,361,4,,,pi_gilbert_elliott_drop_0_60_rho_0_8,,coverage,completed,,,635,635,0,361,278,0,0,0,2403,4107,3101,,651,1752,1286,1117,0,0,0.590104662226451,6.6565096952908585,0.0,1.7590551181102363,0.0,3.0941828254847645,collision_intent:651;pi_entry:1117;state:635,285,832,0.35803324099723
38,PI,gilbert_elliot,pGG_0.88_pBB_0.92,19,361,4,,,pi_gilbert_elliott_drop_0_60_rho_0_8,,coverage,completed,,,678,678,0,361,321,0,0,0,2673,4454,3563,,700,1973,1378,1295,0,0,0.602163258407977,7.404432132963989,0.0,1.9100294985250736,0.0,3.587257617728532,collision_intent:700;pi_entry:1295;state:678,333,1072,0.6281163434903048
39,PI,gilbert_elliot,pGG_0.88_pBB_0.92,19,361,4,,,pi_gilbert_elliott_drop_0_60_rho_0_8,,coverage,completed,,,744,744,0,361,387,0,0,0,2588,4472,3290,,777,1811,1521,1067,0,0,0.6057816240103112,7.1689750692520775,0.0,1.4341397849462365,0.0,2.955678670360111,collision_intent:777;pi_entry:1067;state:744,248,761,0.2596952908587258
40,PI,gilbert_elliot,pGG_0.88_pBB_0.92,19,361,4,,,pi_gilbert_elliott_drop_0_60_rho_0_8,,coverage,completed,,,887,887,0,361,530,0,0,0,2590,4838,2931,,913,1677,1800,790,0,0,0.5827037773359841,7.174515235457064,0.0,0.8906426155580609,0.0,2.188365650969529,collision_intent:913;pi_entry:790;state:887,225,655,0.06440443213296398
41,PI,gilbert_elliot,pGG_0.88_pBB_0.92,19,361,4,,,pi_gilbert_elliott_drop_0_60_rho_0_8,,coverage,failed,RuntimeError,Debug safety cap reached in trial 41. This usually means the allocator is stuck or returning no reachable goals.,,,,,,,,,,,,100000,,,,,,,,,,,,,,,,
42,PI,gilbert_elliot,pGG_0.88_pBB_0.92,19,361,4,,,pi_gilbert_elliott_drop_0_60_rho_0_8,,coverage,failed,RuntimeError,Debug safety cap reached in trial 42. This usually means the allocator is stuck or returning no reachable goals.,,,,,,,,,,,,100000,,,,,,,,,,,,,,,,
43,PI,gilbert_elliot,pGG_0.88_pBB_0.92,19,361,4,,,pi_gilbert_elliott_drop_0_60_rho_0_8,,coverage,completed,,,952,952,0,361,595,0,0,0,2798,5072,3320,,987,1811,1939,859,0,0,0.6113054686061499,7.750692520775623,0.0,0.9023109243697479,0.0,2.3795013850415514,collision_intent:987;pi_entry:859;state:952,245,705,0.13781163434903054
44,PI,gilbert_elliot,pGG_0.88_pBB_0.92,19,361,4,,,pi_gilbert_elliott_drop_0_60_rho_0_8,,coverage,failed,RuntimeError,Debug safety cap reached in trial 44. This usually means the allocator is stuck or returning no reachable goals.,,,,,,,,,,,,100000,,,,,,,,,,,,,,,,
45,PI,gilbert_elliot,pGG_0.88_pBB_0.92,19,361,4,,,pi_gilbert_elliott_drop_0_60_rho_0_8,,coverage,completed,,,586,586,0,361,229,0,0,0,2324,3804,3168,,601,1723,1187,1137,0,0,0.6128845037724898,6.437673130193906,0.0,1.9402730375426622,0.0,3.149584487534626,collision_intent:601;pi_entry:1137;state:586,283,835,0.49792243767313016
46,PI,gilbert_elliot,pGG_0.88_pBB_0.92,19,361,4,,,pi_gilbert_elliott_drop_0_60_rho_0_8,,coverage,failed,RuntimeError,Debug safety cap reached in trial 46. This usually means the allocator is stuck or returning no reachable goals.,,,,,,,,,,,,100000,,,,,,,,,,,,,,,,
47,PI,gilbert_elliot,pGG_0.88_pBB_0.92,19,361,4,,,pi_gilbert_elliott_drop_0_60_rho_0_8,,coverage,completed,,,634,634,0,361,277,0,0,0,2308,3933,2990,,639,1669,1273,1035,0,0,0.5972832600878946,6.393351800554017,0.0,1.6324921135646688,0.0,2.8670360110803323,collision_intent:639;pi_entry:1035;state:634,350,1048,0.7056786703601108
48,PI,gilbert_elliot,pGG_0.88_pBB_0.92,19,361,4,,,pi_gilbert_elliott_drop_0_60_rho_0_8,,coverage,failed,RuntimeError,Debug safety cap reached in trial 48. This usually means the allocator is stuck or returning no reachable goals.,,,,,,,,,,,,100000,,,,,,,,,,,,,,,,
49,PI,gilbert_elliot,pGG_0.88_pBB_0.92,19,361,4,,,pi_gilbert_elliott_drop_0_60_rho_0_8,,coverage,failed,RuntimeError,Debug safety cap reached in trial 49. This usually means the allocator is stuck or returning no reachable goals.,,,,,,,,,,,,100000,,,,,,,,,,,,,,,,
50,PI,gilbert_elliot,pGG_0.88_pBB_0.92,19,361,4,,,pi_gilbert_elliott_drop_0_60_rho_0_8,,coverage,completed,,,770,770,0,361,413,0,0,0,2469,4464,2941,,809,1660,1579,890,0,0,0.5907995178786661,6.839335180055402,0.0,1.155844155844156,0.0,2.4653739612188366,collision_intent:809;pi_entry:890;state:770,240,716,0.22506925207756234
51,PI,gilbert_elliot,pGG_0.88_pBB_0.92,19,361,4,,,pi_gilbert_elliott_drop_0_60_rho_0_8,,coverage,completed,,,564,564,0,361,207,0,0,0,2327,4051,2928,,578,1749,1142,1185,0,0,0.5582459485224023,6.445983379501385,0.0,2.101063829787234,0.0,3.2825484764542936,collision_intent:578;pi_clear_path:1;pi_entry:1184;state:564,281,834,0.5006925207756232
52,PI,gilbert_elliot,pGG_0.88_pBB_0.92,19,361,4,,,pi_gilbert_elliott_drop_0_60_rho_0_8,,coverage,completed,,,618,618,0,361,261,0,0,0,2458,4185,3189,,632,1826,1250,1208,0,0,0.5821467688937568,6.808864265927978,0.0,1.9546925566343043,0.0,3.3462603878116344,collision_intent:632;pi_clear_path:1;pi_entry:1207;state:618,299,881,0.456371191135734
53,PI,gilbert_elliot,pGG_0.88_pBB_0.92,19,361,4,,,pi_gilbert_elliott_drop_0_60_rho_0_8,,coverage,completed,,,853,853,0,361,496,0,0,0,3066,5206,3991,,862,2204,1715,1351,0,0,0.6036908183330812,8.493074792243767,0.0,1.5838218053927315,0.0,3.742382271468144,collision_intent:862;pi_entry:1351;state:853,432,1247,0.6890581717451523
54,PI,gilbert_elliot,pGG_0.88_pBB_0.92,19,361,4,,,pi_gilbert_elliott_drop_0_60_rho_0_8,,coverage,failed,RuntimeError,Debug safety cap reached in trial 54. This usually means the allocator is stuck or returning no reachable goals.,,,,,,,,,,,,100000,,,,,,,,,,,,,,,,
55,PI,gilbert_elliot,pGG_0.88_pBB_0.92,19,361,4,,,pi_gilbert_elliott_drop_0_60_rho_0_8,,coverage,failed,RuntimeError,Debug safety cap reached in trial 55. This usually means the allocator is stuck or returning no reachable goals.,,,,,,,,,,,,100000,,,,,,,,,,,,,,,,
56,PI,gilbert_elliot,pGG_0.88_pBB_0.92,19,361,4,,,pi_gilbert_elliott_drop_0_60_rho_0_8,,coverage,completed,,,686,686,0,361,329,0,0,0,2548,4418,3225,,705,1843,1391,1157,0,0,0.5833936324167872,7.058171745152355,0.0,1.686588921282799,0.0,3.2049861495844874,collision_intent:705;pi_clear_path:1;pi_entry:1156;state:686,286,844,0.39404432132963985
57,PI,gilbert_elliot,pGG_0.88_pBB_0.92,19,361,4,,,pi_gilbert_elliott_drop_0_60_rho_0_8,,coverage,completed,,,794,794,0,361,437,0,0,0,2587,4617,3142,,820,1767,1614,973,0,0,0.5929420645404794,7.166204986149585,0.0,1.2254408060453401,0.0,2.6952908587257616,collision_intent:820;pi_entry:973;state:794,268,780,0.29155124653739617
58,PI,gilbert_elliot,pGG_0.88_pBB_0.92,19,361,4,,,pi_gilbert_elliott_drop_0_60_rho_0_8,,coverage,completed,,,671,671,0,361,314,0,0,0,2382,4173,2972,,693,1689,1364,1018,0,0,0.5866561389656534,6.598337950138504,0.0,1.5171385991058122,0.0,2.8199445983379503,collision_intent:693;pi_entry:1018;state:671,261,771,0.30124653739612195
59,PI,gilbert_elliot,pGG_0.88_pBB_0.92,19,361,4,,,pi_gilbert_elliott_drop_0_60_rho_0_8,,coverage,completed,,,705,705,0,361,348,0,0,0,2767,4780,3521,,739,2028,1444,1323,0,0,0.5787310979618672,7.664819944598338,0.0,1.876595744680851,0.0,3.664819944598338,collision_intent:739;pi_entry:1323;state:705,301,929,0.32340720221606656
60,PI,gilbert_elliot,pGG_0.88_pBB_0.92,19,361,4,,,pi_gilbert_elliott_drop_0_60_rho_0_8,,coverage,failed,RuntimeError,Debug safety cap reached in trial 60. This usually means the allocator is stuck or returning no reachable goals.,,,,,,,,,,,,100000,,,,,,,,,,,,,,,,
61,PI,gilbert_elliot,pGG_0.88_pBB_0.92,19,361,4,,,pi_gilbert_elliott_drop_0_60_rho_0_8,,coverage,failed,RuntimeError,Debug safety cap reached in trial 61. This usually means the allocator is stuck or returning no reachable goals.,,,,,,,,,,,,100000,,,,,,,,,,,,,,,,
62,PI,gilbert_elliot,pGG_0.88_pBB_0.92,19,361,4,,,pi_gilbert_elliott_drop_0_60_rho_0_8,,coverage,completed,,,590,590,0,361,233,0,0,0,2379,4101,3035,,599,1780,1189,1190,0,0,0.568458512830118,6.590027700831025,0.0,2.016949152542373,0.0,3.296398891966759,collision_intent:599;pi_entry:1190;state:590,288,846,0.4785318559556786
63,PI,gilbert_elliot,pGG_0.88_pBB_0.92,19,361,4,,,pi_gilbert_elliott_drop_0_60_rho_0_8,,coverage,failed,RuntimeError,Debug safety cap reached in trial 63. This usually means the allocator is stuck or returning no reachable goals.,,,,,,,,,,,,100000,,,,,,,,,,,,,,,,
64,PI,gilbert_elliot,pGG_0.88_pBB_0.92,19,361,4,,,pi_gilbert_elliott_drop_0_60_rho_0_8,,coverage,completed,,,599,599,0,361,242,0,0,0,2392,3991,3184,,622,1770,1221,1171,0,0,0.5997362968543982,6.626038781163435,0.0,1.9549248747913188,0.0,3.2437673130193905,collision_intent:622;pi_clear_path:1;pi_entry:1170;state:599,286,860,0.5145429362880887
65,PI,gilbert_elliot,pGG_0.88_pBB_0.92,19,361,4,,,pi_gilbert_elliott_drop_0_60_rho_0_8,,coverage,completed,,,754,754,0,361,397,0,0,0,2349,4349,2697,,780,1569,1534,815,0,0,0.5730981725456864,6.5069252077562325,0.0,1.0809018567639257,0.0,2.257617728531856,collision_intent:780;pi_entry:815;state:754,217,644,0.12673130193905813
66,PI,gilbert_elliot,pGG_0.88_pBB_0.92,19,361,4,,,pi_gilbert_elliott_drop_0_60_rho_0_8,,coverage,failed,RuntimeError,Debug safety cap reached in trial 66. This usually means the allocator is stuck or returning no reachable goals.,,,,,,,,,,,,100000,,,,,,,,,,,,,,,,
67,PI,gilbert_elliot,pGG_0.88_pBB_0.92,19,361,4,,,pi_gilbert_elliott_drop_0_60_rho_0_8,,coverage,failed,RuntimeError,Debug safety cap reached in trial 67. This usually means the allocator is stuck or returning no reachable goals.,,,,,,,,,,,,100000,,,,,,,,,,,,,,,,
68,PI,gilbert_elliot,pGG_0.88_pBB_0.92,19,361,4,,,pi_gilbert_elliott_drop_0_60_rho_0_8,,coverage,failed,RuntimeError,Debug safety cap reached in trial 68. This usually means the allocator is stuck or returning no reachable goals.,,,,,,,,,,,,100000,,,,,,,,,,,,,,,,
69,PI,gilbert_elliot,pGG_0.88_pBB_0.92,19,361,4,,,pi_gilbert_elliott_drop_0_60_rho_0_8,,coverage,failed,RuntimeError,Debug safety cap reached in trial 69. This usually means the allocator is stuck or returning no reachable goals.,,,,,,,,,,,,100000,,,,,,,,,,,,,,,,
70,PI,gilbert_elliot,pGG_0.88_pBB_0.92,19,361,4,,,pi_gilbert_elliott_drop_0_60_rho_0_8,,coverage,failed,RuntimeError,Debug safety cap reached in trial 70. This usually means the allocator is stuck or returning no reachable goals.,,,,,,,,,,,,100000,,,,,,,,,,,,,,,,
71,PI,gilbert_elliot,pGG_0.88_pBB_0.92,19,361,4,,,pi_gilbert_elliott_drop_0_60_rho_0_8,,coverage,failed,RuntimeError,Debug safety cap reached in trial 71. This usually means the allocator is stuck or returning no reachable goals.,,,,,,,,,,,,100000,,,,,,,,,,,,,,,,
72,PI,gilbert_elliot,pGG_0.88_pBB_0.92,19,361,4,,,pi_gilbert_elliott_drop_0_60_rho_0_8,,coverage,failed,RuntimeError,Debug safety cap reached in trial 72. This usually means the allocator is stuck or returning no reachable goals.,,,,,,,,,,,,100000,,,,,,,,,,,,,,,,
73,PI,gilbert_elliot,pGG_0.88_pBB_0.92,19,361,4,,,pi_gilbert_elliott_drop_0_60_rho_0_8,,coverage,failed,RuntimeError,Debug safety cap reached in trial 73. This usually means the allocator is stuck or returning no reachable goals.,,,,,,,,,,,,100000,,,,,,,,,,,,,,,,
74,PI,gilbert_elliot,pGG_0.88_pBB_0.92,19,361,4,,,pi_gilbert_elliott_drop_0_60_rho_0_8,,coverage,failed,RuntimeError,Debug safety cap reached in trial 74. This usually means the allocator is stuck or returning no reachable goals.,,,,,,,,,,,,100000,,,,,,,,,,,,,,,,
75,PI,gilbert_elliot,pGG_0.88_pBB_0.92,19,361,4,,,pi_gilbert_elliott_drop_0_60_rho_0_8,,coverage,completed,,,685,685,0,361,328,0,0,0,2495,4265,3218,,704,1791,1389,1106,0,0,0.5991435486873953,6.911357340720222,0.0,1.6145985401459855,0.0,3.063711911357341,collision_intent:704;pi_entry:1106;state:685,281,837,0.39404432132963985
76,PI,gilbert_elliot,pGG_0.88_pBB_0.92,19,361,4,,,pi_gilbert_elliott_drop_0_60_rho_0_8,,coverage,completed,,,632,632,0,361,275,0,0,0,2528,4273,3310,,657,1871,1289,1239,0,0,0.589807555238774,7.002770083102493,0.0,1.9604430379746836,0.0,3.4321329639889195,collision_intent:657;pi_entry:1239;state:632,244,796,0.28462603878116344
77,PI,gilbert_elliot,pGG_0.88_pBB_0.92,19,361,4,,,pi_gilbert_elliott_drop_0_60_rho_0_8,,coverage,completed,,,732,732,0,361,375,0,0,0,2516,4388,3158,,758,1758,1490,1026,0,0,0.5990136570561456,6.969529085872576,0.0,1.401639344262295,0.0,2.8421052631578947,collision_intent:758;pi_clear_path:1;pi_entry:1025;state:732,267,789,0.30124653739612195
78,PI,gilbert_elliot,pGG_0.88_pBB_0.92,19,361,4,,,pi_gilbert_elliott_drop_0_60_rho_0_8,,coverage,failed,RuntimeError,Debug safety cap reached in trial 78. This usually means the allocator is stuck or returning no reachable goals.,,,,,,,,,,,,100000,,,,,,,,,,,,,,,,
79,PI,gilbert_elliot,pGG_0.88_pBB_0.92,19,361,4,,,pi_gilbert_elliott_drop_0_60_rho_0_8,,coverage,completed,,,603,603,0,361,246,0,0,0,2418,3899,3353,,617,1801,1220,1198,0,0,0.6208109609331606,6.698060941828255,0.0,1.9867330016583749,0.0,3.3185595567867034,collision_intent:617;pi_entry:1198;state:603,300,900,0.5048476454293629
80,PI,gilbert_elliot,pGG_0.88_pBB_0.92,19,361,4,,,pi_gilbert_elliott_drop_0_60_rho_0_8,,coverage,completed,,,622,622,0,361,265,0,0,0,2503,4150,3357,,635,1868,1257,1246,0,0,0.5992502677615138,6.933518005540166,0.0,2.0032154340836015,0.0,3.451523545706371,collision_intent:635;pi_entry:1246;state:622,303,889,0.4826869806094183
81,PI,gilbert_elliot,pGG_0.88_pBB_0.92,19,361,4,,,pi_gilbert_elliott_drop_0_60_rho_0_8,,coverage,completed,,,750,750,0,361,393,0,0,0,2764,4643,3647,,805,1959,1555,1209,0,0,0.6207659574468085,7.6565096952908585,0.0,1.612,0.0,3.3490304709141276,collision_intent:805;pi_clear_path:1;pi_entry:1208;state:750,280,867,0.26246537396121883
82,PI,gilbert_elliot,pGG_0.88_pBB_0.92,19,361,4,,,pi_gilbert_elliott_drop_0_60_rho_0_8,,coverage,failed,RuntimeError,Debug safety cap reached in trial 82. This usually means the allocator is stuck or returning no reachable goals.,,,,,,,,,,,,100000,,,,,,,,,,,,,,,,
83,PI,gilbert_elliot,pGG_0.88_pBB_0.92,19,361,4,,,pi_gilbert_elliott_drop_0_60_rho_0_8,,coverage,failed,RuntimeError,Debug safety cap reached in trial 83. This usually means the allocator is stuck or returning no reachable goals.,,,,,,,,,,,,100000,,,,,,,,,,,,,,,,
84,PI,gilbert_elliot,pGG_0.88_pBB_0.92,19,361,4,,,pi_gilbert_elliott_drop_0_60_rho_0_8,,coverage,failed,RuntimeError,Debug safety cap reached in trial 84. This usually means the allocator is stuck or returning no reachable goals.,,,,,,,,,,,,100000,,,,,,,,,,,,,,,,
85,PI,gilbert_elliot,pGG_0.88_pBB_0.92,19,361,4,,,pi_gilbert_elliott_drop_0_60_rho_0_8,,coverage,failed,RuntimeError,Debug safety cap reached in trial 85. This usually means the allocator is stuck or returning no reachable goals.,,,,,,,,,,,,100000,,,,,,,,,,,,,,,,
86,PI,gilbert_elliot,pGG_0.88_pBB_0.92,19,361,4,,,pi_gilbert_elliott_drop_0_60_rho_0_8,,coverage,completed,,,730,730,0,361,373,0,0,0,2484,4281,3168,,749,1735,1479,1005,0,0,0.6089965397923875,6.880886426592798,0.0,1.3767123287671232,0.0,2.78393351800554,collision_intent:749;pi_entry:1005;state:730,268,770,0.28462603878116344
87,PI,gilbert_elliot,pGG_0.88_pBB_0.92,19,361,4,,,pi_gilbert_elliott_drop_0_60_rho_0_8,,coverage,completed,,,767,767,0,361,410,0,0,0,2546,4723,2915,,800,1746,1567,979,0,0,0.5565101183657885,7.052631578947368,0.0,1.2764015645371578,0.0,2.7119113573407203,collision_intent:800;pi_entry:979;state:767,262,755,0.09903047091412742
88,PI,gilbert_elliot,pGG_0.88_pBB_0.92,19,361,4,,,pi_gilbert_elliott_drop_0_60_rho_0_8,,coverage,completed,,,891,891,0,361,534,0,0,0,3004,5027,3983,,911,2093,1802,1202,0,0,0.6345387924167596,8.321329639889196,0.0,1.3490460157126825,0.0,3.329639889196676,collision_intent:911;pi_entry:1202;state:891,321,966,0.45360110803324094
89,PI,gilbert_elliot,pGG_0.88_pBB_0.92,19,361,4,,,pi_gilbert_elliott_drop_0_60_rho_0_8,,coverage,failed,RuntimeError,Debug safety cap reached in trial 89. This usually means the allocator is stuck or returning no reachable goals.,,,,,,,,,,,,100000,,,,,,,,,,,,,,,,
90,PI,gilbert_elliot,pGG_0.88_pBB_0.92,19,361,4,,,pi_gilbert_elliott_drop_0_60_rho_0_8,,coverage,completed,,,674,674,0,361,317,0,0,0,2615,4342,3501,,689,1926,1363,1252,0,0,0.6061288088642659,7.243767313019391,0.0,1.857566765578635,0.0,3.46814404432133,collision_intent:689;pi_entry:1252;state:674,309,912,0.42728531855955687
91,PI,gilbert_elliot,pGG_0.88_pBB_0.92,19,361,4,,,pi_gilbert_elliott_drop_0_60_rho_0_8,,coverage,completed,,,610,610,0,361,253,0,0,0,2417,4129,3120,,626,1791,1236,1181,0,0,0.5808974120275554,6.695290858725762,0.0,1.9360655737704917,0.0,3.2714681440443214,collision_intent:626;pi_entry:1181;state:610,290,869,0.5422437673130194
92,PI,gilbert_elliot,pGG_0.88_pBB_0.92,19,361,4,,,pi_gilbert_elliott_drop_0_60_rho_0_8,,coverage,completed,,,718,718,0,361,361,0,0,0,2623,4519,3349,,742,1881,1460,1163,0,0,0.5935838355193194,7.265927977839335,0.0,1.6197771587743732,0.0,3.221606648199446,collision_intent:742;pi_entry:1163;state:718,285,839,0.3649584487534625
93,PI,gilbert_elliot,pGG_0.88_pBB_0.92,19,361,4,,,pi_gilbert_elliott_drop_0_60_rho_0_8,,coverage,failed,RuntimeError,Debug safety cap reached in trial 93. This usually means the allocator is stuck or returning no reachable goals.,,,,,,,,,,,,100000,,,,,,,,,,,,,,,,
94,PI,gilbert_elliot,pGG_0.88_pBB_0.92,19,361,4,,,pi_gilbert_elliott_drop_0_60_rho_0_8,,coverage,completed,,,636,636,0,361,279,0,0,0,2352,3924,3132,,651,1701,1287,1065,0,0,0.6137566137566137,6.515235457063712,0.0,1.6745283018867925,0.0,2.9501385041551247,collision_intent:651;pi_entry:1065;state:636,275,814,0.40512465373961226
95,PI,gilbert_elliot,pGG_0.88_pBB_0.92,19,361,4,,,pi_gilbert_elliott_drop_0_60_rho_0_8,,coverage,failed,RuntimeError,Debug safety cap reached in trial 95. This usually means the allocator is stuck or returning no reachable goals.,,,,,,,,,,,,100000,,,,,,,,,,,,,,,,
96,PI,gilbert_elliot,pGG_0.88_pBB_0.92,19,361,4,,,pi_gilbert_elliott_drop_0_60_rho_0_8,,coverage,failed,RuntimeError,Debug safety cap reached in trial 96. This usually means the allocator is stuck or returning no reachable goals.,,,,,,,,,,,,100000,,,,,,,,,,,,,,,,
97,PI,gilbert_elliot,pGG_0.88_pBB_0.92,19,361,4,,,pi_gilbert_elliott_drop_0_60_rho_0_8,,coverage,failed,RuntimeError,Debug safety cap reached in trial 97. This usually means the allocator is stuck or returning no reachable goals.,,,,,,,,,,,,100000,,,,,,,,,,,,,,,,
98,PI,gilbert_elliot,pGG_0.88_pBB_0.92,19,361,4,,,pi_gilbert_elliott_drop_0_60_rho_0_8,,coverage,failed,RuntimeError,Debug safety cap reached in trial 98. This usually means the allocator is stuck or returning no reachable goals.,,,,,,,,,,,,100000,,,,,,,,,,,,,,,,
99,PI,gilbert_elliot,pGG_0.88_pBB_0.92,19,361,4,,,pi_gilbert_elliott_drop_0_60_rho_0_8,,coverage,failed,RuntimeError,Debug safety cap reached in trial 99. This usually means the allocator is stuck or returning no reachable goals.,,,,,,,,,,,,100000,,,,,,,,,,,,,,,,
