trial_id,algorithm,comm_model,comm_level,grid_size,grid_cells,robot_count,target_cells_per_robot,actual_cells_per_robot,condition_id,scenario_file,trial_mode,robot_id,steps_total,steps_after_first_clue,unique_cells_contributed,system_revisits_by_robot,task_cell_replans,path_replans,collision_prevention_events,messages_sent,protected_messages_sent,unprotected_messages_sent,core_messages_sent,allocation_messages_sent,post_clue_messages_sent,messages_sent_by_topic,messages_delivered_to_robot,messages_dropped_to_robot,trial_status
0,PI,gilbert_elliot,pGG_0.99_pBB_0.81,19,361,4,,,pi_gilbert_elliott_drop_0_05_rho_0_8,,coverage,00,103,0,102,2,0,0,0,307,103,204,206,101,0,collision_intent:103;pi_entry:101;state:103,877,15,completed
0,PI,gilbert_elliot,pGG_0.99_pBB_0.81,19,361,4,,,pi_gilbert_elliott_drop_0_05_rho_0_8,,coverage,01,98,0,76,23,0,0,0,290,105,185,203,87,0,collision_intent:105;pi_clear_path:1;pi_entry:86;state:98,857,51,completed
0,PI,gilbert_elliot,pGG_0.99_pBB_0.81,19,361,4,,,pi_gilbert_elliott_drop_0_05_rho_0_8,,coverage,02,100,0,88,13,0,0,0,295,102,193,202,93,0,collision_intent:102;pi_entry:93;state:100,867,37,completed
0,PI,gilbert_elliot,pGG_0.99_pBB_0.81,19,361,4,,,pi_gilbert_elliott_drop_0_05_rho_0_8,,coverage,03,104,0,95,10,0,0,0,307,105,202,209,98,0,collision_intent:105;pi_entry:98;state:104,888,3,completed
1,PI,gilbert_elliot,pGG_0.99_pBB_0.81,19,361,4,,,pi_gilbert_elliott_drop_0_05_rho_0_8,,coverage,00,106,0,88,19,0,0,0,327,113,214,219,108,0,collision_intent:113;pi_entry:108;state:106,909,36,completed
1,PI,gilbert_elliot,pGG_0.99_pBB_0.81,19,361,4,,,pi_gilbert_elliott_drop_0_05_rho_0_8,,coverage,01,105,0,67,39,0,0,0,301,109,192,214,87,0,collision_intent:109;pi_clear_path:1;pi_entry:86;state:105,925,46,completed
1,PI,gilbert_elliot,pGG_0.99_pBB_0.81,19,361,4,,,pi_gilbert_elliott_drop_0_05_rho_0_8,,coverage,02,111,0,107,5,0,0,0,329,111,218,222,107,0,collision_intent:111;pi_entry:107;state:111,930,14,completed
1,PI,gilbert_elliot,pGG_0.99_pBB_0.81,19,361,4,,,pi_gilbert_elliott_drop_0_05_rho_0_8,,coverage,03,106,0,99,8,0,0,0,316,109,207,215,101,0,collision_intent:109;pi_entry:101;state:106,923,33,completed
2,PI,gilbert_elliot,pGG_0.99_pBB_0.81,19,361,4,,,pi_gilbert_elliott_drop_0_05_rho_0_8,,coverage,00,104,0,72,33,0,0,0,305,106,199,210,95,0,collision_intent:106;pi_clear_path:2;pi_entry:93;state:104,894,53,completed
2,PI,gilbert_elliot,pGG_0.99_pBB_0.81,19,361,4,,,pi_gilbert_elliott_drop_0_05_rho_0_8,,coverage,01,109,0,96,14,0,0,0,317,110,207,219,98,0,collision_intent:110;pi_entry:98;state:109,906,28,completed
2,PI,gilbert_elliot,pGG_0.99_pBB_0.81,19,361,4,,,pi_gilbert_elliott_drop_0_05_rho_0_8,,coverage,02,107,0,92,16,0,0,0,312,108,204,215,97,0,collision_intent:108;pi_entry:97;state:107,912,27,completed
2,PI,gilbert_elliot,pGG_0.99_pBB_0.81,19,361,4,,,pi_gilbert_elliott_drop_0_05_rho_0_8,,coverage,03,107,0,101,7,0,0,0,318,108,210,215,103,0,collision_intent:108;pi_entry:103;state:107,914,19,completed
3,PI,gilbert_elliot,pGG_0.99_pBB_0.81,19,361,4,,,pi_gilbert_elliott_drop_0_05_rho_0_8,,coverage,00,109,0,78,32,0,0,0,311,122,189,231,80,0,collision_intent:122;pi_entry:80;state:109,977,13,completed
3,PI,gilbert_elliot,pGG_0.99_pBB_0.81,19,361,4,,,pi_gilbert_elliott_drop_0_05_rho_0_8,,coverage,01,112,0,92,21,0,0,0,325,115,210,227,98,0,collision_intent:115;pi_clear_path:2;pi_entry:96;state:112,974,2,completed
3,PI,gilbert_elliot,pGG_0.99_pBB_0.81,19,361,4,,,pi_gilbert_elliott_drop_0_05_rho_0_8,,coverage,02,113,0,87,27,0,0,0,329,118,211,231,98,0,collision_intent:118;pi_clear_path:2;pi_entry:96;state:113,916,56,completed
3,PI,gilbert_elliot,pGG_0.99_pBB_0.81,19,361,4,,,pi_gilbert_elliott_drop_0_05_rho_0_8,,coverage,03,113,0,104,10,0,0,0,337,116,221,229,108,0,collision_intent:116;pi_entry:108;state:113,935,30,completed
4,PI,gilbert_elliot,pGG_0.99_pBB_0.81,19,361,4,,,pi_gilbert_elliott_drop_0_05_rho_0_8,,coverage,00,113,0,72,42,0,0,0,330,119,211,232,98,0,collision_intent:119;pi_entry:98;state:113,954,43,completed
4,PI,gilbert_elliot,pGG_0.99_pBB_0.81,19,361,4,,,pi_gilbert_elliott_drop_0_05_rho_0_8,,coverage,01,116,0,105,12,0,0,0,334,118,216,234,100,0,collision_intent:118;pi_entry:100;state:116,982,12,completed
4,PI,gilbert_elliot,pGG_0.99_pBB_0.81,19,361,4,,,pi_gilbert_elliott_drop_0_05_rho_0_8,,coverage,02,116,0,92,25,0,0,0,324,121,203,237,87,0,collision_intent:121;pi_clear_path:1;pi_entry:86;state:116,991,13,completed
4,PI,gilbert_elliot,pGG_0.99_pBB_0.81,19,361,4,,,pi_gilbert_elliott_drop_0_05_rho_0_8,,coverage,03,115,0,92,24,0,0,0,340,118,222,233,107,0,collision_intent:118;pi_entry:107;state:115,966,21,completed
5,PI,gilbert_elliot,pGG_0.99_pBB_0.81,19,361,4,,,pi_gilbert_elliott_drop_0_05_rho_0_8,,coverage,00,101,0,102,0,0,0,0,305,103,202,204,101,0,collision_intent:103;pi_entry:101;state:101,854,27,completed
5,PI,gilbert_elliot,pGG_0.99_pBB_0.81,19,361,4,,,pi_gilbert_elliott_drop_0_05_rho_0_8,,coverage,01,98,0,77,22,0,0,0,278,100,178,198,80,0,collision_intent:100;pi_entry:80;state:98,902,5,completed
5,PI,gilbert_elliot,pGG_0.99_pBB_0.81,19,361,4,,,pi_gilbert_elliott_drop_0_05_rho_0_8,,coverage,02,101,0,85,17,0,0,0,299,102,197,203,96,0,collision_intent:102;pi_entry:96;state:101,836,50,completed
5,PI,gilbert_elliot,pGG_0.99_pBB_0.81,19,361,4,,,pi_gilbert_elliott_drop_0_05_rho_0_8,,coverage,03,102,0,97,6,0,0,0,304,103,201,205,99,0,collision_intent:103;pi_clear_path:1;pi_entry:98;state:102,859,22,completed
6,PI,gilbert_elliot,pGG_0.99_pBB_0.81,19,361,4,,,pi_gilbert_elliott_drop_0_05_rho_0_8,,coverage,00,99,0,100,0,0,0,0,300,101,199,200,100,0,collision_intent:101;pi_entry:100;state:99,833,38,completed
6,PI,gilbert_elliot,pGG_0.99_pBB_0.81,19,361,4,,,pi_gilbert_elliott_drop_0_05_rho_0_8,,coverage,01,98,0,85,14,0,0,0,290,100,190,198,92,0,collision_intent:100;pi_entry:92;state:98,819,63,completed
6,PI,gilbert_elliot,pGG_0.99_pBB_0.81,19,361,4,,,pi_gilbert_elliott_drop_0_05_rho_0_8,,coverage,02,97,0,84,14,0,0,0,287,98,189,195,92,0,collision_intent:98;pi_entry:92;state:97,855,29,completed
6,PI,gilbert_elliot,pGG_0.99_pBB_0.81,19,361,4,,,pi_gilbert_elliott_drop_0_05_rho_0_8,,coverage,03,99,0,92,8,0,0,0,295,100,195,199,96,0,collision_intent:100;pi_entry:96;state:99,861,15,completed
7,PI,gilbert_elliot,pGG_0.99_pBB_0.81,19,361,4,,,pi_gilbert_elliott_drop_0_05_rho_0_8,,coverage,00,103,0,88,16,0,0,0,304,111,193,214,90,0,collision_intent:111;pi_entry:90;state:103,873,61,completed
7,PI,gilbert_elliot,pGG_0.99_pBB_0.81,19,361,4,,,pi_gilbert_elliott_drop_0_05_rho_0_8,,coverage,01,106,0,84,23,0,0,0,306,107,199,213,93,0,collision_intent:107;pi_entry:93;state:106,905,26,completed
7,PI,gilbert_elliot,pGG_0.99_pBB_0.81,19,361,4,,,pi_gilbert_elliott_drop_0_05_rho_0_8,,coverage,02,103,0,92,12,0,0,0,313,106,207,209,104,0,collision_intent:106;pi_entry:104;state:103,899,25,completed
7,PI,gilbert_elliot,pGG_0.99_pBB_0.81,19,361,4,,,pi_gilbert_elliott_drop_0_05_rho_0_8,,coverage,03,107,0,97,11,0,0,0,315,109,206,216,99,0,collision_intent:109;pi_entry:99;state:107,913,10,completed
8,PI,gilbert_elliot,pGG_0.99_pBB_0.81,19,361,4,,,pi_gilbert_elliott_drop_0_05_rho_0_8,,coverage,00,106,0,77,30,0,0,0,311,111,200,217,94,0,collision_intent:111;pi_entry:94;state:106,907,46,completed
8,PI,gilbert_elliot,pGG_0.99_pBB_0.81,19,361,4,,,pi_gilbert_elliott_drop_0_05_rho_0_8,,coverage,01,107,0,86,22,0,0,0,313,113,200,220,93,0,collision_intent:113;pi_entry:93;state:107,928,23,completed
8,PI,gilbert_elliot,pGG_0.99_pBB_0.81,19,361,4,,,pi_gilbert_elliott_drop_0_05_rho_0_8,,coverage,02,110,0,102,9,0,0,0,325,110,215,220,105,0,collision_intent:110;pi_entry:105;state:110,887,52,completed
8,PI,gilbert_elliot,pGG_0.99_pBB_0.81,19,361,4,,,pi_gilbert_elliott_drop_0_05_rho_0_8,,coverage,03,106,0,96,11,0,0,0,316,110,206,216,100,0,collision_intent:110;pi_entry:100;state:106,933,16,completed
9,PI,gilbert_elliot,pGG_0.99_pBB_0.81,19,361,4,,,pi_gilbert_elliott_drop_0_05_rho_0_8,,coverage,00,96,0,88,9,0,0,0,284,96,188,192,92,0,collision_intent:96;pi_entry:92;state:96,833,18,completed
9,PI,gilbert_elliot,pGG_0.99_pBB_0.81,19,361,4,,,pi_gilbert_elliott_drop_0_05_rho_0_8,,coverage,01,95,0,86,10,0,0,0,282,96,186,191,91,0,collision_intent:96;pi_entry:91;state:95,845,8,completed
9,PI,gilbert_elliot,pGG_0.99_pBB_0.81,19,361,4,,,pi_gilbert_elliott_drop_0_05_rho_0_8,,coverage,02,97,0,93,5,0,0,0,285,97,188,194,91,0,collision_intent:97;pi_entry:91;state:97,838,13,completed
9,PI,gilbert_elliot,pGG_0.99_pBB_0.81,19,361,4,,,pi_gilbert_elliott_drop_0_05_rho_0_8,,coverage,03,95,0,94,2,0,0,0,285,95,190,190,95,0,collision_intent:95;pi_entry:95;state:95,799,51,completed
10,PI,gilbert_elliot,pGG_0.99_pBB_0.81,19,361,4,,,pi_gilbert_elliott_drop_0_05_rho_0_8,,coverage,00,98,0,99,0,0,0,0,293,98,195,196,97,0,collision_intent:98;pi_entry:97;state:98,822,28,completed
10,PI,gilbert_elliot,pGG_0.99_pBB_0.81,19,361,4,,,pi_gilbert_elliott_drop_0_05_rho_0_8,,coverage,01,92,0,80,13,0,0,0,278,96,182,188,90,0,collision_intent:96;pi_entry:90;state:92,817,47,completed
10,PI,gilbert_elliot,pGG_0.99_pBB_0.81,19,361,4,,,pi_gilbert_elliott_drop_0_05_rho_0_8,,coverage,02,97,0,92,6,0,0,0,285,97,188,194,91,0,collision_intent:97;pi_entry:91;state:97,836,21,completed
10,PI,gilbert_elliot,pGG_0.99_pBB_0.81,19,361,4,,,pi_gilbert_elliott_drop_0_05_rho_0_8,,coverage,03,94,0,90,5,0,0,0,287,99,188,193,94,0,collision_intent:99;pi_entry:94;state:94,851,4,completed
11,PI,gilbert_elliot,pGG_0.99_pBB_0.81,19,361,4,,,pi_gilbert_elliott_drop_0_05_rho_0_8,,coverage,00,115,0,97,19,0,0,0,334,116,218,231,103,0,collision_intent:116;pi_entry:103;state:115,952,34,completed
11,PI,gilbert_elliot,pGG_0.99_pBB_0.81,19,361,4,,,pi_gilbert_elliott_drop_0_05_rho_0_8,,coverage,01,116,0,101,16,0,0,0,337,116,221,232,105,0,collision_intent:116;pi_entry:105;state:116,958,24,completed
11,PI,gilbert_elliot,pGG_0.99_pBB_0.81,19,361,4,,,pi_gilbert_elliott_drop_0_05_rho_0_8,,coverage,02,111,0,81,31,0,0,0,324,121,203,232,92,0,collision_intent:121;pi_entry:92;state:111,957,39,completed
11,PI,gilbert_elliot,pGG_0.99_pBB_0.81,19,361,4,,,pi_gilbert_elliott_drop_0_05_rho_0_8,,coverage,03,114,0,82,33,0,0,0,325,115,210,229,96,0,collision_intent:115;pi_clear_path:1;pi_entry:95;state:114,976,18,completed
12,PI,gilbert_elliot,pGG_0.99_pBB_0.81,19,361,4,,,pi_gilbert_elliott_drop_0_05_rho_0_8,,coverage,00,104,0,85,20,0,0,0,302,107,195,211,91,0,collision_intent:107;pi_entry:91;state:104,894,21,completed
12,PI,gilbert_elliot,pGG_0.99_pBB_0.81,19,361,4,,,pi_gilbert_elliott_drop_0_05_rho_0_8,,coverage,01,105,0,99,7,0,0,0,316,108,208,213,103,0,collision_intent:108;pi_entry:103;state:105,878,22,completed
12,PI,gilbert_elliot,pGG_0.99_pBB_0.81,19,361,4,,,pi_gilbert_elliott_drop_0_05_rho_0_8,,coverage,02,102,0,83,20,0,0,0,290,103,187,205,85,0,collision_intent:103;pi_entry:85;state:102,900,26,completed
12,PI,gilbert_elliot,pGG_0.99_pBB_0.81,19,361,4,,,pi_gilbert_elliott_drop_0_05_rho_0_8,,coverage,03,105,0,94,12,0,0,0,309,109,200,214,95,0,collision_intent:109;pi_entry:95;state:105,891,16,completed
13,PI,gilbert_elliot,pGG_0.99_pBB_0.81,19,361,4,,,pi_gilbert_elliott_drop_0_05_rho_0_8,,coverage,00,108,0,91,18,0,0,0,314,110,204,218,96,0,collision_intent:110;pi_entry:96;state:108,921,13,completed
13,PI,gilbert_elliot,pGG_0.99_pBB_0.81,19,361,4,,,pi_gilbert_elliott_drop_0_05_rho_0_8,,coverage,01,107,0,83,25,0,0,0,307,109,198,216,91,0,collision_intent:109;pi_entry:91;state:107,916,26,completed
13,PI,gilbert_elliot,pGG_0.99_pBB_0.81,19,361,4,,,pi_gilbert_elliott_drop_0_05_rho_0_8,,coverage,02,108,0,99,10,0,0,0,316,108,208,216,100,0,collision_intent:108;pi_entry:100;state:108,901,31,completed
13,PI,gilbert_elliot,pGG_0.99_pBB_0.81,19,361,4,,,pi_gilbert_elliott_drop_0_05_rho_0_8,,coverage,03,108,0,88,21,0,0,0,312,110,202,218,94,0,collision_intent:110;pi_entry:94;state:108,900,36,completed
14,PI,gilbert_elliot,pGG_0.99_pBB_0.81,19,361,4,,,pi_gilbert_elliott_drop_0_05_rho_0_8,,coverage,00,112,0,100,13,0,0,0,328,113,215,225,103,0,collision_intent:113;pi_entry:103;state:112,883,74,completed
14,PI,gilbert_elliot,pGG_0.99_pBB_0.81,19,361,4,,,pi_gilbert_elliott_drop_0_05_rho_0_8,,coverage,01,108,0,86,23,0,0,0,317,112,205,220,97,0,collision_intent:112;pi_clear_path:1;pi_entry:96;state:108,947,21,completed
14,PI,gilbert_elliot,pGG_0.99_pBB_0.81,19,361,4,,,pi_gilbert_elliott_drop_0_05_rho_0_8,,coverage,02,112,0,100,13,0,0,0,327,114,213,226,101,0,collision_intent:114;pi_entry:101;state:112,938,21,completed
14,PI,gilbert_elliot,pGG_0.99_pBB_0.81,19,361,4,,,pi_gilbert_elliott_drop_0_05_rho_0_8,,coverage,03,110,0,75,36,0,0,0,314,112,202,222,92,0,collision_intent:112;pi_entry:92;state:110,911,60,completed
15,PI,gilbert_elliot,pGG_0.99_pBB_0.81,19,361,4,,,pi_gilbert_elliott_drop_0_05_rho_0_8,,coverage,00,102,0,99,4,0,0,0,301,102,199,204,97,0,collision_intent:102;pi_entry:97;state:102,864,32,completed
15,PI,gilbert_elliot,pGG_0.99_pBB_0.81,19,361,4,,,pi_gilbert_elliott_drop_0_05_rho_0_8,,coverage,01,99,0,84,16,0,0,0,296,104,192,203,93,0,collision_intent:104;pi_entry:93;state:99,870,31,completed
15,PI,gilbert_elliot,pGG_0.99_pBB_0.81,19,361,4,,,pi_gilbert_elliott_drop_0_05_rho_0_8,,coverage,02,101,0,79,23,0,0,0,293,102,191,203,90,0,collision_intent:102;pi_entry:90;state:101,856,49,completed
15,PI,gilbert_elliot,pGG_0.99_pBB_0.81,19,361,4,,,pi_gilbert_elliott_drop_0_05_rho_0_8,,coverage,03,104,0,99,6,0,0,0,308,104,204,208,100,0,collision_intent:104;pi_entry:100;state:104,864,25,completed
16,PI,gilbert_elliot,pGG_0.99_pBB_0.81,19,361,4,,,pi_gilbert_elliott_drop_0_05_rho_0_8,,coverage,00,108,0,91,18,0,0,0,328,112,216,220,108,0,collision_intent:112;pi_entry:108;state:108,898,53,completed
16,PI,gilbert_elliot,pGG_0.99_pBB_0.81,19,361,4,,,pi_gilbert_elliott_drop_0_05_rho_0_8,,coverage,01,105,0,83,23,0,0,0,314,115,199,220,94,0,collision_intent:115;pi_entry:94;state:105,936,29,completed
16,PI,gilbert_elliot,pGG_0.99_pBB_0.81,19,361,4,,,pi_gilbert_elliott_drop_0_05_rho_0_8,,coverage,02,107,0,90,18,0,0,0,312,110,202,217,95,0,collision_intent:110;pi_clear_path:1;pi_entry:94;state:107,936,32,completed
16,PI,gilbert_elliot,pGG_0.99_pBB_0.81,19,361,4,,,pi_gilbert_elliott_drop_0_05_rho_0_8,,coverage,03,108,0,97,12,0,0,0,326,113,213,221,105,0,collision_intent:113;pi_entry:105;state:108,910,43,completed
17,PI,gilbert_elliot,pGG_0.99_pBB_0.81,19,361,4,,,pi_gilbert_elliott_drop_0_05_rho_0_8,,coverage,00,93,0,61,33,0,0,0,277,102,175,195,82,0,collision_intent:102;pi_entry:82;state:93,885,39,completed
17,PI,gilbert_elliot,pGG_0.99_pBB_0.81,19,361,4,,,pi_gilbert_elliott_drop_0_05_rho_0_8,,coverage,01,104,0,105,0,0,0,0,313,105,208,209,104,0,collision_intent:105;pi_entry:104;state:104,867,22,completed
17,PI,gilbert_elliot,pGG_0.99_pBB_0.81,19,361,4,,,pi_gilbert_elliott_drop_0_05_rho_0_8,,coverage,02,103,0,98,6,0,0,0,308,104,204,207,101,0,collision_intent:104;pi_entry:101;state:103,874,19,completed
17,PI,gilbert_elliot,pGG_0.99_pBB_0.81,19,361,4,,,pi_gilbert_elliott_drop_0_05_rho_0_8,,coverage,03,104,0,97,8,0,0,0,304,104,200,208,96,0,collision_intent:104;pi_entry:96;state:104,870,27,completed
18,PI,gilbert_elliot,pGG_0.99_pBB_0.81,19,361,4,,,pi_gilbert_elliott_drop_0_05_rho_0_8,,coverage,00,106,0,90,17,0,0,0,316,111,205,217,99,0,collision_intent:111;pi_entry:99;state:106,927,20,completed
18,PI,gilbert_elliot,pGG_0.99_pBB_0.81,19,361,4,,,pi_gilbert_elliott_drop_0_05_rho_0_8,,coverage,01,111,0,75,37,0,0,0,305,111,194,222,83,0,collision_intent:111;pi_entry:83;state:111,924,35,completed
18,PI,gilbert_elliot,pGG_0.99_pBB_0.81,19,361,4,,,pi_gilbert_elliott_drop_0_05_rho_0_8,,coverage,02,110,0,98,13,0,0,0,325,110,215,220,105,0,collision_intent:110;pi_entry:105;state:110,880,58,completed
18,PI,gilbert_elliot,pGG_0.99_pBB_0.81,19,361,4,,,pi_gilbert_elliott_drop_0_05_rho_0_8,,coverage,03,106,0,98,9,0,0,0,318,108,210,214,104,0,collision_intent:108;pi_entry:104;state:106,910,36,completed
19,PI,gilbert_elliot,pGG_0.99_pBB_0.81,19,361,4,,,pi_gilbert_elliott_drop_0_05_rho_0_8,,coverage,00,96,0,97,0,0,0,0,288,96,192,192,96,0,collision_intent:96;pi_entry:96;state:96,776,63,completed
19,PI,gilbert_elliot,pGG_0.99_pBB_0.81,19,361,4,,,pi_gilbert_elliott_drop_0_05_rho_0_8,,coverage,01,96,0,97,0,0,0,0,286,96,190,192,94,0,collision_intent:96;pi_entry:94;state:96,834,8,completed
19,PI,gilbert_elliot,pGG_0.99_pBB_0.81,19,361,4,,,pi_gilbert_elliott_drop_0_05_rho_0_8,,coverage,02,97,0,94,4,0,0,0,287,97,190,194,93,0,collision_intent:97;pi_entry:93;state:97,823,17,completed
19,PI,gilbert_elliot,pGG_0.99_pBB_0.81,19,361,4,,,pi_gilbert_elliott_drop_0_05_rho_0_8,,coverage,03,89,0,73,17,0,0,0,267,93,174,182,85,0,collision_intent:93;pi_entry:85;state:89,830,30,completed
20,PI,gilbert_elliot,pGG_0.99_pBB_0.81,19,361,4,,,pi_gilbert_elliott_drop_0_05_rho_0_8,,coverage,00,108,0,93,16,0,0,0,315,110,205,218,97,0,collision_intent:110;pi_entry:97;state:108,954,9,completed
20,PI,gilbert_elliot,pGG_0.99_pBB_0.81,19,361,4,,,pi_gilbert_elliott_drop_0_05_rho_0_8,,coverage,01,104,0,80,25,0,0,0,316,111,205,215,101,0,collision_intent:111;pi_entry:101;state:104,926,37,completed
20,PI,gilbert_elliot,pGG_0.99_pBB_0.81,19,361,4,,,pi_gilbert_elliott_drop_0_05_rho_0_8,,coverage,02,112,0,89,24,0,0,0,319,113,206,225,94,0,collision_intent:113;pi_entry:94;state:112,934,25,completed
20,PI,gilbert_elliot,pGG_0.99_pBB_0.81,19,361,4,,,pi_gilbert_elliott_drop_0_05_rho_0_8,,coverage,03,109,0,99,11,0,0,0,329,112,217,221,108,0,collision_intent:112;pi_entry:108;state:109,925,24,completed
21,PI,gilbert_elliot,pGG_0.99_pBB_0.81,19,361,4,,,pi_gilbert_elliott_drop_0_05_rho_0_8,,coverage,00,105,0,84,22,0,0,0,299,106,193,211,88,0,collision_intent:106;pi_entry:88;state:105,926,7,completed
21,PI,gilbert_elliot,pGG_0.99_pBB_0.81,19,361,4,,,pi_gilbert_elliott_drop_0_05_rho_0_8,,coverage,01,106,0,101,6,0,0,0,307,108,199,214,93,0,collision_intent:108;pi_entry:93;state:106,916,9,completed
21,PI,gilbert_elliot,pGG_0.99_pBB_0.81,19,361,4,,,pi_gilbert_elliott_drop_0_05_rho_0_8,,coverage,02,105,0,79,27,0,0,0,307,110,197,215,92,0,collision_intent:110;pi_entry:92;state:105,894,31,completed
21,PI,gilbert_elliot,pGG_0.99_pBB_0.81,19,361,4,,,pi_gilbert_elliott_drop_0_05_rho_0_8,,coverage,03,109,0,97,13,0,0,0,320,109,211,218,102,0,collision_intent:109;pi_clear_path:1;pi_entry:101;state:109,894,19,completed
22,PI,gilbert_elliot,pGG_0.99_pBB_0.81,19,361,4,,,pi_gilbert_elliott_drop_0_05_rho_0_8,,coverage,00,110,0,98,13,0,0,0,323,111,212,221,102,0,collision_intent:111;pi_entry:102;state:110,923,12,completed
22,PI,gilbert_elliot,pGG_0.99_pBB_0.81,19,361,4,,,pi_gilbert_elliott_drop_0_05_rho_0_8,,coverage,01,110,0,97,14,0,0,0,318,110,208,220,98,0,collision_intent:110;pi_entry:98;state:110,926,14,completed
22,PI,gilbert_elliot,pGG_0.99_pBB_0.81,19,361,4,,,pi_gilbert_elliott_drop_0_05_rho_0_8,,coverage,02,110,0,94,17,0,0,0,313,110,203,220,93,0,collision_intent:110;pi_entry:93;state:110,944,2,completed
22,PI,gilbert_elliot,pGG_0.99_pBB_0.81,19,361,4,,,pi_gilbert_elliott_drop_0_05_rho_0_8,,coverage,03,107,0,72,36,0,0,0,305,108,197,215,90,0,collision_intent:108;pi_entry:90;state:107,907,46,completed
23,PI,gilbert_elliot,pGG_0.99_pBB_0.81,19,361,4,,,pi_gilbert_elliott_drop_0_05_rho_0_8,,coverage,00,100,0,85,16,0,0,0,301,105,196,205,96,0,collision_intent:105;pi_clear_path:1;pi_entry:95;state:100,859,45,completed
23,PI,gilbert_elliot,pGG_0.99_pBB_0.81,19,361,4,,,pi_gilbert_elliott_drop_0_05_rho_0_8,,coverage,01,101,0,93,9,0,0,0,302,106,196,207,95,0,collision_intent:106;pi_entry:95;state:101,871,33,completed
23,PI,gilbert_elliot,pGG_0.99_pBB_0.81,19,361,4,,,pi_gilbert_elliott_drop_0_05_rho_0_8,,coverage,02,102,0,90,13,0,0,0,295,104,191,206,89,0,collision_intent:104;pi_entry:89;state:102,874,37,completed
23,PI,gilbert_elliot,pGG_0.99_pBB_0.81,19,361,4,,,pi_gilbert_elliott_drop_0_05_rho_0_8,,coverage,03,104,0,93,12,0,0,0,310,109,201,213,97,0,collision_intent:109;pi_entry:97;state:104,878,18,completed
24,PI,gilbert_elliot,pGG_0.99_pBB_0.81,19,361,4,,,pi_gilbert_elliott_drop_0_05_rho_0_8,,coverage,00,119,0,106,14,0,0,0,345,119,226,238,107,0,collision_intent:119;pi_entry:107;state:119,980,24,completed
24,PI,gilbert_elliot,pGG_0.99_pBB_0.81,19,361,4,,,pi_gilbert_elliott_drop_0_05_rho_0_8,,coverage,01,117,0,91,27,0,0,0,334,119,215,236,98,0,collision_intent:119;pi_entry:98;state:117,992,22,completed
24,PI,gilbert_elliot,pGG_0.99_pBB_0.81,19,361,4,,,pi_gilbert_elliott_drop_0_05_rho_0_8,,coverage,02,114,0,75,40,0,0,0,340,122,218,236,104,0,collision_intent:122;pi_entry:104;state:114,945,63,completed
24,PI,gilbert_elliot,pGG_0.99_pBB_0.81,19,361,4,,,pi_gilbert_elliott_drop_0_05_rho_0_8,,coverage,03,118,0,89,30,0,0,0,330,119,211,237,93,0,collision_intent:119;pi_entry:93;state:118,996,22,completed
25,PI,gilbert_elliot,pGG_0.99_pBB_0.81,19,361,4,,,pi_gilbert_elliott_drop_0_05_rho_0_8,,coverage,00,108,0,96,13,0,0,0,315,110,205,218,97,0,collision_intent:110;pi_clear_path:4;pi_entry:93;state:108,938,20,completed
25,PI,gilbert_elliot,pGG_0.99_pBB_0.81,19,361,4,,,pi_gilbert_elliott_drop_0_05_rho_0_8,,coverage,01,109,0,86,24,0,0,0,318,113,205,222,96,0,collision_intent:113;pi_entry:96;state:109,910,45,completed
25,PI,gilbert_elliot,pGG_0.99_pBB_0.81,19,361,4,,,pi_gilbert_elliott_drop_0_05_rho_0_8,,coverage,02,107,0,82,26,0,0,0,310,108,202,215,95,0,collision_intent:108;pi_entry:95;state:107,920,43,completed
25,PI,gilbert_elliot,pGG_0.99_pBB_0.81,19,361,4,,,pi_gilbert_elliott_drop_0_05_rho_0_8,,coverage,03,112,0,97,16,0,0,0,331,112,219,224,107,0,collision_intent:112;pi_entry:107;state:112,898,45,completed
26,PI,gilbert_elliot,pGG_0.99_pBB_0.81,19,361,4,,,pi_gilbert_elliott_drop_0_05_rho_0_8,,coverage,00,117,0,92,26,0,0,0,340,122,218,239,101,0,collision_intent:122;pi_clear_path:1;pi_entry:100;state:117,989,19,completed
26,PI,gilbert_elliot,pGG_0.99_pBB_0.81,19,361,4,,,pi_gilbert_elliott_drop_0_05_rho_0_8,,coverage,01,118,0,96,23,0,0,0,343,123,220,241,102,0,collision_intent:123;pi_clear_path:1;pi_entry:101;state:118,979,25,completed
26,PI,gilbert_elliot,pGG_0.99_pBB_0.81,19,361,4,,,pi_gilbert_elliott_drop_0_05_rho_0_8,,coverage,02,116,0,92,25,0,0,0,336,119,217,235,101,0,collision_intent:119;pi_entry:101;state:116,980,31,completed
26,PI,gilbert_elliot,pGG_0.99_pBB_0.81,19,361,4,,,pi_gilbert_elliott_drop_0_05_rho_0_8,,coverage,03,117,0,81,37,0,0,0,329,120,209,237,92,0,collision_intent:120;pi_entry:92;state:117,982,36,completed
27,PI,gilbert_elliot,pGG_0.99_pBB_0.81,19,361,4,,,pi_gilbert_elliott_drop_0_05_rho_0_8,,coverage,00,104,0,102,3,0,0,0,310,104,206,208,102,0,collision_intent:104;pi_entry:102;state:104,862,35,completed
27,PI,gilbert_elliot,pGG_0.99_pBB_0.81,19,361,4,,,pi_gilbert_elliott_drop_0_05_rho_0_8,,coverage,01,100,0,74,27,0,0,0,291,102,189,202,89,0,collision_intent:102;pi_clear_path:1;pi_entry:88;state:100,872,44,completed
27,PI,gilbert_elliot,pGG_0.99_pBB_0.81,19,361,4,,,pi_gilbert_elliott_drop_0_05_rho_0_8,,coverage,02,103,0,82,22,0,0,0,299,104,195,207,92,0,collision_intent:104;pi_entry:92;state:103,872,36,completed
27,PI,gilbert_elliot,pGG_0.99_pBB_0.81,19,361,4,,,pi_gilbert_elliott_drop_0_05_rho_0_8,,coverage,03,104,0,103,2,0,0,0,308,104,204,208,100,0,collision_intent:104;pi_entry:100;state:104,894,6,completed
28,PI,gilbert_elliot,pGG_0.99_pBB_0.81,19,361,4,,,pi_gilbert_elliott_drop_0_05_rho_0_8,,coverage,00,108,0,78,31,0,0,0,314,110,204,218,96,0,collision_intent:110;pi_entry:96;state:108,915,49,completed
28,PI,gilbert_elliot,pGG_0.99_pBB_0.81,19,361,4,,,pi_gilbert_elliott_drop_0_05_rho_0_8,,coverage,01,111,0,92,20,0,0,0,321,114,207,225,96,0,collision_intent:114;pi_clear_path:1;pi_entry:95;state:111,945,13,completed
28,PI,gilbert_elliot,pGG_0.99_pBB_0.81,19,361,4,,,pi_gilbert_elliott_drop_0_05_rho_0_8,,coverage,02,113,0,97,17,0,0,0,326,114,212,227,99,0,collision_intent:114;pi_entry:99;state:113,931,21,completed
28,PI,gilbert_elliot,pGG_0.99_pBB_0.81,19,361,4,,,pi_gilbert_elliott_drop_0_05_rho_0_8,,coverage,03,112,0,94,19,0,0,0,318,112,206,224,94,0,collision_intent:112;pi_entry:94;state:112,952,8,completed
29,PI,gilbert_elliot,pGG_0.99_pBB_0.81,19,361,4,,,pi_gilbert_elliott_drop_0_05_rho_0_8,,coverage,00,120,0,81,40,0,0,0,346,122,224,242,104,0,collision_intent:122;pi_entry:104;state:120,1000,61,completed
29,PI,gilbert_elliot,pGG_0.99_pBB_0.81,19,361,4,,,pi_gilbert_elliott_drop_0_05_rho_0_8,,coverage,01,123,0,90,34,0,0,0,354,129,225,252,102,0,collision_intent:129;pi_entry:102;state:123,1000,53,completed
29,PI,gilbert_elliot,pGG_0.99_pBB_0.81,19,361,4,,,pi_gilbert_elliott_drop_0_05_rho_0_8,,coverage,02,122,0,114,9,0,0,0,363,127,236,249,114,0,collision_intent:127;pi_entry:114;state:122,1033,11,completed
29,PI,gilbert_elliot,pGG_0.99_pBB_0.81,19,361,4,,,pi_gilbert_elliott_drop_0_05_rho_0_8,,coverage,03,122,0,76,47,0,0,0,345,124,221,246,99,0,collision_intent:124;pi_entry:99;state:122,1003,60,completed
30,PI,gilbert_elliot,pGG_0.99_pBB_0.81,19,361,4,,,pi_gilbert_elliott_drop_0_05_rho_0_8,,coverage,00,109,0,103,7,0,0,0,324,111,213,220,104,0,collision_intent:111;pi_entry:104;state:109,910,15,completed
30,PI,gilbert_elliot,pGG_0.99_pBB_0.81,19,361,4,,,pi_gilbert_elliott_drop_0_05_rho_0_8,,coverage,01,104,0,93,12,0,0,0,304,107,197,211,93,0,collision_intent:107;pi_entry:93;state:104,916,29,completed
30,PI,gilbert_elliot,pGG_0.99_pBB_0.81,19,361,4,,,pi_gilbert_elliott_drop_0_05_rho_0_8,,coverage,02,109,0,85,25,0,0,0,308,109,199,218,90,0,collision_intent:109;pi_entry:90;state:109,924,18,completed
30,PI,gilbert_elliot,pGG_0.99_pBB_0.81,19,361,4,,,pi_gilbert_elliott_drop_0_05_rho_0_8,,coverage,03,104,0,80,25,0,0,0,315,109,206,213,102,0,collision_intent:109;pi_entry:102;state:104,879,56,completed
31,PI,gilbert_elliot,pGG_0.99_pBB_0.81,19,361,4,,,pi_gilbert_elliott_drop_0_05_rho_0_8,,coverage,00,105,0,106,0,0,0,0,315,105,210,210,105,0,collision_intent:105;pi_clear_path:1;pi_entry:104;state:105,889,14,completed
31,PI,gilbert_elliot,pGG_0.99_pBB_0.81,19,361,4,,,pi_gilbert_elliott_drop_0_05_rho_0_8,,coverage,01,104,0,98,7,0,0,0,304,107,197,211,93,0,collision_intent:107;pi_entry:93;state:104,884,29,completed
31,PI,gilbert_elliot,pGG_0.99_pBB_0.81,19,361,4,,,pi_gilbert_elliott_drop_0_05_rho_0_8,,coverage,02,102,0,77,26,0,0,0,297,104,193,206,91,0,collision_intent:104;pi_entry:91;state:102,890,30,completed
31,PI,gilbert_elliot,pGG_0.99_pBB_0.81,19,361,4,,,pi_gilbert_elliott_drop_0_05_rho_0_8,,coverage,03,102,0,80,23,0,0,0,302,106,196,208,94,0,collision_intent:106;pi_clear_path:1;pi_entry:93;state:102,888,27,completed
32,PI,gilbert_elliot,pGG_0.99_pBB_0.81,19,361,4,,,pi_gilbert_elliott_drop_0_05_rho_0_8,,coverage,00,113,0,84,30,0,0,0,336,118,218,231,105,0,collision_intent:118;pi_clear_path:1;pi_entry:104;state:113,935,72,completed
32,PI,gilbert_elliot,pGG_0.99_pBB_0.81,19,361,4,,,pi_gilbert_elliott_drop_0_05_rho_0_8,,coverage,01,117,0,112,6,0,0,0,348,118,230,235,113,0,collision_intent:118;pi_entry:113;state:117,988,7,completed
32,PI,gilbert_elliot,pGG_0.99_pBB_0.81,19,361,4,,,pi_gilbert_elliott_drop_0_05_rho_0_8,,coverage,02,111,0,72,40,0,0,0,322,117,205,228,94,0,collision_intent:117;pi_entry:94;state:111,965,57,completed
32,PI,gilbert_elliot,pGG_0.99_pBB_0.81,19,361,4,,,pi_gilbert_elliott_drop_0_05_rho_0_8,,coverage,03,114,0,93,22,0,0,0,339,119,220,233,106,0,collision_intent:119;pi_clear_path:1;pi_entry:105;state:114,958,47,completed
33,PI,gilbert_elliot,pGG_0.99_pBB_0.81,19,361,4,,,pi_gilbert_elliott_drop_0_05_rho_0_8,,coverage,00,118,0,92,27,0,0,0,340,121,219,239,101,0,collision_intent:121;pi_entry:101;state:118,967,28,completed
33,PI,gilbert_elliot,pGG_0.99_pBB_0.81,19,361,4,,,pi_gilbert_elliott_drop_0_05_rho_0_8,,coverage,01,117,0,99,19,0,0,0,334,122,212,239,95,0,collision_intent:122;pi_entry:95;state:117,984,18,completed
33,PI,gilbert_elliot,pGG_0.99_pBB_0.81,19,361,4,,,pi_gilbert_elliott_drop_0_05_rho_0_8,,coverage,02,119,0,87,33,0,0,0,330,120,210,239,91,0,collision_intent:120;pi_entry:91;state:119,971,34,completed
33,PI,gilbert_elliot,pGG_0.99_pBB_0.81,19,361,4,,,pi_gilbert_elliott_drop_0_05_rho_0_8,,coverage,03,117,0,83,35,0,0,0,332,129,203,246,86,0,collision_intent:129;pi_entry:86;state:117,962,41,completed
34,PI,gilbert_elliot,pGG_0.99_pBB_0.81,19,361,4,,,pi_gilbert_elliott_drop_0_05_rho_0_8,,coverage,00,172,0,128,45,0,0,0,493,179,314,351,142,0,collision_intent:179;pi_entry:142;state:172,1063,53,completed
34,PI,gilbert_elliot,pGG_0.99_pBB_0.81,19,361,4,,,pi_gilbert_elliott_drop_0_05_rho_0_8,,coverage,01,48,0,45,4,0,0,0,292,50,242,98,194,0,collision_intent:50;pi_entry:194;state:48,1281,35,completed
34,PI,gilbert_elliot,pGG_0.99_pBB_0.81,19,361,4,,,pi_gilbert_elliott_drop_0_05_rho_0_8,,coverage,02,47,0,38,10,0,0,0,299,48,251,95,204,0,collision_intent:48;pi_clear_path:1;pi_entry:203;state:47,1261,48,completed
34,PI,gilbert_elliot,pGG_0.99_pBB_0.81,19,361,4,,,pi_gilbert_elliott_drop_0_05_rho_0_8,,coverage,03,180,0,150,31,0,0,0,525,187,338,367,158,0,collision_intent:187;pi_entry:158;state:180,1055,28,completed
35,PI,gilbert_elliot,pGG_0.99_pBB_0.81,19,361,4,,,pi_gilbert_elliott_drop_0_05_rho_0_8,,coverage,00,105,0,87,19,0,0,0,307,105,202,210,97,0,collision_intent:105;pi_entry:97;state:105,883,29,completed
35,PI,gilbert_elliot,pGG_0.99_pBB_0.81,19,361,4,,,pi_gilbert_elliott_drop_0_05_rho_0_8,,coverage,01,103,0,85,19,0,0,0,301,103,198,206,95,0,collision_intent:103;pi_entry:95;state:103,876,41,completed
35,PI,gilbert_elliot,pGG_0.99_pBB_0.81,19,361,4,,,pi_gilbert_elliott_drop_0_05_rho_0_8,,coverage,02,101,0,95,7,0,0,0,303,105,198,206,97,0,collision_intent:105;pi_entry:97;state:101,883,33,completed
35,PI,gilbert_elliot,pGG_0.99_pBB_0.81,19,361,4,,,pi_gilbert_elliott_drop_0_05_rho_0_8,,coverage,03,102,0,94,9,0,0,0,308,105,203,207,101,0,collision_intent:105;pi_entry:101;state:102,857,54,completed
36,PI,gilbert_elliot,pGG_0.99_pBB_0.81,19,361,4,,,pi_gilbert_elliott_drop_0_05_rho_0_8,,coverage,00,111,0,92,20,0,0,0,327,114,213,225,102,0,collision_intent:114;pi_entry:102;state:111,946,21,completed
36,PI,gilbert_elliot,pGG_0.99_pBB_0.81,19,361,4,,,pi_gilbert_elliott_drop_0_05_rho_0_8,,coverage,01,112,0,103,10,0,0,0,334,115,219,227,107,0,collision_intent:115;pi_clear_path:1;pi_entry:106;state:112,937,23,completed
36,PI,gilbert_elliot,pGG_0.99_pBB_0.81,19,361,4,,,pi_gilbert_elliott_drop_0_05_rho_0_8,,coverage,02,114,0,91,24,0,0,0,329,116,213,230,99,0,collision_intent:116;pi_entry:99;state:114,915,51,completed
36,PI,gilbert_elliot,pGG_0.99_pBB_0.81,19,361,4,,,pi_gilbert_elliott_drop_0_05_rho_0_8,,coverage,03,110,0,75,36,0,0,0,305,114,191,224,81,0,collision_intent:114;pi_entry:81;state:110,950,39,completed
37,PI,gilbert_elliot,pGG_0.99_pBB_0.81,19,361,4,,,pi_gilbert_elliott_drop_0_05_rho_0_8,,coverage,00,101,0,76,26,0,0,0,306,104,202,205,101,0,collision_intent:104;pi_entry:101;state:101,869,62,completed
37,PI,gilbert_elliot,pGG_0.99_pBB_0.81,19,361,4,,,pi_gilbert_elliott_drop_0_05_rho_0_8,,coverage,01,103,0,97,7,0,0,0,313,109,204,212,101,0,collision_intent:109;pi_entry:101;state:103,900,24,completed
37,PI,gilbert_elliot,pGG_0.99_pBB_0.81,19,361,4,,,pi_gilbert_elliott_drop_0_05_rho_0_8,,coverage,02,102,0,85,18,0,0,0,305,108,197,210,95,0,collision_intent:108;pi_entry:95;state:102,900,33,completed
37,PI,gilbert_elliot,pGG_0.99_pBB_0.81,19,361,4,,,pi_gilbert_elliott_drop_0_05_rho_0_8,,coverage,03,104,0,103,2,0,0,0,314,106,208,210,104,0,collision_intent:106;pi_clear_path:1;pi_entry:103;state:104,902,21,completed
38,PI,gilbert_elliot,pGG_0.99_pBB_0.81,19,361,4,,,pi_gilbert_elliott_drop_0_05_rho_0_8,,coverage,00,106,0,97,10,0,0,0,313,108,205,214,99,0,collision_intent:108;pi_entry:99;state:106,926,10,completed
38,PI,gilbert_elliot,pGG_0.99_pBB_0.81,19,361,4,,,pi_gilbert_elliott_drop_0_05_rho_0_8,,coverage,01,107,0,82,26,0,0,0,308,111,197,218,90,0,collision_intent:111;pi_entry:90;state:107,917,25,completed
38,PI,gilbert_elliot,pGG_0.99_pBB_0.81,19,361,4,,,pi_gilbert_elliott_drop_0_05_rho_0_8,,coverage,02,104,0,88,17,0,0,0,315,109,206,213,102,0,collision_intent:109;pi_entry:102;state:104,868,66,completed
38,PI,gilbert_elliot,pGG_0.99_pBB_0.81,19,361,4,,,pi_gilbert_elliott_drop_0_05_rho_0_8,,coverage,03,106,0,94,13,0,0,0,314,107,207,213,101,0,collision_intent:107;pi_clear_path:2;pi_entry:99;state:106,893,42,completed
39,PI,gilbert_elliot,pGG_0.99_pBB_0.81,19,361,4,,,pi_gilbert_elliott_drop_0_05_rho_0_8,,coverage,00,112,0,103,10,0,0,0,333,112,221,224,109,0,collision_intent:112;pi_entry:109;state:112,935,10,completed
39,PI,gilbert_elliot,pGG_0.99_pBB_0.81,19,361,4,,,pi_gilbert_elliott_drop_0_05_rho_0_8,,coverage,01,112,0,103,10,0,0,0,322,112,210,224,98,0,collision_intent:112;pi_entry:98;state:112,943,14,completed
39,PI,gilbert_elliot,pGG_0.99_pBB_0.81,19,361,4,,,pi_gilbert_elliott_drop_0_05_rho_0_8,,coverage,02,111,0,47,65,0,0,0,292,113,179,224,68,0,collision_intent:113;pi_entry:68;state:111,956,30,completed
39,PI,gilbert_elliot,pGG_0.99_pBB_0.81,19,361,4,,,pi_gilbert_elliott_drop_0_05_rho_0_8,,coverage,03,111,0,108,4,0,0,0,332,114,218,225,107,0,collision_intent:114;pi_entry:107;state:111,925,21,completed
40,PI,gilbert_elliot,pGG_0.99_pBB_0.81,19,361,4,,,pi_gilbert_elliott_drop_0_05_rho_0_8,,coverage,00,117,0,96,22,0,0,0,355,124,231,241,114,0,collision_intent:124;pi_entry:114;state:117,946,58,completed
40,PI,gilbert_elliot,pGG_0.99_pBB_0.81,19,361,4,,,pi_gilbert_elliott_drop_0_05_rho_0_8,,coverage,01,116,0,88,29,0,0,0,334,121,213,237,97,0,collision_intent:121;pi_entry:97;state:116,996,28,completed
40,PI,gilbert_elliot,pGG_0.99_pBB_0.81,19,361,4,,,pi_gilbert_elliott_drop_0_05_rho_0_8,,coverage,02,119,0,84,36,0,0,0,331,119,212,238,93,0,collision_intent:119;pi_entry:93;state:119,1011,16,completed
40,PI,gilbert_elliot,pGG_0.99_pBB_0.81,19,361,4,,,pi_gilbert_elliott_drop_0_05_rho_0_8,,coverage,03,117,0,93,25,0,0,0,341,119,222,236,105,0,collision_intent:119;pi_entry:105;state:117,977,42,completed
41,PI,gilbert_elliot,pGG_0.99_pBB_0.81,19,361,4,,,pi_gilbert_elliott_drop_0_05_rho_0_8,,coverage,00,115,0,95,21,0,0,0,342,120,222,235,107,0,collision_intent:120;pi_entry:107;state:115,979,21,completed
41,PI,gilbert_elliot,pGG_0.99_pBB_0.81,19,361,4,,,pi_gilbert_elliott_drop_0_05_rho_0_8,,coverage,01,111,0,96,16,0,0,0,333,114,219,225,108,0,collision_intent:114;pi_entry:108;state:111,956,52,completed
41,PI,gilbert_elliot,pGG_0.99_pBB_0.81,19,361,4,,,pi_gilbert_elliott_drop_0_05_rho_0_8,,coverage,02,114,0,95,20,0,0,0,337,117,220,231,106,0,collision_intent:117;pi_entry:106;state:114,968,36,completed
41,PI,gilbert_elliot,pGG_0.99_pBB_0.81,19,361,4,,,pi_gilbert_elliott_drop_0_05_rho_0_8,,coverage,03,112,0,75,38,0,0,0,330,113,217,225,105,0,collision_intent:113;pi_clear_path:1;pi_entry:104;state:112,915,96,completed
42,PI,gilbert_elliot,pGG_0.99_pBB_0.81,19,361,4,,,pi_gilbert_elliott_drop_0_05_rho_0_8,,coverage,00,104,0,87,18,0,0,0,306,107,199,211,95,0,collision_intent:107;pi_entry:95;state:104,832,96,completed
42,PI,gilbert_elliot,pGG_0.99_pBB_0.81,19,361,4,,,pi_gilbert_elliott_drop_0_05_rho_0_8,,coverage,01,106,0,104,3,0,0,0,319,108,211,214,105,0,collision_intent:108;pi_entry:105;state:106,887,29,completed
42,PI,gilbert_elliot,pGG_0.99_pBB_0.81,19,361,4,,,pi_gilbert_elliott_drop_0_05_rho_0_8,,coverage,02,105,0,75,31,0,0,0,296,106,190,211,85,0,collision_intent:106;pi_entry:85;state:105,903,35,completed
42,PI,gilbert_elliot,pGG_0.99_pBB_0.81,19,361,4,,,pi_gilbert_elliott_drop_0_05_rho_0_8,,coverage,03,104,0,95,10,0,0,0,314,111,203,215,99,0,collision_intent:111;pi_entry:99;state:104,899,22,completed
43,PI,gilbert_elliot,pGG_0.99_pBB_0.81,19,361,4,,,pi_gilbert_elliott_drop_0_05_rho_0_8,,coverage,00,123,0,98,26,0,0,0,365,128,237,251,114,0,collision_intent:128;pi_clear_path:1;pi_entry:113;state:123,977,76,completed
43,PI,gilbert_elliot,pGG_0.99_pBB_0.81,19,361,4,,,pi_gilbert_elliott_drop_0_05_rho_0_8,,coverage,01,122,0,86,37,0,0,0,347,125,222,247,100,0,collision_intent:125;pi_entry:100;state:122,1017,53,completed
43,PI,gilbert_elliot,pGG_0.99_pBB_0.81,19,361,4,,,pi_gilbert_elliott_drop_0_05_rho_0_8,,coverage,02,124,0,94,31,0,0,0,365,129,236,253,112,0,collision_intent:129;pi_entry:112;state:124,1005,47,completed
43,PI,gilbert_elliot,pGG_0.99_pBB_0.81,19,361,4,,,pi_gilbert_elliott_drop_0_05_rho_0_8,,coverage,03,124,0,83,42,0,0,0,341,127,214,251,90,0,collision_intent:127;pi_entry:90;state:124,1048,28,completed
44,PI,gilbert_elliot,pGG_0.99_pBB_0.81,19,361,4,,,pi_gilbert_elliott_drop_0_05_rho_0_8,,coverage,00,104,0,90,15,0,0,0,301,104,197,208,93,0,collision_intent:104;pi_entry:93;state:104,883,10,completed
44,PI,gilbert_elliot,pGG_0.99_pBB_0.81,19,361,4,,,pi_gilbert_elliott_drop_0_05_rho_0_8,,coverage,01,103,0,96,8,0,0,0,301,105,196,208,93,0,collision_intent:105;pi_entry:93;state:103,876,18,completed
44,PI,gilbert_elliot,pGG_0.99_pBB_0.81,19,361,4,,,pi_gilbert_elliott_drop_0_05_rho_0_8,,coverage,02,103,0,86,18,0,0,0,294,103,191,206,88,0,collision_intent:103;pi_entry:88;state:103,876,25,completed
44,PI,gilbert_elliot,pGG_0.99_pBB_0.81,19,361,4,,,pi_gilbert_elliott_drop_0_05_rho_0_8,,coverage,03,102,0,89,14,0,0,0,299,106,193,208,91,0,collision_intent:106;pi_clear_path:1;pi_entry:90;state:102,886,10,completed
45,PI,gilbert_elliot,pGG_0.99_pBB_0.81,19,361,4,,,pi_gilbert_elliott_drop_0_05_rho_0_8,,coverage,00,122,0,93,30,0,0,0,354,129,225,251,103,0,collision_intent:129;pi_entry:103;state:122,1049,47,completed
45,PI,gilbert_elliot,pGG_0.99_pBB_0.81,19,361,4,,,pi_gilbert_elliott_drop_0_05_rho_0_8,,coverage,01,125,0,78,48,0,0,0,352,134,218,259,93,0,collision_intent:134;pi_entry:93;state:125,1056,42,completed
45,PI,gilbert_elliot,pGG_0.99_pBB_0.81,19,361,4,,,pi_gilbert_elliott_drop_0_05_rho_0_8,,coverage,02,127,0,88,40,0,0,0,372,132,240,259,113,0,collision_intent:132;pi_entry:113;state:127,1019,59,completed
45,PI,gilbert_elliot,pGG_0.99_pBB_0.81,19,361,4,,,pi_gilbert_elliott_drop_0_05_rho_0_8,,coverage,03,130,0,102,29,0,0,0,373,133,240,263,110,0,collision_intent:133;pi_clear_path:2;pi_entry:108;state:130,1036,42,completed
46,PI,gilbert_elliot,pGG_0.99_pBB_0.81,19,361,4,,,pi_gilbert_elliott_drop_0_05_rho_0_8,,coverage,00,112,0,97,16,0,0,0,320,112,208,224,96,0,collision_intent:112;pi_entry:96;state:112,939,16,completed
46,PI,gilbert_elliot,pGG_0.99_pBB_0.81,19,361,4,,,pi_gilbert_elliott_drop_0_05_rho_0_8,,coverage,01,112,0,100,13,0,0,0,325,113,212,225,100,0,collision_intent:113;pi_entry:100;state:112,943,8,completed
46,PI,gilbert_elliot,pGG_0.99_pBB_0.81,19,361,4,,,pi_gilbert_elliott_drop_0_05_rho_0_8,,coverage,02,111,0,69,43,0,0,0,309,114,195,225,84,0,collision_intent:114;pi_entry:84;state:111,938,28,completed
46,PI,gilbert_elliot,pGG_0.99_pBB_0.81,19,361,4,,,pi_gilbert_elliott_drop_0_05_rho_0_8,,coverage,03,111,0,95,17,0,0,0,322,113,209,224,98,0,collision_intent:113;pi_entry:98;state:111,915,38,completed
47,PI,gilbert_elliot,pGG_0.99_pBB_0.81,19,361,4,,,pi_gilbert_elliott_drop_0_05_rho_0_8,,coverage,00,109,0,102,8,0,0,0,322,109,213,218,104,0,collision_intent:109;pi_entry:104;state:109,872,61,completed
47,PI,gilbert_elliot,pGG_0.99_pBB_0.81,19,361,4,,,pi_gilbert_elliott_drop_0_05_rho_0_8,,coverage,01,107,0,100,8,0,0,0,316,108,208,215,101,0,collision_intent:108;pi_entry:101;state:107,907,32,completed
47,PI,gilbert_elliot,pGG_0.99_pBB_0.81,19,361,4,,,pi_gilbert_elliott_drop_0_05_rho_0_8,,coverage,02,102,0,72,31,0,0,0,304,109,195,211,93,0,collision_intent:109;pi_entry:93;state:102,924,27,completed
47,PI,gilbert_elliot,pGG_0.99_pBB_0.81,19,361,4,,,pi_gilbert_elliott_drop_0_05_rho_0_8,,coverage,03,106,0,87,20,0,0,0,314,109,205,215,99,0,collision_intent:109;pi_clear_path:1;pi_entry:98;state:106,912,30,completed
48,PI,gilbert_elliot,pGG_0.99_pBB_0.81,19,361,4,,,pi_gilbert_elliott_drop_0_05_rho_0_8,,coverage,00,114,0,109,6,0,0,0,340,116,224,230,110,0,collision_intent:116;pi_entry:110;state:114,938,30,completed
48,PI,gilbert_elliot,pGG_0.99_pBB_0.81,19,361,4,,,pi_gilbert_elliott_drop_0_05_rho_0_8,,coverage,01,111,0,94,18,0,0,0,327,113,214,224,103,0,collision_intent:113;pi_entry:103;state:111,953,27,completed
48,PI,gilbert_elliot,pGG_0.99_pBB_0.81,19,361,4,,,pi_gilbert_elliott_drop_0_05_rho_0_8,,coverage,02,116,0,90,27,0,0,0,329,116,213,232,97,0,collision_intent:116;pi_entry:97;state:116,948,30,completed
48,PI,gilbert_elliot,pGG_0.99_pBB_0.81,19,361,4,,,pi_gilbert_elliott_drop_0_05_rho_0_8,,coverage,03,115,0,68,48,0,0,0,312,117,195,232,80,0,collision_intent:117;pi_clear_path:1;pi_entry:79;state:115,970,25,completed
49,PI,gilbert_elliot,pGG_0.99_pBB_0.81,19,361,4,,,pi_gilbert_elliott_drop_0_05_rho_0_8,,coverage,00,101,0,91,11,0,0,0,305,106,199,207,98,0,collision_intent:106;pi_entry:98;state:101,857,51,completed
49,PI,gilbert_elliot,pGG_0.99_pBB_0.81,19,361,4,,,pi_gilbert_elliott_drop_0_05_rho_0_8,,coverage,01,104,0,96,9,0,0,0,308,106,202,210,98,0,collision_intent:106;pi_entry:98;state:104,893,11,completed
49,PI,gilbert_elliot,pGG_0.99_pBB_0.81,19,361,4,,,pi_gilbert_elliott_drop_0_05_rho_0_8,,coverage,02,101,0,86,16,0,0,0,303,107,196,208,95,0,collision_intent:107;pi_entry:95;state:101,873,37,completed
49,PI,gilbert_elliot,pGG_0.99_pBB_0.81,19,361,4,,,pi_gilbert_elliott_drop_0_05_rho_0_8,,coverage,03,103,0,88,16,0,0,0,297,104,193,207,90,0,collision_intent:104;pi_entry:90;state:103,886,29,completed
50,PI,gilbert_elliot,pGG_0.99_pBB_0.81,19,361,4,,,pi_gilbert_elliott_drop_0_05_rho_0_8,,coverage,00,98,0,94,5,0,0,0,297,103,194,201,96,0,collision_intent:103;pi_entry:96;state:98,831,31,completed
50,PI,gilbert_elliot,pGG_0.99_pBB_0.81,19,361,4,,,pi_gilbert_elliott_drop_0_05_rho_0_8,,coverage,01,94,0,83,12,0,0,0,284,100,184,194,90,0,collision_intent:100;pi_entry:90;state:94,847,28,completed
50,PI,gilbert_elliot,pGG_0.99_pBB_0.81,19,361,4,,,pi_gilbert_elliott_drop_0_05_rho_0_8,,coverage,02,99,0,92,8,0,0,0,290,100,190,199,91,0,collision_intent:100;pi_entry:91;state:99,858,12,completed
50,PI,gilbert_elliot,pGG_0.99_pBB_0.81,19,361,4,,,pi_gilbert_elliott_drop_0_05_rho_0_8,,coverage,03,96,0,92,5,0,0,0,289,98,191,194,95,0,collision_intent:98;pi_entry:95;state:96,860,11,completed
51,PI,gilbert_elliot,pGG_0.99_pBB_0.81,19,361,4,,,pi_gilbert_elliott_drop_0_05_rho_0_8,,coverage,00,108,0,89,20,0,0,0,321,113,208,221,100,0,collision_intent:113;pi_entry:100;state:108,914,35,completed
51,PI,gilbert_elliot,pGG_0.99_pBB_0.81,19,361,4,,,pi_gilbert_elliott_drop_0_05_rho_0_8,,coverage,01,108,0,95,14,0,0,0,317,110,207,218,99,0,collision_intent:110;pi_entry:99;state:108,925,28,completed
51,PI,gilbert_elliot,pGG_0.99_pBB_0.81,19,361,4,,,pi_gilbert_elliott_drop_0_05_rho_0_8,,coverage,02,110,0,92,19,0,0,0,323,115,208,225,98,0,collision_intent:115;pi_entry:98;state:110,925,23,completed
51,PI,gilbert_elliot,pGG_0.99_pBB_0.81,19,361,4,,,pi_gilbert_elliott_drop_0_05_rho_0_8,,coverage,03,107,0,85,23,0,0,0,310,111,199,218,92,0,collision_intent:111;pi_entry:92;state:107,935,25,completed
52,PI,gilbert_elliot,pGG_0.99_pBB_0.81,19,361,4,,,pi_gilbert_elliott_drop_0_05_rho_0_8,,coverage,00,102,0,84,19,0,0,0,301,103,198,205,96,0,collision_intent:103;pi_entry:96;state:102,839,50,completed
52,PI,gilbert_elliot,pGG_0.99_pBB_0.81,19,361,4,,,pi_gilbert_elliott_drop_0_05_rho_0_8,,coverage,01,102,0,91,12,0,0,0,300,105,195,207,93,0,collision_intent:105;pi_entry:93;state:102,870,21,completed
52,PI,gilbert_elliot,pGG_0.99_pBB_0.81,19,361,4,,,pi_gilbert_elliott_drop_0_05_rho_0_8,,coverage,02,103,0,93,11,0,0,0,300,103,197,206,94,0,collision_intent:103;pi_entry:94;state:103,876,14,completed
52,PI,gilbert_elliot,pGG_0.99_pBB_0.81,19,361,4,,,pi_gilbert_elliott_drop_0_05_rho_0_8,,coverage,03,98,0,93,6,0,0,0,290,100,190,198,92,0,collision_intent:100;pi_entry:92;state:98,852,48,completed
53,PI,gilbert_elliot,pGG_0.99_pBB_0.81,19,361,4,,,pi_gilbert_elliott_drop_0_05_rho_0_8,,coverage,00,133,0,111,23,0,0,0,374,133,241,266,108,0,collision_intent:133;pi_entry:108;state:133,1053,22,completed
53,PI,gilbert_elliot,pGG_0.99_pBB_0.81,19,361,4,,,pi_gilbert_elliott_drop_0_05_rho_0_8,,coverage,01,122,0,77,46,0,0,0,333,128,205,250,83,0,collision_intent:128;pi_entry:83;state:122,1048,67,completed
53,PI,gilbert_elliot,pGG_0.99_pBB_0.81,19,361,4,,,pi_gilbert_elliott_drop_0_05_rho_0_8,,coverage,02,132,0,101,32,0,0,0,382,136,246,268,114,0,collision_intent:136;pi_entry:114;state:132,1044,22,completed
53,PI,gilbert_elliot,pGG_0.99_pBB_0.81,19,361,4,,,pi_gilbert_elliott_drop_0_05_rho_0_8,,coverage,03,127,0,72,56,0,0,0,360,132,228,259,101,0,collision_intent:132;pi_clear_path:1;pi_entry:100;state:127,1066,23,completed
54,PI,gilbert_elliot,pGG_0.99_pBB_0.81,19,361,4,,,pi_gilbert_elliott_drop_0_05_rho_0_8,,coverage,00,132,0,75,58,0,0,0,374,143,231,275,99,0,collision_intent:143;pi_clear_path:1;pi_entry:98;state:132,1081,48,completed
54,PI,gilbert_elliot,pGG_0.99_pBB_0.81,19,361,4,,,pi_gilbert_elliott_drop_0_05_rho_0_8,,coverage,01,136,0,95,42,0,0,0,386,141,245,277,109,0,collision_intent:141;pi_clear_path:1;pi_entry:108;state:136,1075,41,completed
54,PI,gilbert_elliot,pGG_0.99_pBB_0.81,19,361,4,,,pi_gilbert_elliott_drop_0_05_rho_0_8,,coverage,02,139,0,93,47,0,0,0,362,141,221,280,82,0,collision_intent:141;pi_entry:82;state:139,1113,27,completed
54,PI,gilbert_elliot,pGG_0.99_pBB_0.81,19,361,4,,,pi_gilbert_elliott_drop_0_05_rho_0_8,,coverage,03,135,0,98,38,0,0,0,381,142,239,277,104,0,collision_intent:142;pi_entry:104;state:135,1096,25,completed
55,PI,gilbert_elliot,pGG_0.99_pBB_0.81,19,361,4,,,pi_gilbert_elliott_drop_0_05_rho_0_8,,coverage,00,107,0,89,19,0,0,0,311,109,202,216,95,0,collision_intent:109;pi_entry:95;state:107,911,23,completed
55,PI,gilbert_elliot,pGG_0.99_pBB_0.81,19,361,4,,,pi_gilbert_elliott_drop_0_05_rho_0_8,,coverage,01,105,0,87,19,0,0,0,304,110,194,215,89,0,collision_intent:110;pi_clear_path:1;pi_entry:88;state:105,928,14,completed
55,PI,gilbert_elliot,pGG_0.99_pBB_0.81,19,361,4,,,pi_gilbert_elliott_drop_0_05_rho_0_8,,coverage,02,107,0,90,18,0,0,0,311,108,203,215,96,0,collision_intent:108;pi_entry:96;state:107,907,27,completed
55,PI,gilbert_elliot,pGG_0.99_pBB_0.81,19,361,4,,,pi_gilbert_elliott_drop_0_05_rho_0_8,,coverage,03,106,0,95,12,0,0,0,320,110,210,216,104,0,collision_intent:110;pi_entry:104;state:106,887,38,completed
56,PI,gilbert_elliot,pGG_0.99_pBB_0.81,19,361,4,,,pi_gilbert_elliott_drop_0_05_rho_0_8,,coverage,00,113,0,103,11,0,0,0,329,113,216,226,103,0,collision_intent:113;pi_entry:103;state:113,943,10,completed
56,PI,gilbert_elliot,pGG_0.99_pBB_0.81,19,361,4,,,pi_gilbert_elliott_drop_0_05_rho_0_8,,coverage,01,111,0,79,33,0,0,0,313,113,200,224,89,0,collision_intent:113;pi_entry:89;state:111,951,18,completed
56,PI,gilbert_elliot,pGG_0.99_pBB_0.81,19,361,4,,,pi_gilbert_elliott_drop_0_05_rho_0_8,,coverage,02,110,0,77,34,0,0,0,313,112,201,222,91,0,collision_intent:112;pi_entry:91;state:110,944,26,completed
56,PI,gilbert_elliot,pGG_0.99_pBB_0.81,19,361,4,,,pi_gilbert_elliott_drop_0_05_rho_0_8,,coverage,03,112,0,102,11,0,0,0,328,113,215,225,103,0,collision_intent:113;pi_entry:103;state:112,912,42,completed
57,PI,gilbert_elliot,pGG_0.99_pBB_0.81,19,361,4,,,pi_gilbert_elliott_drop_0_05_rho_0_8,,coverage,00,118,0,98,21,0,0,0,341,121,220,239,102,0,collision_intent:121;pi_entry:102;state:118,957,31,completed
57,PI,gilbert_elliot,pGG_0.99_pBB_0.81,19,361,4,,,pi_gilbert_elliott_drop_0_05_rho_0_8,,coverage,01,115,0,91,25,0,0,0,331,117,214,232,99,0,collision_intent:117;pi_entry:99;state:115,972,25,completed
57,PI,gilbert_elliot,pGG_0.99_pBB_0.81,19,361,4,,,pi_gilbert_elliott_drop_0_05_rho_0_8,,coverage,02,115,0,92,24,0,0,0,332,118,214,233,99,0,collision_intent:118;pi_entry:99;state:115,982,14,completed
57,PI,gilbert_elliot,pGG_0.99_pBB_0.81,19,361,4,,,pi_gilbert_elliott_drop_0_05_rho_0_8,,coverage,03,111,0,80,32,0,0,0,325,117,208,228,97,0,collision_intent:117;pi_entry:97;state:111,949,54,completed
58,PI,gilbert_elliot,pGG_0.99_pBB_0.81,19,361,4,,,pi_gilbert_elliott_drop_0_05_rho_0_8,,coverage,00,115,0,80,36,0,0,0,328,116,212,231,97,0,collision_intent:116;pi_entry:97;state:115,937,59,completed
58,PI,gilbert_elliot,pGG_0.99_pBB_0.81,19,361,4,,,pi_gilbert_elliott_drop_0_05_rho_0_8,,coverage,01,114,0,102,13,0,0,0,333,116,217,230,103,0,collision_intent:116;pi_entry:103;state:114,977,15,completed
58,PI,gilbert_elliot,pGG_0.99_pBB_0.81,19,361,4,,,pi_gilbert_elliott_drop_0_05_rho_0_8,,coverage,02,114,0,85,30,0,0,0,325,116,209,230,95,0,collision_intent:116;pi_entry:95;state:114,962,37,completed
58,PI,gilbert_elliot,pGG_0.99_pBB_0.81,19,361,4,,,pi_gilbert_elliott_drop_0_05_rho_0_8,,coverage,03,115,0,94,22,0,0,0,339,119,220,234,105,0,collision_intent:119;pi_entry:105;state:115,963,22,completed
59,PI,gilbert_elliot,pGG_0.99_pBB_0.81,19,361,4,,,pi_gilbert_elliott_drop_0_05_rho_0_8,,coverage,00,102,0,89,14,0,0,0,302,104,198,206,96,0,collision_intent:104;pi_entry:96;state:102,872,24,completed
59,PI,gilbert_elliot,pGG_0.99_pBB_0.81,19,361,4,,,pi_gilbert_elliott_drop_0_05_rho_0_8,,coverage,01,102,0,101,2,0,0,0,306,104,202,206,100,0,collision_intent:104;pi_entry:100;state:102,858,35,completed
59,PI,gilbert_elliot,pGG_0.99_pBB_0.81,19,361,4,,,pi_gilbert_elliott_drop_0_05_rho_0_8,,coverage,02,99,0,80,20,0,0,0,293,103,190,202,91,0,collision_intent:103;pi_clear_path:1;pi_entry:90;state:99,887,18,completed
59,PI,gilbert_elliot,pGG_0.99_pBB_0.81,19,361,4,,,pi_gilbert_elliott_drop_0_05_rho_0_8,,coverage,03,99,0,91,9,0,0,0,298,103,195,202,96,0,collision_intent:103;pi_entry:96;state:99,833,67,completed
60,PI,gilbert_elliot,pGG_0.99_pBB_0.81,19,361,4,,,pi_gilbert_elliott_drop_0_05_rho_0_8,,coverage,00,109,0,85,25,0,0,0,310,113,197,222,88,0,collision_intent:113;pi_entry:88;state:109,926,18,completed
60,PI,gilbert_elliot,pGG_0.99_pBB_0.81,19,361,4,,,pi_gilbert_elliott_drop_0_05_rho_0_8,,coverage,01,110,0,105,6,0,0,0,325,111,214,221,104,0,collision_intent:111;pi_entry:104;state:110,909,19,completed
60,PI,gilbert_elliot,pGG_0.99_pBB_0.81,19,361,4,,,pi_gilbert_elliott_drop_0_05_rho_0_8,,coverage,02,107,0,89,19,0,0,0,315,110,205,217,98,0,collision_intent:110;pi_entry:98;state:107,919,19,completed
60,PI,gilbert_elliot,pGG_0.99_pBB_0.81,19,361,4,,,pi_gilbert_elliott_drop_0_05_rho_0_8,,coverage,03,104,0,82,23,0,0,0,304,108,196,212,92,0,collision_intent:108;pi_clear_path:1;pi_entry:91;state:104,932,17,completed
61,PI,gilbert_elliot,pGG_0.99_pBB_0.81,19,361,4,,,pi_gilbert_elliott_drop_0_05_rho_0_8,,coverage,00,112,0,113,0,0,0,0,334,112,222,224,110,0,collision_intent:112;pi_entry:110;state:112,928,16,completed
61,PI,gilbert_elliot,pGG_0.99_pBB_0.81,19,361,4,,,pi_gilbert_elliott_drop_0_05_rho_0_8,,coverage,01,110,0,61,50,0,0,0,304,111,193,221,83,0,collision_intent:111;pi_entry:83;state:110,932,42,completed
61,PI,gilbert_elliot,pGG_0.99_pBB_0.81,19,361,4,,,pi_gilbert_elliott_drop_0_05_rho_0_8,,coverage,02,109,0,85,25,0,0,0,318,111,207,220,98,0,collision_intent:111;pi_entry:98;state:109,936,25,completed
61,PI,gilbert_elliot,pGG_0.99_pBB_0.81,19,361,4,,,pi_gilbert_elliott_drop_0_05_rho_0_8,,coverage,03,110,0,102,9,0,0,0,323,112,211,222,101,0,collision_intent:112;pi_entry:101;state:110,936,20,completed
62,PI,gilbert_elliot,pGG_0.99_pBB_0.81,19,361,4,,,pi_gilbert_elliott_drop_0_05_rho_0_8,,coverage,00,99,0,92,8,0,0,0,295,101,194,200,95,0,collision_intent:101;pi_entry:95;state:99,848,18,completed
62,PI,gilbert_elliot,pGG_0.99_pBB_0.81,19,361,4,,,pi_gilbert_elliott_drop_0_05_rho_0_8,,coverage,01,98,0,86,13,0,0,0,284,101,183,199,85,0,collision_intent:101;pi_entry:85;state:98,847,31,completed
62,PI,gilbert_elliot,pGG_0.99_pBB_0.81,19,361,4,,,pi_gilbert_elliott_drop_0_05_rho_0_8,,coverage,02,100,0,90,11,0,0,0,292,100,192,200,92,0,collision_intent:100;pi_entry:92;state:100,842,27,completed
62,PI,gilbert_elliot,pGG_0.99_pBB_0.81,19,361,4,,,pi_gilbert_elliott_drop_0_05_rho_0_8,,coverage,03,98,0,93,6,0,0,0,291,99,192,197,94,0,collision_intent:99;pi_entry:94;state:98,865,5,completed
63,PI,gilbert_elliot,pGG_0.99_pBB_0.81,19,361,4,,,pi_gilbert_elliott_drop_0_05_rho_0_8,,coverage,00,102,0,88,15,0,0,0,299,104,195,206,93,0,collision_intent:104;pi_entry:93;state:102,887,21,completed
63,PI,gilbert_elliot,pGG_0.99_pBB_0.81,19,361,4,,,pi_gilbert_elliott_drop_0_05_rho_0_8,,coverage,01,101,0,92,10,0,0,0,302,105,197,206,96,0,collision_intent:105;pi_entry:96;state:101,889,16,completed
63,PI,gilbert_elliot,pGG_0.99_pBB_0.81,19,361,4,,,pi_gilbert_elliott_drop_0_05_rho_0_8,,coverage,02,102,0,86,17,0,0,0,299,107,192,209,90,0,collision_intent:107;pi_entry:90;state:102,897,11,completed
63,PI,gilbert_elliot,pGG_0.99_pBB_0.81,19,361,4,,,pi_gilbert_elliott_drop_0_05_rho_0_8,,coverage,03,104,0,95,10,0,0,0,308,107,201,211,97,0,collision_intent:107;pi_entry:97;state:104,888,12,completed
64,PI,gilbert_elliot,pGG_0.99_pBB_0.81,19,361,4,,,pi_gilbert_elliott_drop_0_05_rho_0_8,,coverage,00,118,0,100,19,0,0,0,342,118,224,236,106,0,collision_intent:118;pi_entry:106;state:118,962,24,completed
64,PI,gilbert_elliot,pGG_0.99_pBB_0.81,19,361,4,,,pi_gilbert_elliott_drop_0_05_rho_0_8,,coverage,01,111,0,79,33,0,0,0,317,119,198,230,87,0,collision_intent:119;pi_entry:87;state:111,961,50,completed
64,PI,gilbert_elliot,pGG_0.99_pBB_0.81,19,361,4,,,pi_gilbert_elliott_drop_0_05_rho_0_8,,coverage,02,116,0,88,29,0,0,0,331,118,213,234,97,0,collision_intent:118;pi_entry:97;state:116,974,23,completed
64,PI,gilbert_elliot,pGG_0.99_pBB_0.81,19,361,4,,,pi_gilbert_elliott_drop_0_05_rho_0_8,,coverage,03,113,0,94,20,0,0,0,339,120,219,233,106,0,collision_intent:120;pi_entry:106;state:113,968,22,completed
65,PI,gilbert_elliot,pGG_0.99_pBB_0.81,19,361,4,,,pi_gilbert_elliott_drop_0_05_rho_0_8,,coverage,00,101,0,93,9,0,0,0,296,101,195,202,94,0,collision_intent:101;pi_entry:94;state:101,861,17,completed
65,PI,gilbert_elliot,pGG_0.99_pBB_0.81,19,361,4,,,pi_gilbert_elliott_drop_0_05_rho_0_8,,coverage,01,100,0,88,13,0,0,0,293,102,191,202,91,0,collision_intent:102;pi_entry:91;state:100,867,14,completed
65,PI,gilbert_elliot,pGG_0.99_pBB_0.81,19,361,4,,,pi_gilbert_elliott_drop_0_05_rho_0_8,,coverage,02,100,0,95,6,0,0,0,296,101,195,201,95,0,collision_intent:101;pi_entry:95;state:100,868,11,completed
65,PI,gilbert_elliot,pGG_0.99_pBB_0.81,19,361,4,,,pi_gilbert_elliott_drop_0_05_rho_0_8,,coverage,03,100,0,85,16,0,0,0,290,101,189,201,89,0,collision_intent:101;pi_entry:89;state:100,814,70,completed
66,PI,gilbert_elliot,pGG_0.99_pBB_0.81,19,361,4,,,pi_gilbert_elliott_drop_0_05_rho_0_8,,coverage,00,107,0,107,1,0,0,0,319,107,212,214,105,0,collision_intent:107;pi_entry:105;state:107,882,17,completed
66,PI,gilbert_elliot,pGG_0.99_pBB_0.81,19,361,4,,,pi_gilbert_elliott_drop_0_05_rho_0_8,,coverage,01,106,0,104,3,0,0,0,317,107,210,213,104,0,collision_intent:107;pi_entry:104;state:106,900,1,completed
66,PI,gilbert_elliot,pGG_0.99_pBB_0.81,19,361,4,,,pi_gilbert_elliott_drop_0_05_rho_0_8,,coverage,02,105,0,79,27,0,0,0,290,105,185,210,80,0,collision_intent:105;pi_entry:80;state:105,920,9,completed
66,PI,gilbert_elliot,pGG_0.99_pBB_0.81,19,361,4,,,pi_gilbert_elliott_drop_0_05_rho_0_8,,coverage,03,102,0,71,32,0,0,0,294,110,184,212,82,0,collision_intent:110;pi_clear_path:1;pi_entry:81;state:102,881,44,completed
67,PI,gilbert_elliot,pGG_0.99_pBB_0.81,19,361,4,,,pi_gilbert_elliott_drop_0_05_rho_0_8,,coverage,00,106,0,103,4,0,0,0,319,108,211,214,105,0,collision_intent:108;pi_entry:105;state:106,879,25,completed
67,PI,gilbert_elliot,pGG_0.99_pBB_0.81,19,361,4,,,pi_gilbert_elliott_drop_0_05_rho_0_8,,coverage,01,102,0,85,18,0,0,0,299,109,190,211,88,0,collision_intent:109;pi_entry:88;state:102,880,44,completed
67,PI,gilbert_elliot,pGG_0.99_pBB_0.81,19,361,4,,,pi_gilbert_elliott_drop_0_05_rho_0_8,,coverage,02,107,0,87,21,0,0,0,297,107,190,214,83,0,collision_intent:107;pi_entry:83;state:107,897,30,completed
67,PI,gilbert_elliot,pGG_0.99_pBB_0.81,19,361,4,,,pi_gilbert_elliott_drop_0_05_rho_0_8,,coverage,03,107,0,86,22,0,0,0,309,108,201,215,94,0,collision_intent:108;pi_clear_path:1;pi_entry:93;state:107,874,40,completed
68,PI,gilbert_elliot,pGG_0.99_pBB_0.81,19,361,4,,,pi_gilbert_elliott_drop_0_05_rho_0_8,,coverage,00,106,0,95,12,0,0,0,310,106,204,212,98,0,collision_intent:106;pi_entry:98;state:106,925,5,completed
68,PI,gilbert_elliot,pGG_0.99_pBB_0.81,19,361,4,,,pi_gilbert_elliott_drop_0_05_rho_0_8,,coverage,01,108,0,94,15,0,0,0,314,109,205,217,97,0,collision_intent:109;pi_entry:97;state:108,903,24,completed
68,PI,gilbert_elliot,pGG_0.99_pBB_0.81,19,361,4,,,pi_gilbert_elliott_drop_0_05_rho_0_8,,coverage,02,107,0,79,29,0,0,0,308,107,201,214,94,0,collision_intent:107;pi_clear_path:1;pi_entry:93;state:107,885,47,completed
68,PI,gilbert_elliot,pGG_0.99_pBB_0.81,19,361,4,,,pi_gilbert_elliott_drop_0_05_rho_0_8,,coverage,03,107,0,93,15,0,0,0,309,107,202,214,95,0,collision_intent:107;pi_entry:95;state:107,882,49,completed
69,PI,gilbert_elliot,pGG_0.99_pBB_0.81,19,361,4,,,pi_gilbert_elliott_drop_0_05_rho_0_8,,coverage,00,115,0,86,30,0,0,0,333,122,211,237,96,0,collision_intent:122;pi_entry:96;state:115,965,33,completed
69,PI,gilbert_elliot,pGG_0.99_pBB_0.81,19,361,4,,,pi_gilbert_elliott_drop_0_05_rho_0_8,,coverage,01,116,0,92,25,0,0,0,333,120,213,236,97,0,collision_intent:120;pi_entry:97;state:116,991,7,completed
69,PI,gilbert_elliot,pGG_0.99_pBB_0.81,19,361,4,,,pi_gilbert_elliott_drop_0_05_rho_0_8,,coverage,02,112,0,87,26,0,0,0,327,116,211,228,99,0,collision_intent:116;pi_entry:99;state:112,954,50,completed
69,PI,gilbert_elliot,pGG_0.99_pBB_0.81,19,361,4,,,pi_gilbert_elliott_drop_0_05_rho_0_8,,coverage,03,116,0,96,21,0,0,0,339,122,217,238,101,0,collision_intent:122;pi_entry:101;state:116,962,31,completed
70,PI,gilbert_elliot,pGG_0.99_pBB_0.81,19,361,4,,,pi_gilbert_elliott_drop_0_05_rho_0_8,,coverage,00,105,0,82,24,0,0,0,314,107,207,212,102,0,collision_intent:107;pi_entry:102;state:105,865,71,completed
70,PI,gilbert_elliot,pGG_0.99_pBB_0.81,19,361,4,,,pi_gilbert_elliott_drop_0_05_rho_0_8,,coverage,01,106,0,93,14,0,0,0,315,108,207,214,101,0,collision_intent:108;pi_entry:101;state:106,917,18,completed
70,PI,gilbert_elliot,pGG_0.99_pBB_0.81,19,361,4,,,pi_gilbert_elliott_drop_0_05_rho_0_8,,coverage,02,106,0,89,18,0,0,0,303,108,195,214,89,0,collision_intent:108;pi_clear_path:2;pi_entry:87;state:106,939,9,completed
70,PI,gilbert_elliot,pGG_0.99_pBB_0.81,19,361,4,,,pi_gilbert_elliott_drop_0_05_rho_0_8,,coverage,03,106,0,97,10,0,0,0,319,108,211,214,105,0,collision_intent:108;pi_entry:105;state:106,914,17,completed
71,PI,gilbert_elliot,pGG_0.99_pBB_0.81,19,361,4,,,pi_gilbert_elliott_drop_0_05_rho_0_8,,coverage,00,120,0,103,18,0,0,0,350,121,229,241,109,0,collision_intent:121;pi_entry:109;state:120,977,31,completed
71,PI,gilbert_elliot,pGG_0.99_pBB_0.81,19,361,4,,,pi_gilbert_elliott_drop_0_05_rho_0_8,,coverage,01,119,0,97,23,0,0,0,338,120,218,239,99,0,collision_intent:120;pi_entry:99;state:119,977,43,completed
71,PI,gilbert_elliot,pGG_0.99_pBB_0.81,19,361,4,,,pi_gilbert_elliott_drop_0_05_rho_0_8,,coverage,02,118,0,78,41,0,0,0,330,121,209,239,91,0,collision_intent:121;pi_entry:91;state:118,990,37,completed
71,PI,gilbert_elliot,pGG_0.99_pBB_0.81,19,361,4,,,pi_gilbert_elliott_drop_0_05_rho_0_8,,coverage,03,117,0,83,35,0,0,0,340,121,219,238,102,0,collision_intent:121;pi_entry:102;state:117,956,61,completed
72,PI,gilbert_elliot,pGG_0.99_pBB_0.81,19,361,4,,,pi_gilbert_elliott_drop_0_05_rho_0_8,,coverage,00,98,0,86,13,0,0,0,292,101,191,199,93,0,collision_intent:101;pi_entry:93;state:98,888,12,completed
72,PI,gilbert_elliot,pGG_0.99_pBB_0.81,19,361,4,,,pi_gilbert_elliott_drop_0_05_rho_0_8,,coverage,01,101,0,84,18,0,0,0,296,107,189,208,88,0,collision_intent:107;pi_entry:88;state:101,879,17,completed
72,PI,gilbert_elliot,pGG_0.99_pBB_0.81,19,361,4,,,pi_gilbert_elliott_drop_0_05_rho_0_8,,coverage,02,102,0,97,6,0,0,0,299,103,196,205,94,0,collision_intent:103;pi_entry:94;state:102,879,15,completed
72,PI,gilbert_elliot,pGG_0.99_pBB_0.81,19,361,4,,,pi_gilbert_elliott_drop_0_05_rho_0_8,,coverage,03,100,0,94,7,0,0,0,306,105,201,205,101,0,collision_intent:105;pi_entry:101;state:100,863,23,completed
73,PI,gilbert_elliot,pGG_0.99_pBB_0.81,19,361,4,,,pi_gilbert_elliott_drop_0_05_rho_0_8,,coverage,00,94,0,89,6,0,0,0,285,97,188,191,94,0,collision_intent:97;pi_entry:94;state:94,826,24,completed
73,PI,gilbert_elliot,pGG_0.99_pBB_0.81,19,361,4,,,pi_gilbert_elliott_drop_0_05_rho_0_8,,coverage,01,95,0,87,9,0,0,0,285,95,190,190,95,0,collision_intent:95;pi_entry:95;state:95,808,41,completed
73,PI,gilbert_elliot,pGG_0.99_pBB_0.81,19,361,4,,,pi_gilbert_elliott_drop_0_05_rho_0_8,,coverage,02,95,0,91,5,0,0,0,280,96,184,191,89,0,collision_intent:96;pi_entry:89;state:95,830,24,completed
73,PI,gilbert_elliot,pGG_0.99_pBB_0.81,19,361,4,,,pi_gilbert_elliott_drop_0_05_rho_0_8,,coverage,03,95,0,94,2,0,0,0,285,95,190,190,95,0,collision_intent:95;pi_clear_path:1;pi_entry:94;state:95,845,4,completed
74,PI,gilbert_elliot,pGG_0.99_pBB_0.81,19,361,4,,,pi_gilbert_elliott_drop_0_05_rho_0_8,,coverage,00,103,0,91,13,0,0,0,308,106,202,209,99,0,collision_intent:106;pi_entry:99;state:103,844,37,completed
74,PI,gilbert_elliot,pGG_0.99_pBB_0.81,19,361,4,,,pi_gilbert_elliott_drop_0_05_rho_0_8,,coverage,01,101,0,84,18,0,0,0,290,101,189,202,88,0,collision_intent:101;pi_entry:88;state:101,872,26,completed
74,PI,gilbert_elliot,pGG_0.99_pBB_0.81,19,361,4,,,pi_gilbert_elliott_drop_0_05_rho_0_8,,coverage,02,103,0,99,5,0,0,0,300,103,197,206,94,0,collision_intent:103;pi_entry:94;state:103,883,5,completed
74,PI,gilbert_elliot,pGG_0.99_pBB_0.81,19,361,4,,,pi_gilbert_elliott_drop_0_05_rho_0_8,,coverage,03,100,0,87,14,0,0,0,292,103,189,203,89,0,collision_intent:103;pi_entry:89;state:100,864,33,completed
75,PI,gilbert_elliot,pGG_0.99_pBB_0.81,19,361,4,,,pi_gilbert_elliott_drop_0_05_rho_0_8,,coverage,00,110,0,105,6,0,0,0,326,112,214,222,104,0,collision_intent:112;pi_entry:104;state:110,963,9,completed
75,PI,gilbert_elliot,pGG_0.99_pBB_0.81,19,361,4,,,pi_gilbert_elliott_drop_0_05_rho_0_8,,coverage,01,114,0,93,22,0,0,0,336,116,220,230,106,0,collision_intent:116;pi_entry:106;state:114,911,52,completed
75,PI,gilbert_elliot,pGG_0.99_pBB_0.81,19,361,4,,,pi_gilbert_elliott_drop_0_05_rho_0_8,,coverage,02,110,0,83,28,0,0,0,324,116,208,226,98,0,collision_intent:116;pi_clear_path:1;pi_entry:97;state:110,944,30,completed
75,PI,gilbert_elliot,pGG_0.99_pBB_0.81,19,361,4,,,pi_gilbert_elliott_drop_0_05_rho_0_8,,coverage,03,112,0,80,33,0,0,0,313,114,199,226,87,0,collision_intent:114;pi_entry:87;state:112,981,4,completed
76,PI,gilbert_elliot,pGG_0.99_pBB_0.81,19,361,4,,,pi_gilbert_elliott_drop_0_05_rho_0_8,,coverage,00,113,0,113,1,0,0,0,335,113,222,226,109,0,collision_intent:113;pi_entry:109;state:113,938,15,completed
76,PI,gilbert_elliot,pGG_0.99_pBB_0.81,19,361,4,,,pi_gilbert_elliott_drop_0_05_rho_0_8,,coverage,01,110,0,103,8,0,0,0,328,112,216,222,106,0,collision_intent:112;pi_entry:106;state:110,936,23,completed
76,PI,gilbert_elliot,pGG_0.99_pBB_0.81,19,361,4,,,pi_gilbert_elliott_drop_0_05_rho_0_8,,coverage,02,109,0,54,56,0,0,0,306,113,193,222,84,0,collision_intent:113;pi_entry:84;state:109,902,79,completed
76,PI,gilbert_elliot,pGG_0.99_pBB_0.81,19,361,4,,,pi_gilbert_elliott_drop_0_05_rho_0_8,,coverage,03,106,0,91,16,0,0,0,319,112,207,218,101,0,collision_intent:112;pi_entry:101;state:106,896,72,completed
77,PI,gilbert_elliot,pGG_0.99_pBB_0.81,19,361,4,,,pi_gilbert_elliott_drop_0_05_rho_0_8,,coverage,00,156,0,153,4,0,0,0,461,157,304,313,148,0,collision_intent:157;pi_entry:148;state:156,942,38,completed
77,PI,gilbert_elliot,pGG_0.99_pBB_0.81,19,361,4,,,pi_gilbert_elliott_drop_0_05_rho_0_8,,coverage,01,36,0,34,3,0,0,0,265,38,227,74,191,0,collision_intent:38;pi_entry:191;state:36,1135,41,completed
77,PI,gilbert_elliot,pGG_0.99_pBB_0.81,19,361,4,,,pi_gilbert_elliott_drop_0_05_rho_0_8,,coverage,02,156,0,139,18,0,0,0,459,157,302,313,146,0,collision_intent:157;pi_entry:146;state:156,896,87,completed
77,PI,gilbert_elliot,pGG_0.99_pBB_0.81,19,361,4,,,pi_gilbert_elliott_drop_0_05_rho_0_8,,coverage,03,37,0,35,3,0,0,0,257,40,217,77,180,0,collision_intent:40;pi_entry:180;state:37,1161,23,completed
78,PI,gilbert_elliot,pGG_0.99_pBB_0.81,19,361,4,,,pi_gilbert_elliott_drop_0_05_rho_0_8,,coverage,00,60,0,61,0,0,0,0,277,61,216,121,156,0,collision_intent:61;pi_entry:156;state:60,1043,67,completed
78,PI,gilbert_elliot,pGG_0.99_pBB_0.81,19,361,4,,,pi_gilbert_elliott_drop_0_05_rho_0_8,,coverage,01,140,0,130,11,0,0,0,417,144,273,284,133,0,collision_intent:144;pi_entry:133;state:140,955,16,completed
78,PI,gilbert_elliot,pGG_0.99_pBB_0.81,19,361,4,,,pi_gilbert_elliott_drop_0_05_rho_0_8,,coverage,02,59,0,41,19,0,0,0,272,63,209,122,150,0,collision_intent:63;pi_entry:150;state:59,1049,66,completed
78,PI,gilbert_elliot,pGG_0.99_pBB_0.81,19,361,4,,,pi_gilbert_elliott_drop_0_05_rho_0_8,,coverage,03,141,0,129,13,0,0,0,422,146,276,287,135,0,collision_intent:146;pi_entry:135;state:141,944,21,completed
79,PI,gilbert_elliot,pGG_0.99_pBB_0.81,19,361,4,,,pi_gilbert_elliott_drop_0_05_rho_0_8,,coverage,00,101,0,78,24,0,0,0,299,103,196,204,95,0,collision_intent:103;pi_entry:95;state:101,873,38,completed
79,PI,gilbert_elliot,pGG_0.99_pBB_0.81,19,361,4,,,pi_gilbert_elliott_drop_0_05_rho_0_8,,coverage,01,99,0,96,4,0,0,0,302,103,199,202,100,0,collision_intent:103;pi_entry:100;state:99,877,31,completed
79,PI,gilbert_elliot,pGG_0.99_pBB_0.81,19,361,4,,,pi_gilbert_elliott_drop_0_05_rho_0_8,,coverage,02,105,0,97,9,0,0,0,310,105,205,210,100,0,collision_intent:105;pi_clear_path:1;pi_entry:99;state:105,896,4,completed
79,PI,gilbert_elliot,pGG_0.99_pBB_0.81,19,361,4,,,pi_gilbert_elliott_drop_0_05_rho_0_8,,coverage,03,100,0,90,11,0,0,0,300,104,196,204,96,0,collision_intent:104;pi_entry:96;state:100,885,26,completed
80,PI,gilbert_elliot,pGG_0.99_pBB_0.81,19,361,4,,,pi_gilbert_elliott_drop_0_05_rho_0_8,,coverage,00,117,0,97,21,0,0,0,333,117,216,234,99,0,collision_intent:117;pi_clear_path:1;pi_entry:98;state:117,978,1,completed
80,PI,gilbert_elliot,pGG_0.99_pBB_0.81,19,361,4,,,pi_gilbert_elliott_drop_0_05_rho_0_8,,coverage,01,116,0,96,21,0,0,0,330,117,213,233,97,0,collision_intent:117;pi_entry:97;state:116,966,17,completed
80,PI,gilbert_elliot,pGG_0.99_pBB_0.81,19,361,4,,,pi_gilbert_elliott_drop_0_05_rho_0_8,,coverage,02,109,0,77,33,0,0,0,321,114,207,223,98,0,collision_intent:114;pi_entry:98;state:109,936,55,completed
80,PI,gilbert_elliot,pGG_0.99_pBB_0.81,19,361,4,,,pi_gilbert_elliott_drop_0_05_rho_0_8,,coverage,03,115,0,91,25,0,0,0,329,119,210,234,95,0,collision_intent:119;pi_entry:95;state:115,948,35,completed
81,PI,gilbert_elliot,pGG_0.99_pBB_0.81,19,361,4,,,pi_gilbert_elliott_drop_0_05_rho_0_8,,coverage,00,111,0,111,1,0,0,0,332,112,220,223,109,0,collision_intent:112;pi_entry:109;state:111,915,15,completed
81,PI,gilbert_elliot,pGG_0.99_pBB_0.81,19,361,4,,,pi_gilbert_elliott_drop_0_05_rho_0_8,,coverage,01,106,0,80,27,0,0,0,302,111,191,217,85,0,collision_intent:111;pi_clear_path:1;pi_entry:84;state:106,934,25,completed
81,PI,gilbert_elliot,pGG_0.99_pBB_0.81,19,361,4,,,pi_gilbert_elliott_drop_0_05_rho_0_8,,coverage,02,108,0,98,11,0,0,0,322,110,212,218,104,0,collision_intent:110;pi_entry:104;state:108,928,11,completed
81,PI,gilbert_elliot,pGG_0.99_pBB_0.81,19,361,4,,,pi_gilbert_elliott_drop_0_05_rho_0_8,,coverage,03,107,0,72,36,0,0,0,306,114,192,221,85,0,collision_intent:114;pi_clear_path:1;pi_entry:84;state:107,938,17,completed
82,PI,gilbert_elliot,pGG_0.99_pBB_0.81,19,361,4,,,pi_gilbert_elliott_drop_0_05_rho_0_8,,coverage,00,120,0,103,18,0,0,0,349,126,223,246,103,0,collision_intent:126;pi_entry:103;state:120,987,30,completed
82,PI,gilbert_elliot,pGG_0.99_pBB_0.81,19,361,4,,,pi_gilbert_elliott_drop_0_05_rho_0_8,,coverage,01,120,0,96,25,0,0,0,351,124,227,244,107,0,collision_intent:124;pi_entry:107;state:120,976,38,completed
82,PI,gilbert_elliot,pGG_0.99_pBB_0.81,19,361,4,,,pi_gilbert_elliott_drop_0_05_rho_0_8,,coverage,02,119,0,84,36,0,0,0,342,121,221,240,102,0,collision_intent:121;pi_entry:102;state:119,953,71,completed
82,PI,gilbert_elliot,pGG_0.99_pBB_0.81,19,361,4,,,pi_gilbert_elliott_drop_0_05_rho_0_8,,coverage,03,116,0,78,39,0,0,0,324,120,204,236,88,0,collision_intent:120;pi_entry:88;state:116,992,49,completed
83,PI,gilbert_elliot,pGG_0.99_pBB_0.81,19,361,4,,,pi_gilbert_elliott_drop_0_05_rho_0_8,,coverage,00,102,0,76,27,0,0,0,301,106,195,208,93,0,collision_intent:106;pi_entry:93;state:102,922,32,completed
83,PI,gilbert_elliot,pGG_0.99_pBB_0.81,19,361,4,,,pi_gilbert_elliott_drop_0_05_rho_0_8,,coverage,01,108,0,98,11,0,0,0,324,114,210,222,102,0,collision_intent:114;pi_entry:102;state:108,898,33,completed
83,PI,gilbert_elliot,pGG_0.99_pBB_0.81,19,361,4,,,pi_gilbert_elliott_drop_0_05_rho_0_8,,coverage,02,106,0,87,20,0,0,0,313,108,205,214,99,0,collision_intent:108;pi_entry:99;state:106,893,48,completed
83,PI,gilbert_elliot,pGG_0.99_pBB_0.81,19,361,4,,,pi_gilbert_elliott_drop_0_05_rho_0_8,,coverage,03,108,0,100,9,0,0,0,317,108,209,216,101,0,collision_intent:108;pi_entry:101;state:108,891,47,completed
84,PI,gilbert_elliot,pGG_0.99_pBB_0.81,19,361,4,,,pi_gilbert_elliott_drop_0_05_rho_0_8,,coverage,00,107,0,93,15,0,0,0,314,111,203,218,96,0,collision_intent:111;pi_entry:96;state:107,913,32,completed
84,PI,gilbert_elliot,pGG_0.99_pBB_0.81,19,361,4,,,pi_gilbert_elliott_drop_0_05_rho_0_8,,coverage,01,109,0,87,23,0,0,0,321,110,211,219,102,0,collision_intent:110;pi_entry:102;state:109,911,26,completed
84,PI,gilbert_elliot,pGG_0.99_pBB_0.81,19,361,4,,,pi_gilbert_elliott_drop_0_05_rho_0_8,,coverage,02,111,0,95,17,0,0,0,319,112,207,223,96,0,collision_intent:112;pi_entry:96;state:111,913,26,completed
84,PI,gilbert_elliot,pGG_0.99_pBB_0.81,19,361,4,,,pi_gilbert_elliott_drop_0_05_rho_0_8,,coverage,03,106,0,86,21,0,0,0,305,111,194,217,88,0,collision_intent:111;pi_clear_path:1;pi_entry:87;state:106,917,36,completed
85,PI,gilbert_elliot,pGG_0.99_pBB_0.81,19,361,4,,,pi_gilbert_elliott_drop_0_05_rho_0_8,,coverage,00,105,0,90,16,0,0,0,314,111,203,216,98,0,collision_intent:111;pi_entry:98;state:105,914,14,completed
85,PI,gilbert_elliot,pGG_0.99_pBB_0.81,19,361,4,,,pi_gilbert_elliott_drop_0_05_rho_0_8,,coverage,01,106,0,94,13,0,0,0,313,110,203,216,97,0,collision_intent:110;pi_entry:97;state:106,918,12,completed
85,PI,gilbert_elliot,pGG_0.99_pBB_0.81,19,361,4,,,pi_gilbert_elliott_drop_0_05_rho_0_8,,coverage,02,109,0,93,17,0,0,0,310,109,201,218,92,0,collision_intent:109;pi_clear_path:1;pi_entry:91;state:109,911,22,completed
85,PI,gilbert_elliot,pGG_0.99_pBB_0.81,19,361,4,,,pi_gilbert_elliott_drop_0_05_rho_0_8,,coverage,03,106,0,84,23,0,0,0,307,110,197,216,91,0,collision_intent:110;pi_clear_path:1;pi_entry:90;state:106,906,29,completed
86,PI,gilbert_elliot,pGG_0.99_pBB_0.81,19,361,4,,,pi_gilbert_elliott_drop_0_05_rho_0_8,,coverage,00,113,0,99,15,0,0,0,334,120,214,233,101,0,collision_intent:120;pi_clear_path:1;pi_entry:100;state:113,952,9,completed
86,PI,gilbert_elliot,pGG_0.99_pBB_0.81,19,361,4,,,pi_gilbert_elliott_drop_0_05_rho_0_8,,coverage,01,112,0,90,23,0,0,0,326,117,209,229,97,0,collision_intent:117;pi_entry:97;state:112,947,21,completed
86,PI,gilbert_elliot,pGG_0.99_pBB_0.81,19,361,4,,,pi_gilbert_elliott_drop_0_05_rho_0_8,,coverage,02,112,0,73,40,0,0,0,316,117,199,229,87,0,collision_intent:117;pi_entry:87;state:112,941,39,completed
86,PI,gilbert_elliot,pGG_0.99_pBB_0.81,19,361,4,,,pi_gilbert_elliott_drop_0_05_rho_0_8,,coverage,03,111,0,99,13,0,0,0,320,113,207,224,96,0,collision_intent:113;pi_entry:96;state:111,958,17,completed
87,PI,gilbert_elliot,pGG_0.99_pBB_0.81,19,361,4,,,pi_gilbert_elliott_drop_0_05_rho_0_8,,coverage,00,116,0,103,14,0,0,0,339,118,221,234,105,0,collision_intent:118;pi_entry:105;state:116,1001,3,completed
87,PI,gilbert_elliot,pGG_0.99_pBB_0.81,19,361,4,,,pi_gilbert_elliott_drop_0_05_rho_0_8,,coverage,01,118,0,104,15,0,0,0,344,119,225,237,107,0,collision_intent:119;pi_entry:107;state:118,970,29,completed
87,PI,gilbert_elliot,pGG_0.99_pBB_0.81,19,361,4,,,pi_gilbert_elliott_drop_0_05_rho_0_8,,coverage,02,118,0,98,21,0,0,0,337,121,216,239,98,0,collision_intent:121;pi_entry:98;state:118,986,21,completed
87,PI,gilbert_elliot,pGG_0.99_pBB_0.81,19,361,4,,,pi_gilbert_elliott_drop_0_05_rho_0_8,,coverage,03,119,0,56,64,0,0,0,324,120,204,239,85,0,collision_intent:120;pi_entry:85;state:119,966,53,completed
88,PI,gilbert_elliot,pGG_0.99_pBB_0.81,19,361,4,,,pi_gilbert_elliott_drop_0_05_rho_0_8,,coverage,00,106,0,102,5,0,0,0,315,106,209,212,103,0,collision_intent:106;pi_entry:103;state:106,877,32,completed
88,PI,gilbert_elliot,pGG_0.99_pBB_0.81,19,361,4,,,pi_gilbert_elliott_drop_0_05_rho_0_8,,coverage,01,101,0,72,30,0,0,0,296,104,192,205,91,0,collision_intent:104;pi_entry:91;state:101,885,43,completed
88,PI,gilbert_elliot,pGG_0.99_pBB_0.81,19,361,4,,,pi_gilbert_elliott_drop_0_05_rho_0_8,,coverage,02,105,0,98,8,0,0,0,308,105,203,210,98,0,collision_intent:105;pi_entry:98;state:105,901,15,completed
88,PI,gilbert_elliot,pGG_0.99_pBB_0.81,19,361,4,,,pi_gilbert_elliott_drop_0_05_rho_0_8,,coverage,03,104,0,89,16,0,0,0,306,106,200,210,96,0,collision_intent:106;pi_clear_path:2;pi_entry:94;state:104,884,35,completed
89,PI,gilbert_elliot,pGG_0.99_pBB_0.81,19,361,4,,,pi_gilbert_elliott_drop_0_05_rho_0_8,,coverage,00,103,0,67,37,0,0,0,300,115,185,218,82,0,collision_intent:115;pi_clear_path:1;pi_entry:81;state:103,938,21,completed
89,PI,gilbert_elliot,pGG_0.99_pBB_0.81,19,361,4,,,pi_gilbert_elliott_drop_0_05_rho_0_8,,coverage,01,108,0,105,4,0,0,0,324,112,212,220,104,0,collision_intent:112;pi_clear_path:1;pi_entry:103;state:108,880,55,completed
89,PI,gilbert_elliot,pGG_0.99_pBB_0.81,19,361,4,,,pi_gilbert_elliott_drop_0_05_rho_0_8,,coverage,02,108,0,93,16,0,0,0,320,114,206,222,98,0,collision_intent:114;pi_entry:98;state:108,920,20,completed
89,PI,gilbert_elliot,pGG_0.99_pBB_0.81,19,361,4,,,pi_gilbert_elliott_drop_0_05_rho_0_8,,coverage,03,109,0,96,14,0,0,0,316,112,204,221,95,0,collision_intent:112;pi_entry:95;state:109,896,48,completed
90,PI,gilbert_elliot,pGG_0.99_pBB_0.81,19,361,4,,,pi_gilbert_elliott_drop_0_05_rho_0_8,,coverage,00,105,0,84,22,0,0,0,308,107,201,212,96,0,collision_intent:107;pi_entry:96;state:105,891,34,completed
90,PI,gilbert_elliot,pGG_0.99_pBB_0.81,19,361,4,,,pi_gilbert_elliott_drop_0_05_rho_0_8,,coverage,01,106,0,104,3,0,0,0,314,106,208,212,102,0,collision_intent:106;pi_entry:102;state:106,912,6,completed
90,PI,gilbert_elliot,pGG_0.99_pBB_0.81,19,361,4,,,pi_gilbert_elliott_drop_0_05_rho_0_8,,coverage,02,105,0,84,22,0,0,0,308,108,200,213,95,0,collision_intent:108;pi_entry:95;state:105,869,54,completed
90,PI,gilbert_elliot,pGG_0.99_pBB_0.81,19,361,4,,,pi_gilbert_elliott_drop_0_05_rho_0_8,,coverage,03,102,0,89,14,0,0,0,303,105,198,207,96,0,collision_intent:105;pi_entry:96;state:102,891,38,completed
91,PI,gilbert_elliot,pGG_0.99_pBB_0.81,19,361,4,,,pi_gilbert_elliott_drop_0_05_rho_0_8,,coverage,00,106,0,89,18,0,0,0,315,113,202,219,96,0,collision_intent:113;pi_entry:96;state:106,916,10,completed
91,PI,gilbert_elliot,pGG_0.99_pBB_0.81,19,361,4,,,pi_gilbert_elliott_drop_0_05_rho_0_8,,coverage,01,107,0,93,15,0,0,0,315,108,207,215,100,0,collision_intent:108;pi_clear_path:1;pi_entry:99;state:107,892,35,completed
91,PI,gilbert_elliot,pGG_0.99_pBB_0.81,19,361,4,,,pi_gilbert_elliott_drop_0_05_rho_0_8,,coverage,02,104,0,85,20,0,0,0,307,109,198,213,94,0,collision_intent:109;pi_entry:94;state:104,917,17,completed
91,PI,gilbert_elliot,pGG_0.99_pBB_0.81,19,361,4,,,pi_gilbert_elliott_drop_0_05_rho_0_8,,coverage,03,107,0,94,14,0,0,0,305,108,197,215,90,0,collision_intent:108;pi_clear_path:1;pi_entry:89;state:107,924,12,completed
92,PI,gilbert_elliot,pGG_0.99_pBB_0.81,19,361,4,,,pi_gilbert_elliott_drop_0_05_rho_0_8,,coverage,00,107,0,82,26,0,0,0,304,108,196,215,89,0,collision_intent:108;pi_entry:89;state:107,931,17,completed
92,PI,gilbert_elliot,pGG_0.99_pBB_0.81,19,361,4,,,pi_gilbert_elliott_drop_0_05_rho_0_8,,coverage,01,110,0,98,13,0,0,0,317,110,207,220,97,0,collision_intent:110;pi_entry:97;state:110,915,20,completed
92,PI,gilbert_elliot,pGG_0.99_pBB_0.81,19,361,4,,,pi_gilbert_elliott_drop_0_05_rho_0_8,,coverage,02,108,0,91,18,0,0,0,313,108,205,216,97,0,collision_intent:108;pi_entry:97;state:108,916,24,completed
92,PI,gilbert_elliot,pGG_0.99_pBB_0.81,19,361,4,,,pi_gilbert_elliott_drop_0_05_rho_0_8,,coverage,03,108,0,90,19,0,0,0,319,110,209,218,101,0,collision_intent:110;pi_entry:101;state:108,881,52,completed
93,PI,gilbert_elliot,pGG_0.99_pBB_0.81,19,361,4,,,pi_gilbert_elliott_drop_0_05_rho_0_8,,coverage,00,105,0,80,26,0,0,0,301,109,192,214,87,0,collision_intent:109;pi_entry:87;state:105,929,25,completed
93,PI,gilbert_elliot,pGG_0.99_pBB_0.81,19,361,4,,,pi_gilbert_elliott_drop_0_05_rho_0_8,,coverage,01,109,0,86,24,0,0,0,312,110,202,219,93,0,collision_intent:110;pi_entry:93;state:109,932,10,completed
93,PI,gilbert_elliot,pGG_0.99_pBB_0.81,19,361,4,,,pi_gilbert_elliott_drop_0_05_rho_0_8,,coverage,02,111,0,99,13,0,0,0,325,113,212,224,101,0,collision_intent:113;pi_clear_path:1;pi_entry:100;state:111,909,20,completed
93,PI,gilbert_elliot,pGG_0.99_pBB_0.81,19,361,4,,,pi_gilbert_elliott_drop_0_05_rho_0_8,,coverage,03,110,0,96,15,0,0,0,317,111,206,221,96,0,collision_intent:111;pi_clear_path:1;pi_entry:95;state:110,921,16,completed
94,PI,gilbert_elliot,pGG_0.99_pBB_0.81,19,361,4,,,pi_gilbert_elliott_drop_0_05_rho_0_8,,coverage,00,115,0,101,15,0,0,0,346,125,221,240,106,0,collision_intent:125;pi_entry:106;state:115,977,16,completed
94,PI,gilbert_elliot,pGG_0.99_pBB_0.81,19,361,4,,,pi_gilbert_elliott_drop_0_05_rho_0_8,,coverage,01,118,0,104,15,0,0,0,344,120,224,238,106,0,collision_intent:120;pi_entry:106;state:118,957,38,completed
94,PI,gilbert_elliot,pGG_0.99_pBB_0.81,19,361,4,,,pi_gilbert_elliott_drop_0_05_rho_0_8,,coverage,02,119,0,59,61,0,0,0,324,119,205,238,86,0,collision_intent:119;pi_entry:86;state:119,931,84,completed
94,PI,gilbert_elliot,pGG_0.99_pBB_0.81,19,361,4,,,pi_gilbert_elliott_drop_0_05_rho_0_8,,coverage,03,120,0,97,24,0,0,0,326,120,206,240,86,0,collision_intent:120;pi_entry:86;state:120,995,19,completed
95,PI,gilbert_elliot,pGG_0.99_pBB_0.81,19,361,4,,,pi_gilbert_elliott_drop_0_05_rho_0_8,,coverage,00,118,0,69,50,0,0,0,342,129,213,247,95,0,collision_intent:129;pi_clear_path:1;pi_entry:94;state:118,1040,45,completed
95,PI,gilbert_elliot,pGG_0.99_pBB_0.81,19,361,4,,,pi_gilbert_elliott_drop_0_05_rho_0_8,,coverage,01,129,0,111,19,0,0,0,376,130,246,259,117,0,collision_intent:130;pi_clear_path:1;pi_entry:116;state:129,1041,10,completed
95,PI,gilbert_elliot,pGG_0.99_pBB_0.81,19,361,4,,,pi_gilbert_elliott_drop_0_05_rho_0_8,,coverage,02,126,0,92,35,0,0,0,350,126,224,252,98,0,collision_intent:126;pi_entry:98;state:126,1028,50,completed
95,PI,gilbert_elliot,pGG_0.99_pBB_0.81,19,361,4,,,pi_gilbert_elliott_drop_0_05_rho_0_8,,coverage,03,124,0,89,36,0,0,0,360,129,231,253,107,0,collision_intent:129;pi_clear_path:1;pi_entry:106;state:124,1002,65,completed
96,PI,gilbert_elliot,pGG_0.99_pBB_0.81,19,361,4,,,pi_gilbert_elliott_drop_0_05_rho_0_8,,coverage,00,100,0,92,9,0,0,0,305,105,200,205,100,0,collision_intent:105;pi_entry:100;state:100,872,12,completed
96,PI,gilbert_elliot,pGG_0.99_pBB_0.81,19,361,4,,,pi_gilbert_elliott_drop_0_05_rho_0_8,,coverage,01,99,0,84,16,0,0,0,298,102,196,201,97,0,collision_intent:102;pi_entry:97;state:99,867,25,completed
96,PI,gilbert_elliot,pGG_0.99_pBB_0.81,19,361,4,,,pi_gilbert_elliott_drop_0_05_rho_0_8,,coverage,02,100,0,98,3,0,0,0,297,100,197,200,97,0,collision_intent:100;pi_entry:97;state:100,867,25,completed
96,PI,gilbert_elliot,pGG_0.99_pBB_0.81,19,361,4,,,pi_gilbert_elliott_drop_0_05_rho_0_8,,coverage,03,98,0,87,12,0,0,0,290,99,191,197,93,0,collision_intent:99;pi_entry:93;state:98,869,30,completed
97,PI,gilbert_elliot,pGG_0.99_pBB_0.81,19,361,4,,,pi_gilbert_elliott_drop_0_05_rho_0_8,,coverage,00,100,0,87,14,0,0,0,302,104,198,204,98,0,collision_intent:104;pi_entry:98;state:100,885,25,completed
97,PI,gilbert_elliot,pGG_0.99_pBB_0.81,19,361,4,,,pi_gilbert_elliott_drop_0_05_rho_0_8,,coverage,01,102,0,95,8,0,0,0,306,105,201,207,99,0,collision_intent:105;pi_entry:99;state:102,893,13,completed
97,PI,gilbert_elliot,pGG_0.99_pBB_0.81,19,361,4,,,pi_gilbert_elliott_drop_0_05_rho_0_8,,coverage,02,103,0,86,18,0,0,0,301,106,195,209,92,0,collision_intent:106;pi_entry:92;state:103,842,70,completed
97,PI,gilbert_elliot,pGG_0.99_pBB_0.81,19,361,4,,,pi_gilbert_elliott_drop_0_05_rho_0_8,,coverage,03,103,0,93,11,0,0,0,304,104,200,207,97,0,collision_intent:104;pi_clear_path:1;pi_entry:96;state:103,904,4,completed
98,PI,gilbert_elliot,pGG_0.99_pBB_0.81,19,361,4,,,pi_gilbert_elliott_drop_0_05_rho_0_8,,coverage,00,117,0,90,28,0,0,0,329,117,212,234,95,0,collision_intent:117;pi_entry:95;state:117,947,45,completed
98,PI,gilbert_elliot,pGG_0.99_pBB_0.81,19,361,4,,,pi_gilbert_elliott_drop_0_05_rho_0_8,,coverage,01,116,0,89,28,0,0,0,334,120,214,236,98,0,collision_intent:120;pi_entry:98;state:116,944,44,completed
98,PI,gilbert_elliot,pGG_0.99_pBB_0.81,19,361,4,,,pi_gilbert_elliott_drop_0_05_rho_0_8,,coverage,02,117,0,86,32,0,0,0,324,118,206,235,89,0,collision_intent:118;pi_entry:89;state:117,976,21,completed
98,PI,gilbert_elliot,pGG_0.99_pBB_0.81,19,361,4,,,pi_gilbert_elliott_drop_0_05_rho_0_8,,coverage,03,117,0,96,22,0,0,0,335,117,218,234,101,0,collision_intent:117;pi_entry:101;state:117,965,21,completed
99,PI,gilbert_elliot,pGG_0.99_pBB_0.81,19,361,4,,,pi_gilbert_elliott_drop_0_05_rho_0_8,,coverage,00,96,0,93,4,0,0,0,288,97,191,193,95,0,collision_intent:97;pi_entry:95;state:96,848,8,completed
99,PI,gilbert_elliot,pGG_0.99_pBB_0.81,19,361,4,,,pi_gilbert_elliott_drop_0_05_rho_0_8,,coverage,01,97,0,92,6,0,0,0,289,99,190,196,93,0,collision_intent:99;pi_entry:93;state:97,842,13,completed
99,PI,gilbert_elliot,pGG_0.99_pBB_0.81,19,361,4,,,pi_gilbert_elliott_drop_0_05_rho_0_8,,coverage,02,97,0,94,4,0,0,0,289,98,191,195,94,0,collision_intent:98;pi_entry:94;state:97,831,26,completed
99,PI,gilbert_elliot,pGG_0.99_pBB_0.81,19,361,4,,,pi_gilbert_elliott_drop_0_05_rho_0_8,,coverage,03,96,0,82,15,0,0,0,280,98,182,194,86,0,collision_intent:98;pi_clear_path:1;pi_entry:85;state:96,843,22,completed
