trial_id,trial_mode,algorithm,comm_model,comm_level,grid_size,grid_cells,robot_count,target_count,condition_id,scenario_file,robot_id,steps_total,targets_found,task_cell_revisits,unique_cells_contributed,system_revisits_by_robot,task_cell_replans,path_replans,collision_prevention_events,blocked_task_quarantines,blocked_task_quarantine_time_s,maximum_quarantine_level,stall_recoveries,messages_sent,core_messages_sent,allocation_messages_sent,messages_delivered_to_robot,messages_dropped_to_robot,allocator_calls,allocator_time_ms_total,allocator_time_ms_mean,allocator_time_ms_median,allocator_time_ms_p95,allocator_time_ms_max,allocator_solve_time_ms_total,allocator_solve_time_ms_mean,allocator_solve_time_ms_median,allocator_solve_time_ms_p95,allocator_solve_time_ms_max,candidate_filter_calls,candidate_filter_time_ms_total,candidate_filter_time_ms_mean,candidate_filter_time_ms_median,candidate_filter_time_ms_p95,candidate_filter_time_ms_max,trial_status
0,known_visit,HIPC,bernoulli,drop_0.25,19,361,3,10,hipc_g19_d140_bernoulli_drop_0_25,reruns\grid_density\scenarios\cv\known_visit_grid19_targets10_trials50.csv,00,29,3,0,29,1,1,0,0,0,0.0,0,0,70,60,10,109,26,6,4.8132,0.8022,0.77115,1.2332,1.2332,3.4091,0.5681833333333334,0.52075,0.9963,0.9963,6,1.4041,0.23401666666666665,0.2355,0.2673,0.2673,completed
0,known_visit,HIPC,bernoulli,drop_0.25,19,361,3,10,hipc_g19_d140_bernoulli_drop_0_25,reruns\grid_density\scenarios\cv\known_visit_grid19_targets10_trials50.csv,01,26,3,0,27,0,2,0,0,0,0.0,0,0,65,54,11,119,21,21,10.6047,0.5049857142857143,0.3701,0.9894,1.0212,6.2798,0.2990380952380952,0.1802,0.7563,0.7831,21,4.3249,0.20594761904761907,0.1915,0.2562,0.3072,completed
0,known_visit,HIPC,bernoulli,drop_0.25,19,361,3,10,hipc_g19_d140_bernoulli_drop_0_25,reruns\grid_density\scenarios\cv\known_visit_grid19_targets10_trials50.csv,02,30,4,0,31,0,0,0,0,0,0.0,0,0,70,61,9,120,15,8,5.8767,0.7345875,0.69275,1.1872,1.1872,4.1209999999999996,0.5151249999999999,0.47109999999999996,0.926,0.926,8,1.7557,0.2194625,0.22165,0.2612,0.2612,completed
1,known_visit,HIPC,bernoulli,drop_0.25,19,361,3,10,hipc_g19_d140_bernoulli_drop_0_25,reruns\grid_density\scenarios\cv\known_visit_grid19_targets10_trials50.csv,00,32,5,0,33,0,0,0,0,0,0.0,0,0,75,66,9,108,25,15,8.600999999999999,0.5733999999999999,0.346,1.3111,1.3111,5.2934,0.35289333333333334,0.157,1.0052,1.0052,15,3.3076,0.22050666666666666,0.2047,0.3651,0.3651,completed
1,known_visit,HIPC,bernoulli,drop_0.25,19,361,3,10,hipc_g19_d140_bernoulli_drop_0_25,reruns\grid_density\scenarios\cv\known_visit_grid19_targets10_trials50.csv,01,30,2,1,28,3,0,1,1,0,0.0,0,0,76,63,13,116,15,18,10.1127,0.5618166666666666,0.54135,1.2092,1.2092,6.4318,0.3573222222222222,0.34595,0.9585,0.9585,18,3.6809,0.20449444444444442,0.19605,0.2682,0.2682,completed
1,known_visit,HIPC,bernoulli,drop_0.25,19,361,3,10,hipc_g19_d140_bernoulli_drop_0_25,reruns\grid_density\scenarios\cv\known_visit_grid19_targets10_trials50.csv,02,20,3,2,16,5,0,0,0,0,0.0,0,0,57,43,14,128,22,52,20.0019,0.3846519230769231,0.2636,0.8587,1.1093,10.3221,0.1985019230769231,0.0911,0.6303,0.8466,52,9.6798,0.18615,0.1707,0.25,0.3088,completed
2,known_visit,HIPC,bernoulli,drop_0.25,19,361,3,10,hipc_g19_d140_bernoulli_drop_0_25,reruns\grid_density\scenarios\cv\known_visit_grid19_targets10_trials50.csv,00,23,3,0,24,0,0,0,0,0,0.0,0,0,55,48,7,122,21,29,8.682,0.2993793103448276,0.207,0.8705,1.0563,4.5516000000000005,0.15695172413793104,0.0851,0.7022,0.801,29,4.1304,0.14242758620689655,0.1224,0.2553,0.269,completed
2,known_visit,HIPC,bernoulli,drop_0.25,19,361,3,10,hipc_g19_d140_bernoulli_drop_0_25,reruns\grid_density\scenarios\cv\known_visit_grid19_targets10_trials50.csv,01,29,2,0,29,1,1,0,0,0,0.0,0,0,69,59,10,105,24,6,4.7843,0.7973833333333333,0.8011999999999999,1.199,1.199,3.4442,0.5740333333333333,0.57515,0.9592,0.9592,6,1.3401,0.22335000000000002,0.22605,0.2585,0.2585,completed
2,known_visit,HIPC,bernoulli,drop_0.25,19,361,3,10,hipc_g19_d140_bernoulli_drop_0_25,reruns\grid_density\scenarios\cv\known_visit_grid19_targets10_trials50.csv,02,30,5,0,30,1,2,0,0,0,0.0,0,0,75,61,14,102,22,9,6.3731,0.7081222222222222,0.6193,1.1424,1.1424,4.5242,0.502688888888889,0.4227,0.9018,0.9018,9,1.8489,0.20543333333333333,0.217,0.2464,0.2464,completed
3,known_visit,HIPC,bernoulli,drop_0.25,19,361,3,10,hipc_g19_d140_bernoulli_drop_0_25,reruns\grid_density\scenarios\cv\known_visit_grid19_targets10_trials50.csv,00,24,4,0,25,0,0,0,0,0,0.0,0,0,58,50,8,110,18,18,7.7185,0.42880555555555555,0.34135,1.0029,1.0029,4.3322,0.2406777777777778,0.15485,0.7465,0.7465,18,3.3863,0.18812777777777778,0.1858,0.2564,0.2564,completed
3,known_visit,HIPC,bernoulli,drop_0.25,19,361,3,10,hipc_g19_d140_bernoulli_drop_0_25,reruns\grid_density\scenarios\cv\known_visit_grid19_targets10_trials50.csv,01,25,2,0,23,3,0,0,0,0,0.0,0,0,62,52,10,99,25,12,6.720899999999999,0.560075,0.5157,1.0693,1.0693,4.1594999999999995,0.34662499999999996,0.28605,0.8061,0.8061,12,2.5614,0.21345,0.2046,0.3194,0.3194,completed
3,known_visit,HIPC,bernoulli,drop_0.25,19,361,3,10,hipc_g19_d140_bernoulli_drop_0_25,reruns\grid_density\scenarios\cv\known_visit_grid19_targets10_trials50.csv,02,27,4,0,28,0,2,0,0,0,0.0,0,0,67,55,12,112,8,8,4.6799,0.5849875,0.3972,1.1861,1.1861,3.2265,0.4033125,0.2575,0.9338,0.9338,8,1.4534,0.181675,0.1819,0.2523,0.2523,completed
4,known_visit,HIPC,bernoulli,drop_0.25,19,361,3,10,hipc_g19_d140_bernoulli_drop_0_25,reruns\grid_density\scenarios\cv\known_visit_grid19_targets10_trials50.csv,00,19,4,0,20,0,0,0,0,0,0.0,0,0,50,40,10,78,20,13,7.7016,0.5924307692307692,0.4582,1.1633,1.1633,4.9416,0.38012307692307695,0.2578,0.9194,0.9194,13,2.76,0.21230769230769228,0.2004,0.2801,0.2801,completed
4,known_visit,HIPC,bernoulli,drop_0.25,19,361,3,10,hipc_g19_d140_bernoulli_drop_0_25,reruns\grid_density\scenarios\cv\known_visit_grid19_targets10_trials50.csv,01,15,2,1,14,2,1,0,0,0,0.0,0,0,45,33,12,87,16,26,14.2966,0.5498692307692308,0.55915,0.8909,1.0298,8.6413,0.3323576923076923,0.33815,0.6542,0.7916,26,5.6553,0.21751153846153848,0.21965,0.2454,0.2715,completed
4,known_visit,HIPC,bernoulli,drop_0.25,19,361,3,10,hipc_g19_d140_bernoulli_drop_0_25,reruns\grid_density\scenarios\cv\known_visit_grid19_targets10_trials50.csv,02,21,4,0,22,0,1,0,0,0,0.0,0,0,53,43,10,89,6,10,7.1347,0.7134699999999999,0.67995,1.0963,1.0963,4.7764,0.47763999999999995,0.4279,0.8412,0.8412,10,2.3583,0.23582999999999998,0.2336,0.2827,0.2827,completed
5,known_visit,HIPC,bernoulli,drop_0.25,19,361,3,10,hipc_g19_d140_bernoulli_drop_0_25,reruns\grid_density\scenarios\cv\known_visit_grid19_targets10_trials50.csv,00,26,4,0,27,0,0,0,0,0,0.0,0,0,63,54,9,116,18,24,9.9292,0.4137166666666667,0.27115,1.0564,1.165,5.3931,0.22471249999999998,0.10305,0.7659,0.9142,24,4.5361,0.18900416666666667,0.17205,0.2938,0.2969,completed
5,known_visit,HIPC,bernoulli,drop_0.25,19,361,3,10,hipc_g19_d140_bernoulli_drop_0_25,reruns\grid_density\scenarios\cv\known_visit_grid19_targets10_trials50.csv,01,25,2,1,25,1,4,0,0,0,0.0,0,0,65,52,13,114,18,28,11.4591,0.4092535714285714,0.26625,1.1309,1.2229,6.3523,0.22686785714285712,0.09315000000000001,0.8693,0.9229,28,5.1068,0.1823857142857143,0.1745,0.2837,0.3,completed
5,known_visit,HIPC,bernoulli,drop_0.25,19,361,3,10,hipc_g19_d140_bernoulli_drop_0_25,reruns\grid_density\scenarios\cv\known_visit_grid19_targets10_trials50.csv,02,31,4,0,32,0,0,0,0,0,0.0,0,0,70,63,7,105,23,7,4.3995999999999995,0.6285142857142857,0.6502,1.0991,1.0991,2.7905,0.3986428571428572,0.4121,0.8052,0.8052,7,1.6091,0.22987142857142856,0.2436,0.2939,0.2939,completed
6,known_visit,HIPC,bernoulli,drop_0.25,19,361,3,10,hipc_g19_d140_bernoulli_drop_0_25,reruns\grid_density\scenarios\cv\known_visit_grid19_targets10_trials50.csv,00,21,2,0,22,0,0,0,0,0,0.0,0,0,50,44,6,100,13,21,9.2727,0.44155714285714287,0.2831,1.0835,1.1791,5.2337,0.24922380952380951,0.0992,0.8338,0.9253,21,4.039,0.19233333333333333,0.1788,0.2532,0.2538,completed
6,known_visit,HIPC,bernoulli,drop_0.25,19,361,3,10,hipc_g19_d140_bernoulli_drop_0_25,reruns\grid_density\scenarios\cv\known_visit_grid19_targets10_trials50.csv,01,22,4,0,23,0,1,0,0,0,0.0,0,0,56,46,10,90,17,15,8.0667,0.53778,0.4196,1.2253,1.2253,5.0844,0.33896,0.1921,0.9595,0.9595,15,2.9823,0.19882,0.1902,0.2658,0.2658,completed
6,known_visit,HIPC,bernoulli,drop_0.25,19,361,3,10,hipc_g19_d140_bernoulli_drop_0_25,reruns\grid_density\scenarios\cv\known_visit_grid19_targets10_trials50.csv,02,25,4,0,26,0,0,0,0,0,0.0,0,0,58,51,7,93,13,9,6.172,0.6857777777777777,0.5802,1.153,1.153,4.2467,0.47185555555555553,0.3398,0.9036,0.9036,9,1.9253,0.21392222222222224,0.2333,0.2494,0.2494,completed
7,known_visit,HIPC,bernoulli,drop_0.25,19,361,3,10,hipc_g19_d140_bernoulli_drop_0_25,reruns\grid_density\scenarios\cv\known_visit_grid19_targets10_trials50.csv,00,27,5,0,28,0,0,0,0,0,0.0,0,0,64,55,9,93,15,9,6.2552,0.6950222222222222,0.6964,1.1058,1.1058,4.1971,0.46634444444444445,0.471,0.829,0.829,9,2.0581,0.22867777777777779,0.2254,0.2768,0.2768,completed
7,known_visit,HIPC,bernoulli,drop_0.25,19,361,3,10,hipc_g19_d140_bernoulli_drop_0_25,reruns\grid_density\scenarios\cv\known_visit_grid19_targets10_trials50.csv,01,27,3,1,27,1,1,0,0,0,0.0,0,0,64,55,9,86,21,7,4.6511,0.6644428571428571,0.6374,1.0106,1.0106,3.0213,0.43161428571428573,0.383,0.7669,0.7669,7,1.6298,0.2328285714285714,0.2322,0.2687,0.2687,completed
7,known_visit,HIPC,bernoulli,drop_0.25,19,361,3,10,hipc_g19_d140_bernoulli_drop_0_25,reruns\grid_density\scenarios\cv\known_visit_grid19_targets10_trials50.csv,02,17,2,0,18,0,0,0,0,0,0.0,0,0,44,36,8,114,13,42,18.7857,0.4472785714285714,0.3787,0.9139,1.1298,10.5686,0.2516333333333333,0.182,0.6686,0.8914,42,8.2171,0.1956452380952381,0.1987,0.2453,0.375,completed
8,known_visit,HIPC,bernoulli,drop_0.25,19,361,3,10,hipc_g19_d140_bernoulli_drop_0_25,reruns\grid_density\scenarios\cv\known_visit_grid19_targets10_trials50.csv,00,25,5,0,26,0,0,0,0,0,0.0,0,0,60,51,9,75,20,7,4.9641,0.7091571428571429,0.7057,1.0557,1.0557,3.4333,0.49047142857142856,0.4724,0.7888,0.7888,7,1.5308,0.2186857142857143,0.2327,0.2669,0.2669,completed
8,known_visit,HIPC,bernoulli,drop_0.25,19,361,3,10,hipc_g19_d140_bernoulli_drop_0_25,reruns\grid_density\scenarios\cv\known_visit_grid19_targets10_trials50.csv,01,15,3,0,16,0,0,0,0,0,0.0,0,0,41,32,9,97,16,38,16.499,0.4341842105263158,0.3774,0.8839,1.1064,8.8679,0.23336578947368422,0.18275,0.625,0.8422,38,7.6311,0.2008184210526316,0.1894,0.2642,0.2934,completed
8,known_visit,HIPC,bernoulli,drop_0.25,19,361,3,10,hipc_g19_d140_bernoulli_drop_0_25,reruns\grid_density\scenarios\cv\known_visit_grid19_targets10_trials50.csv,02,23,2,0,24,0,0,0,0,0,0.0,0,0,54,48,6,86,14,10,5.1751,0.5175099999999999,0.47485,1.0037,1.0037,3.0993,0.30993,0.24065,0.7401,0.7401,10,2.0758,0.20758000000000001,0.19419999999999998,0.2636,0.2636,completed
9,known_visit,HIPC,bernoulli,drop_0.25,19,361,3,10,hipc_g19_d140_bernoulli_drop_0_25,reruns\grid_density\scenarios\cv\known_visit_grid19_targets10_trials50.csv,00,30,6,0,30,1,0,0,0,0,0.0,0,0,75,62,13,124,14,10,7.0714999999999995,0.70715,0.67135,1.2078,1.2078,4.8844,0.48844000000000004,0.44630000000000003,0.9419,0.9419,10,2.1871,0.21871000000000002,0.22505,0.2659,0.2659,completed
9,known_visit,HIPC,bernoulli,drop_0.25,19,361,3,10,hipc_g19_d140_bernoulli_drop_0_25,reruns\grid_density\scenarios\cv\known_visit_grid19_targets10_trials50.csv,01,26,1,1,21,6,3,0,0,0,0.0,0,0,66,54,12,131,15,23,12.0343,0.5232304347826087,0.3435,1.1359,1.1793,7.3002,0.3174,0.1372,0.888,0.9265,23,4.7341,0.20583043478260868,0.1896,0.2504,0.2528,completed
9,known_visit,HIPC,bernoulli,drop_0.25,19,361,3,10,hipc_g19_d140_bernoulli_drop_0_25,reruns\grid_density\scenarios\cv\known_visit_grid19_targets10_trials50.csv,02,31,3,0,30,2,1,0,0,0,0.0,0,0,72,63,9,124,16,7,5.8331,0.8333,1.0226,1.1587,1.1587,4.0583,0.5797571428571429,0.6313,0.9216,0.9216,7,1.7748,0.2535428571428571,0.2371,0.4121,0.4121,completed
10,known_visit,HIPC,bernoulli,drop_0.25,19,361,3,10,hipc_g19_d140_bernoulli_drop_0_25,reruns\grid_density\scenarios\cv\known_visit_grid19_targets10_trials50.csv,00,24,2,0,25,0,0,0,0,0,0.0,0,0,54,49,5,83,24,7,4.4729,0.6389857142857143,0.4974,1.3302,1.3302,2.6744,0.3820571428571428,0.2695,0.8955,0.8955,7,1.7985,0.25692857142857145,0.2279,0.4347,0.4347,completed
10,known_visit,HIPC,bernoulli,drop_0.25,19,361,3,10,hipc_g19_d140_bernoulli_drop_0_25,reruns\grid_density\scenarios\cv\known_visit_grid19_targets10_trials50.csv,01,24,3,0,25,0,2,0,0,0,0.0,0,0,64,49,15,74,24,8,6.0491,0.7561375,0.7378,1.0246,1.0246,4.138,0.51725,0.5027,0.7745,0.7745,8,1.9111,0.2388875,0.24475,0.2741,0.2741,completed
10,known_visit,HIPC,bernoulli,drop_0.25,19,361,3,10,hipc_g19_d140_bernoulli_drop_0_25,reruns\grid_density\scenarios\cv\known_visit_grid19_targets10_trials50.csv,02,15,5,0,16,0,1,0,0,0,0.0,0,0,44,32,12,103,14,32,12.9446,0.40451875,0.27849999999999997,1.0428,1.2019,6.7582,0.21119375,0.0968,0.769,0.9314,32,6.1864,0.193325,0.18080000000000002,0.2705,0.2738,completed
11,known_visit,HIPC,bernoulli,drop_0.25,19,361,3,10,hipc_g19_d140_bernoulli_drop_0_25,reruns\grid_density\scenarios\cv\known_visit_grid19_targets10_trials50.csv,00,25,4,0,26,0,0,0,0,0,0.0,0,0,60,52,8,92,16,8,5.9702,0.746275,0.75185,1.2154,1.2154,4.1302,0.516275,0.4723,0.9734,0.9734,8,1.8399999999999999,0.22999999999999998,0.238,0.3131,0.3131,completed
11,known_visit,HIPC,bernoulli,drop_0.25,19,361,3,10,hipc_g19_d140_bernoulli_drop_0_25,reruns\grid_density\scenarios\cv\known_visit_grid19_targets10_trials50.csv,01,18,3,0,19,0,0,0,0,0,0.0,0,0,46,38,8,109,13,31,14.4149,0.46499677419354835,0.456,1.2291,1.3207,8.6577,0.2792806451612903,0.2532,0.9579,1.069,31,5.7572,0.18571612903225806,0.2028,0.2638,0.2712,completed
11,known_visit,HIPC,bernoulli,drop_0.25,19,361,3,10,hipc_g19_d140_bernoulli_drop_0_25,reruns\grid_density\scenarios\cv\known_visit_grid19_targets10_trials50.csv,02,26,3,0,27,0,1,0,0,0,0.0,0,0,63,53,10,91,15,9,6.750299999999999,0.7500333333333332,0.6878,1.1761,1.1761,4.6799,0.5199888888888888,0.4639,0.8977,0.8977,9,2.0704000000000002,0.23004444444444447,0.2288,0.3638,0.3638,completed
12,known_visit,HIPC,bernoulli,drop_0.25,19,361,3,10,hipc_g19_d140_bernoulli_drop_0_25,reruns\grid_density\scenarios\cv\known_visit_grid19_targets10_trials50.csv,00,20,3,0,21,0,0,0,0,0,0.0,0,0,48,42,6,128,17,37,17.3003,0.46757567567567565,0.3841,1.0311,1.1518,9.9723,0.26952162162162163,0.186,0.781,0.8998,37,7.328,0.19805405405405407,0.197,0.2501,0.252,completed
12,known_visit,HIPC,bernoulli,drop_0.25,19,361,3,10,hipc_g19_d140_bernoulli_drop_0_25,reruns\grid_density\scenarios\cv\known_visit_grid19_targets10_trials50.csv,01,29,4,0,30,0,1,0,0,0,0.0,0,0,73,60,13,111,9,9,5.6593,0.6288111111111111,0.5279,1.1312,1.1312,3.6834000000000002,0.40926666666666667,0.2934,0.8879,0.8879,9,1.9759,0.21954444444444443,0.2345,0.2583,0.2583,completed
12,known_visit,HIPC,bernoulli,drop_0.25,19,361,3,10,hipc_g19_d140_bernoulli_drop_0_25,reruns\grid_density\scenarios\cv\known_visit_grid19_targets10_trials50.csv,02,29,3,2,26,4,2,1,1,0,0.0,0,0,73,60,13,102,19,9,6.2973,0.6997,0.8105,1.118,1.118,4.4079,0.48976666666666663,0.6045,0.8655,0.8655,9,1.8894,0.20993333333333333,0.2142,0.2525,0.2525,completed
13,known_visit,HIPC,bernoulli,drop_0.25,19,361,3,10,hipc_g19_d140_bernoulli_drop_0_25,reruns\grid_density\scenarios\cv\known_visit_grid19_targets10_trials50.csv,00,16,2,0,17,0,0,0,0,0,0.0,0,0,39,34,5,85,20,36,13.9142,0.38650555555555555,0.3439,0.692,0.8621,7.1159,0.1976638888888889,0.1546,0.5153,0.5828,36,6.7983,0.18884166666666669,0.1886,0.2218,0.2793,completed
13,known_visit,HIPC,bernoulli,drop_0.25,19,361,3,10,hipc_g19_d140_bernoulli_drop_0_25,reruns\grid_density\scenarios\cv\known_visit_grid19_targets10_trials50.csv,01,12,4,0,13,0,0,1,1,0,0.0,0,0,40,26,14,89,15,49,19.3341,0.3945734693877551,0.3718,0.6718,0.8158,9.7561,0.19910408163265306,0.1769,0.4521,0.5801,49,9.578,0.19546938775510203,0.1933,0.2431,0.2573,completed
13,known_visit,HIPC,bernoulli,drop_0.25,19,361,3,10,hipc_g19_d140_bernoulli_drop_0_25,reruns\grid_density\scenarios\cv\known_visit_grid19_targets10_trials50.csv,02,25,4,0,26,0,2,0,0,0,0.0,0,0,66,51,15,67,12,10,5.8887,0.58887,0.54525,0.8511,0.8511,3.8363,0.38363,0.3715,0.6047,0.6047,10,2.0524,0.20524,0.19695000000000001,0.3361,0.3361,completed
14,known_visit,HIPC,bernoulli,drop_0.25,19,361,3,10,hipc_g19_d140_bernoulli_drop_0_25,reruns\grid_density\scenarios\cv\known_visit_grid19_targets10_trials50.csv,00,17,2,0,18,0,1,0,0,0,0.0,0,0,43,36,7,97,22,34,13.2948,0.3910235294117647,0.3189,0.9439,1.0358,6.1485,0.18083823529411766,0.12225,0.627,0.7713,34,7.1463,0.21018529411764705,0.1974,0.3472,0.3889,completed
14,known_visit,HIPC,bernoulli,drop_0.25,19,361,3,10,hipc_g19_d140_bernoulli_drop_0_25,reruns\grid_density\scenarios\cv\known_visit_grid19_targets10_trials50.csv,01,26,4,0,27,0,1,0,0,0,0.0,0,0,64,53,11,83,16,6,5.317,0.8861666666666667,0.97335,1.1757,1.1757,3.8545,0.6424166666666666,0.7197,0.9357,0.9357,6,1.4625,0.24375,0.24004999999999999,0.2745,0.2745,completed
14,known_visit,HIPC,bernoulli,drop_0.25,19,361,3,10,hipc_g19_d140_bernoulli_drop_0_25,reruns\grid_density\scenarios\cv\known_visit_grid19_targets10_trials50.csv,02,22,4,0,23,0,1,0,0,0,0.0,0,0,56,46,10,96,10,17,8.7496,0.5146823529411764,0.3183,1.3347,1.3347,5.0598,0.29763529411764705,0.129,0.9819,0.9819,17,3.6898,0.2170470588235294,0.1909,0.3528,0.3528,completed
15,known_visit,HIPC,bernoulli,drop_0.25,19,361,3,10,hipc_g19_d140_bernoulli_drop_0_25,reruns\grid_density\scenarios\cv\known_visit_grid19_targets10_trials50.csv,00,33,6,0,34,0,1,0,0,0,0.0,0,0,81,67,14,91,13,10,5.4427,0.54427,0.5302,0.7668,0.7668,3.5283,0.35283000000000003,0.34625,0.5306,0.5306,10,1.9144,0.19144,0.18195,0.2362,0.2362,completed
15,known_visit,HIPC,bernoulli,drop_0.25,19,361,3,10,hipc_g19_d140_bernoulli_drop_0_25,reruns\grid_density\scenarios\cv\known_visit_grid19_targets10_trials50.csv,01,14,1,1,13,2,1,0,0,0,0.0,0,0,44,30,14,121,19,70,23.0171,0.32881571428571427,0.30445,0.5956,0.7598,9.5936,0.13705142857142857,0.11410000000000001,0.4317,0.563,70,13.4235,0.19176428571428572,0.18935,0.2239,0.2536,completed
15,known_visit,HIPC,bernoulli,drop_0.25,19,361,3,10,hipc_g19_d140_bernoulli_drop_0_25,reruns\grid_density\scenarios\cv\known_visit_grid19_targets10_trials50.csv,02,25,3,0,26,0,0,0,0,0,0.0,0,0,60,52,8,105,20,35,11.6601,0.33314571428571427,0.2865,0.6496,0.6935,5.0289,0.14368285714285714,0.0984,0.4805,0.5225,35,6.6312,0.18946285714285713,0.1843,0.2192,0.2386,completed
16,known_visit,HIPC,bernoulli,drop_0.25,19,361,3,10,hipc_g19_d140_bernoulli_drop_0_25,reruns\grid_density\scenarios\cv\known_visit_grid19_targets10_trials50.csv,00,28,2,0,27,2,0,2,2,0,0.0,0,0,71,58,13,107,24,9,4.0301,0.4477888888888889,0.4612,0.7042,0.7042,2.3273,0.2585888888888889,0.2507,0.4826,0.4826,9,1.7027999999999999,0.18919999999999998,0.1817,0.3029,0.3029,completed
16,known_visit,HIPC,bernoulli,drop_0.25,19,361,3,10,hipc_g19_d140_bernoulli_drop_0_25,reruns\grid_density\scenarios\cv\known_visit_grid19_targets10_trials50.csv,01,28,4,0,29,0,0,0,0,0,0.0,0,0,69,57,12,114,19,8,4.3329,0.5416125,0.5238499999999999,0.8162,0.8162,2.9389,0.3673625,0.32704999999999995,0.6363,0.6363,8,1.3940000000000001,0.17425000000000002,0.1713,0.2283,0.2283,completed
16,known_visit,HIPC,bernoulli,drop_0.25,19,361,3,10,hipc_g19_d140_bernoulli_drop_0_25,reruns\grid_density\scenarios\cv\known_visit_grid19_targets10_trials50.csv,02,26,4,0,27,0,0,0,0,0,0.0,0,0,62,54,8,125,14,16,4.9569,0.30980625,0.20529999999999998,0.7342,0.7342,2.692,0.16825,0.07635,0.5518,0.5518,16,2.2649,0.14155625,0.12890000000000001,0.1824,0.1824,completed
17,known_visit,HIPC,bernoulli,drop_0.25,19,361,3,10,hipc_g19_d140_bernoulli_drop_0_25,reruns\grid_density\scenarios\cv\known_visit_grid19_targets10_trials50.csv,00,15,3,0,16,0,0,0,0,0,0.0,0,0,41,32,9,105,16,40,15.3331,0.3833275,0.376,0.7939,1.1924,8.2082,0.205205,0.18095,0.5715,0.9209,40,7.1249,0.17812250000000002,0.19140000000000001,0.2715,0.296,completed
17,known_visit,HIPC,bernoulli,drop_0.25,19,361,3,10,hipc_g19_d140_bernoulli_drop_0_25,reruns\grid_density\scenarios\cv\known_visit_grid19_targets10_trials50.csv,01,26,5,0,27,0,0,0,0,0,0.0,0,0,63,53,10,91,9,7,4.1193,0.5884714285714285,0.6945,0.8145,0.8145,2.7094,0.3870571428571429,0.4161,0.6199,0.6199,7,1.4099,0.2014142857142857,0.1946,0.2978,0.2978,completed
17,known_visit,HIPC,bernoulli,drop_0.25,19,361,3,10,hipc_g19_d140_bernoulli_drop_0_25,reruns\grid_density\scenarios\cv\known_visit_grid19_targets10_trials50.csv,02,23,2,0,24,0,0,0,0,0,0.0,0,0,59,48,11,95,9,16,6.5777,0.41110625,0.2439,1.0066,1.0066,3.8028,0.237675,0.1043,0.7486,0.7486,16,2.7749,0.17343125,0.1426,0.2936,0.2936,completed
18,known_visit,HIPC,bernoulli,drop_0.25,19,361,3,10,hipc_g19_d140_bernoulli_drop_0_25,reruns\grid_density\scenarios\cv\known_visit_grid19_targets10_trials50.csv,00,32,4,0,33,0,0,0,0,0,0.0,0,0,72,65,7,112,14,8,4.9431,0.6178875,0.55295,1.1352,1.1352,3.3736,0.4217,0.38575000000000004,0.8414,0.8414,8,1.5695000000000001,0.19618750000000001,0.17985,0.2938,0.2938,completed
18,known_visit,HIPC,bernoulli,drop_0.25,19,361,3,10,hipc_g19_d140_bernoulli_drop_0_25,reruns\grid_density\scenarios\cv\known_visit_grid19_targets10_trials50.csv,01,21,1,2,17,5,2,5,3,1,5.0,1,0,57,47,10,125,15,43,17.064799999999998,0.39685581395348835,0.3444,0.7238,1.0628,8.985,0.20895348837209302,0.1722,0.5477,0.7728,43,8.0798,0.18790232558139536,0.193,0.2745,0.2913,completed
18,known_visit,HIPC,bernoulli,drop_0.25,19,361,3,10,hipc_g19_d140_bernoulli_drop_0_25,reruns\grid_density\scenarios\cv\known_visit_grid19_targets10_trials50.csv,02,27,5,0,28,0,2,0,0,0,0.0,0,0,69,56,13,110,18,24,10.412,0.43383333333333335,0.35185,0.8005,1.1045,5.9437999999999995,0.2476583333333333,0.1624,0.5635,0.8219,24,4.4682,0.186175,0.1822,0.266,0.2826,completed
19,known_visit,HIPC,bernoulli,drop_0.25,19,361,3,10,hipc_g19_d140_bernoulli_drop_0_25,reruns\grid_density\scenarios\cv\known_visit_grid19_targets10_trials50.csv,00,20,4,0,21,0,0,0,0,0,0.0,0,0,50,42,8,113,20,34,8.601,0.25297058823529417,0.189,0.5291,0.6875,4.1428,0.12184705882352942,0.0707,0.375,0.5227,34,4.4582,0.1311235294117647,0.11575,0.2184,0.2448,completed
19,known_visit,HIPC,bernoulli,drop_0.25,19,361,3,10,hipc_g19_d140_bernoulli_drop_0_25,reruns\grid_density\scenarios\cv\known_visit_grid19_targets10_trials50.csv,01,28,5,0,29,0,0,0,0,0,0.0,0,0,66,57,9,102,16,10,4.8466000000000005,0.48466000000000004,0.4885,0.697,0.697,3.0956,0.30956,0.31765,0.5367,0.5367,10,1.7510000000000001,0.1751,0.1594,0.2477,0.2477,completed
19,known_visit,HIPC,bernoulli,drop_0.25,19,361,3,10,hipc_g19_d140_bernoulli_drop_0_25,reruns\grid_density\scenarios\cv\known_visit_grid19_targets10_trials50.csv,02,27,1,1,24,4,1,0,0,0,0.0,0,0,68,56,12,100,16,10,4.5903,0.45903,0.505,0.7129,0.7129,3.0293,0.30293000000000003,0.3498,0.5512,0.5512,10,1.561,0.1561,0.15075,0.264,0.264,completed
20,known_visit,HIPC,bernoulli,drop_0.25,19,361,3,10,hipc_g19_d140_bernoulli_drop_0_25,reruns\grid_density\scenarios\cv\known_visit_grid19_targets10_trials50.csv,00,25,3,0,26,0,1,0,0,0,0.0,0,0,60,51,9,95,18,7,5.347799999999999,0.7639714285714285,0.8118,1.023,1.023,3.7925,0.5417857142857143,0.5647,0.7779,0.7779,7,1.5553,0.22218571428571426,0.2345,0.2471,0.2471,completed
20,known_visit,HIPC,bernoulli,drop_0.25,19,361,3,10,hipc_g19_d140_bernoulli_drop_0_25,reruns\grid_density\scenarios\cv\known_visit_grid19_targets10_trials50.csv,01,21,3,0,22,0,1,0,0,0,0.0,0,0,57,45,12,97,18,17,8.781,0.5165294117647059,0.3888,1.2055,1.2055,5.773,0.33958823529411764,0.2351,0.908,0.908,17,3.008,0.17694117647058824,0.1518,0.2975,0.2975,completed
20,known_visit,HIPC,bernoulli,drop_0.25,19,361,3,10,hipc_g19_d140_bernoulli_drop_0_25,reruns\grid_density\scenarios\cv\known_visit_grid19_targets10_trials50.csv,02,24,4,0,25,0,0,0,0,0,0.0,0,0,56,49,7,99,17,7,5.8073,0.8296142857142856,0.8425,1.3308,1.3308,4.2103,0.6014714285714285,0.6107,1.0009,1.0009,7,1.597,0.22814285714285715,0.2318,0.3299,0.3299,completed
21,known_visit,HIPC,bernoulli,drop_0.25,19,361,3,10,hipc_g19_d140_bernoulli_drop_0_25,reruns\grid_density\scenarios\cv\known_visit_grid19_targets10_trials50.csv,00,30,6,0,31,0,0,0,0,0,0.0,0,0,72,61,11,128,18,8,6.0446,0.755575,0.73575,1.1081,1.1081,4.2756,0.53445,0.50895,0.8691,0.8691,8,1.769,0.221125,0.2268,0.2423,0.2423,completed
21,known_visit,HIPC,bernoulli,drop_0.25,19,361,3,10,hipc_g19_d140_bernoulli_drop_0_25,reruns\grid_density\scenarios\cv\known_visit_grid19_targets10_trials50.csv,01,30,1,1,28,3,1,0,0,0,0.0,0,0,76,61,15,116,25,8,6.1485,0.7685625,0.6954499999999999,1.2936,1.2936,4.237,0.529625,0.43905000000000005,1.0458,1.0458,8,1.9115,0.2389375,0.23559999999999998,0.2733,0.2733,completed
21,known_visit,HIPC,bernoulli,drop_0.25,19,361,3,10,hipc_g19_d140_bernoulli_drop_0_25,reruns\grid_density\scenarios\cv\known_visit_grid19_targets10_trials50.csv,02,29,3,0,30,0,0,0,0,0,0.0,0,0,70,59,11,118,29,6,4.5953,0.7658833333333334,0.74495,1.1006,1.1006,3.1499,0.5249833333333334,0.47695,0.8578,0.8578,6,1.4454,0.2409,0.2326,0.3099,0.3099,completed
22,known_visit,HIPC,bernoulli,drop_0.25,19,361,3,10,hipc_g19_d140_bernoulli_drop_0_25,reruns\grid_density\scenarios\cv\known_visit_grid19_targets10_trials50.csv,00,22,3,0,23,0,0,0,0,0,0.0,0,0,53,45,8,90,13,7,3.653,0.5218571428571429,0.409,0.7889,0.7889,2.076,0.2965714285714286,0.1957,0.531,0.531,7,1.577,0.22528571428571428,0.2311,0.2579,0.2579,completed
22,known_visit,HIPC,bernoulli,drop_0.25,19,361,3,10,hipc_g19_d140_bernoulli_drop_0_25,reruns\grid_density\scenarios\cv\known_visit_grid19_targets10_trials50.csv,01,18,2,0,19,0,2,0,0,0,0.0,0,0,48,38,10,88,20,20,10.9265,0.5463250000000001,0.46115,0.9303,0.9493,6.611,0.33055,0.2534,0.6696,0.6981,20,4.3155,0.215775,0.2022,0.2656,0.2797,completed
22,known_visit,HIPC,bernoulli,drop_0.25,19,361,3,10,hipc_g19_d140_bernoulli_drop_0_25,reruns\grid_density\scenarios\cv\known_visit_grid19_targets10_trials50.csv,02,22,5,0,23,0,1,0,0,0,0.0,0,0,56,45,11,84,17,8,5.9129000000000005,0.7391125000000001,0.798,1.134,1.134,4.1791,0.5223875,0.56655,0.8973,0.8973,8,1.7338,0.216725,0.2252,0.2414,0.2414,completed
23,known_visit,HIPC,bernoulli,drop_0.25,19,361,3,10,hipc_g19_d140_bernoulli_drop_0_25,reruns\grid_density\scenarios\cv\known_visit_grid19_targets10_trials50.csv,00,28,6,0,29,0,0,0,0,0,0.0,0,0,68,57,11,79,18,7,4.7824,0.6832,0.4803,1.1388,1.1388,3.2515,0.4645,0.27,0.8994,0.8994,7,1.5309,0.21869999999999998,0.2215,0.2903,0.2903,completed
23,known_visit,HIPC,bernoulli,drop_0.25,19,361,3,10,hipc_g19_d140_bernoulli_drop_0_25,reruns\grid_density\scenarios\cv\known_visit_grid19_targets10_trials50.csv,01,18,1,0,19,0,4,0,0,0,0.0,0,0,53,39,14,90,21,40,16.1723,0.4043075,0.37355,0.8647,0.9318,9.288499999999999,0.2322125,0.1863,0.5895,0.7017,40,6.8838,0.172095,0.1834,0.2391,0.2752,completed
23,known_visit,HIPC,bernoulli,drop_0.25,19,361,3,10,hipc_g19_d140_bernoulli_drop_0_25,reruns\grid_density\scenarios\cv\known_visit_grid19_targets10_trials50.csv,02,16,3,0,17,0,1,0,0,0,0.0,0,0,44,34,10,102,18,47,14.7624,0.3140936170212766,0.2031,0.9033,1.1529,7.615,0.1620212765957447,0.0814,0.6645,0.905,47,7.1474,0.15207234042553192,0.1238,0.2374,0.2479,completed
24,known_visit,HIPC,bernoulli,drop_0.25,19,361,3,10,hipc_g19_d140_bernoulli_drop_0_25,reruns\grid_density\scenarios\cv\known_visit_grid19_targets10_trials50.csv,00,37,3,2,30,8,0,0,0,0,0.0,0,0,89,76,13,133,26,11,3.8282,0.3480181818181818,0.2547,0.7332,0.7332,2.2033,0.2003,0.1183,0.5586,0.5586,11,1.6249,0.14771818181818183,0.1408,0.1746,0.1746,completed
24,known_visit,HIPC,bernoulli,drop_0.25,19,361,3,10,hipc_g19_d140_bernoulli_drop_0_25,reruns\grid_density\scenarios\cv\known_visit_grid19_targets10_trials50.csv,01,38,5,0,39,0,2,0,0,0,0.0,0,0,90,77,13,137,22,8,3.9483,0.4935375,0.49425,0.8376,0.8376,2.6543,0.3317875,0.33965,0.6409,0.6409,8,1.294,0.16175,0.15925,0.2076,0.2076,completed
24,known_visit,HIPC,bernoulli,drop_0.25,19,361,3,10,hipc_g19_d140_bernoulli_drop_0_25,reruns\grid_density\scenarios\cv\known_visit_grid19_targets10_trials50.csv,02,30,2,0,31,0,1,0,0,0,0.0,0,0,70,62,8,148,31,35,9.3268,0.26648,0.2188,0.6184,0.7484,4.458,0.12737142857142858,0.0851,0.4441,0.555,35,4.8688,0.13910857142857144,0.132,0.1743,0.1934,completed
25,known_visit,HIPC,bernoulli,drop_0.25,19,361,3,10,hipc_g19_d140_bernoulli_drop_0_25,reruns\grid_density\scenarios\cv\known_visit_grid19_targets10_trials50.csv,00,29,2,1,26,4,2,0,0,0,0.0,0,0,67,59,8,106,13,9,3.8104,0.4233777777777778,0.4113,0.661,0.661,2.3722,0.26357777777777774,0.2619,0.4796,0.4796,9,1.4382000000000001,0.15980000000000003,0.1565,0.1869,0.1869,completed
25,known_visit,HIPC,bernoulli,drop_0.25,19,361,3,10,hipc_g19_d140_bernoulli_drop_0_25,reruns\grid_density\scenarios\cv\known_visit_grid19_targets10_trials50.csv,01,18,2,0,19,0,2,0,0,0,0.0,0,0,50,38,12,117,19,43,15.8473,0.3685418604651163,0.3233,0.7083,0.8972,8.0993,0.18835581395348835,0.1366,0.4871,0.7185,43,7.748,0.18018604651162792,0.1839,0.2018,0.2212,completed
25,known_visit,HIPC,bernoulli,drop_0.25,19,361,3,10,hipc_g19_d140_bernoulli_drop_0_25,reruns\grid_density\scenarios\cv\known_visit_grid19_targets10_trials50.csv,02,29,6,0,30,0,0,0,0,0,0.0,0,0,70,59,11,99,18,9,4.7502,0.5278,0.5167,0.8616,0.8616,3.2666,0.36295555555555553,0.3545,0.6877,0.6877,9,1.4836,0.16484444444444446,0.1648,0.1926,0.1926,completed
26,known_visit,HIPC,bernoulli,drop_0.25,19,361,3,10,hipc_g19_d140_bernoulli_drop_0_25,reruns\grid_density\scenarios\cv\known_visit_grid19_targets10_trials50.csv,00,32,4,0,33,0,0,0,0,0,0.0,0,0,73,65,8,96,13,9,4.5035,0.5003888888888889,0.4576,0.7615,0.7615,3.1179,0.34643333333333337,0.3022,0.5842,0.5842,9,1.3856,0.15395555555555554,0.1554,0.1773,0.1773,completed
26,known_visit,HIPC,bernoulli,drop_0.25,19,361,3,10,hipc_g19_d140_bernoulli_drop_0_25,reruns\grid_density\scenarios\cv\known_visit_grid19_targets10_trials50.csv,01,25,4,1,24,2,0,0,0,0,0.0,0,0,62,52,10,110,10,29,7.8049,0.2691344827586207,0.1935,0.6584,0.7164,3.9377,0.13578275862068964,0.0664,0.4926,0.5417,29,3.8672,0.13335172413793103,0.1238,0.1856,0.1903,completed
26,known_visit,HIPC,bernoulli,drop_0.25,19,361,3,10,hipc_g19_d140_bernoulli_drop_0_25,reruns\grid_density\scenarios\cv\known_visit_grid19_targets10_trials50.csv,02,18,2,0,19,0,1,0,0,0,0.0,0,0,47,38,9,112,22,53,15.0859,0.28463962264150944,0.2514,0.5217,0.7549,7.9816,0.15059622641509435,0.1201,0.3642,0.5781,53,7.1043,0.1340433962264151,0.1313,0.169,0.1874,completed
27,known_visit,HIPC,bernoulli,drop_0.25,19,361,3,10,hipc_g19_d140_bernoulli_drop_0_25,reruns\grid_density\scenarios\cv\known_visit_grid19_targets10_trials50.csv,00,28,5,0,29,0,0,0,0,0,0.0,0,0,69,58,11,141,17,14,5.686,0.40614285714285714,0.32645,0.7449,0.7449,3.4635000000000002,0.24739285714285716,0.1872,0.5675,0.5675,14,2.2225,0.15875,0.1434,0.3051,0.3051,completed
27,known_visit,HIPC,bernoulli,drop_0.25,19,361,3,10,hipc_g19_d140_bernoulli_drop_0_25,reruns\grid_density\scenarios\cv\known_visit_grid19_targets10_trials50.csv,01,30,2,0,28,3,1,1,1,0,0.0,0,0,85,63,22,128,14,18,8.2593,0.45885,0.46905,0.6949,0.6949,5.4041,0.30022777777777776,0.30310000000000004,0.5184,0.5184,18,2.8552,0.15862222222222222,0.16595,0.1865,0.1865,completed
27,known_visit,HIPC,bernoulli,drop_0.25,19,361,3,10,hipc_g19_d140_bernoulli_drop_0_25,reruns\grid_density\scenarios\cv\known_visit_grid19_targets10_trials50.csv,02,29,3,0,29,1,1,0,0,0,0.0,0,0,73,60,13,134,20,14,7.6379,0.5455642857142857,0.55,0.8681,0.8681,5.3297,0.3806928571428571,0.37770000000000004,0.6977,0.6977,14,2.3082,0.16487142857142856,0.17104999999999998,0.1769,0.1769,completed
28,known_visit,HIPC,bernoulli,drop_0.25,19,361,3,10,hipc_g19_d140_bernoulli_drop_0_25,reruns\grid_density\scenarios\cv\known_visit_grid19_targets10_trials50.csv,00,33,2,1,30,4,1,0,0,0,0.0,0,0,77,67,10,96,10,10,5.0006,0.5000600000000001,0.3157,1.2196,1.2196,3.2343,0.32343,0.14515,0.9359,0.9359,10,1.7663,0.17663,0.17105,0.2837,0.2837,completed
28,known_visit,HIPC,bernoulli,drop_0.25,19,361,3,10,hipc_g19_d140_bernoulli_drop_0_25,reruns\grid_density\scenarios\cv\known_visit_grid19_targets10_trials50.csv,01,23,6,0,24,0,0,0,0,0,0.0,0,0,58,48,10,113,12,39,11.8688,0.30432820512820513,0.2551,0.6782,0.8388,4.5775,0.11737179487179486,0.0721,0.5102,0.6567,39,7.2913,0.18695641025641024,0.18,0.2867,0.3429,completed
28,known_visit,HIPC,bernoulli,drop_0.25,19,361,3,10,hipc_g19_d140_bernoulli_drop_0_25,reruns\grid_density\scenarios\cv\known_visit_grid19_targets10_trials50.csv,02,18,2,0,19,0,2,0,0,0,0.0,0,0,48,38,10,113,21,57,18.2568,0.32029473684210524,0.2798,0.552,0.8487,7.5883,0.1331280701754386,0.0939,0.3888,0.6602,57,10.6685,0.18716666666666668,0.1835,0.2712,0.3001,completed
29,known_visit,HIPC,bernoulli,drop_0.25,19,361,3,10,hipc_g19_d140_bernoulli_drop_0_25,reruns\grid_density\scenarios\cv\known_visit_grid19_targets10_trials50.csv,00,41,2,2,27,15,0,0,0,0,0.0,0,0,94,83,11,150,29,10,6.6295,0.66295,0.5256,1.1411,1.1411,4.4575,0.44575,0.3126,0.9011,0.9011,10,2.172,0.2172,0.21534999999999999,0.2554,0.2554,completed
29,known_visit,HIPC,bernoulli,drop_0.25,19,361,3,10,hipc_g19_d140_bernoulli_drop_0_25,reruns\grid_density\scenarios\cv\known_visit_grid19_targets10_trials50.csv,01,34,3,1,30,5,1,0,0,0,0.0,0,0,80,70,10,169,24,33,11.9056,0.3607757575757576,0.2585,1.17,1.1993,5.497,0.16657575757575757,0.0744,0.8631,0.9259,33,6.4086,0.19419999999999998,0.1839,0.2471,0.3362,completed
29,known_visit,HIPC,bernoulli,drop_0.25,19,361,3,10,hipc_g19_d140_bernoulli_drop_0_25,reruns\grid_density\scenarios\cv\known_visit_grid19_targets10_trials50.csv,02,42,5,0,43,0,2,0,0,0,0.0,0,0,100,85,15,151,23,9,6.425,0.7138888888888889,0.6623,1.1004,1.1004,4.3544,0.4838222222222222,0.4482,0.83,0.83,9,2.0705999999999998,0.23006666666666664,0.2223,0.2908,0.2908,completed
30,known_visit,HIPC,bernoulli,drop_0.25,19,361,3,10,hipc_g19_d140_bernoulli_drop_0_25,reruns\grid_density\scenarios\cv\known_visit_grid19_targets10_trials50.csv,00,27,3,0,28,0,0,0,0,0,0.0,0,0,62,56,6,94,15,13,5.8045,0.4465,0.2185,1.0858,1.0858,3.6367,0.2797461538461538,0.0928,0.8439,0.8439,13,2.1678,0.16675384615384617,0.1327,0.2483,0.2483,completed
30,known_visit,HIPC,bernoulli,drop_0.25,19,361,3,10,hipc_g19_d140_bernoulli_drop_0_25,reruns\grid_density\scenarios\cv\known_visit_grid19_targets10_trials50.csv,01,15,2,0,16,0,1,0,0,0,0.0,0,0,42,32,10,111,18,52,17.9763,0.3456980769230769,0.2496,1.0018,1.2062,10.1537,0.19526346153846155,0.1205,0.7647,0.9281,52,7.8226,0.1504346153846154,0.12755,0.2371,0.2781,completed
30,known_visit,HIPC,bernoulli,drop_0.25,19,361,3,10,hipc_g19_d140_bernoulli_drop_0_25,reruns\grid_density\scenarios\cv\known_visit_grid19_targets10_trials50.csv,02,29,5,0,29,1,0,0,0,0,0.0,0,0,68,59,9,89,15,8,6.1106,0.763825,0.7183999999999999,1.1553,1.1553,4.3653,0.5456625,0.48850000000000005,0.8961,0.8961,8,1.7453,0.2181625,0.2299,0.2592,0.2592,completed
31,known_visit,HIPC,bernoulli,drop_0.25,19,361,3,10,hipc_g19_d140_bernoulli_drop_0_25,reruns\grid_density\scenarios\cv\known_visit_grid19_targets10_trials50.csv,00,23,6,0,24,0,0,0,0,0,0.0,0,0,59,47,12,85,19,7,3.4563,0.4937571428571429,0.4474,0.704,0.704,2.3124,0.3303428571428571,0.2699,0.5344,0.5344,7,1.1439,0.1634142857142857,0.1612,0.1872,0.1872,completed
31,known_visit,HIPC,bernoulli,drop_0.25,19,361,3,10,hipc_g19_d140_bernoulli_drop_0_25,reruns\grid_density\scenarios\cv\known_visit_grid19_targets10_trials50.csv,01,23,2,1,23,1,1,0,0,0,0.0,0,0,61,47,14,87,14,7,3.9074,0.5582,0.6066,0.7937,0.7937,2.7972,0.3996,0.4473,0.6214,0.6214,7,1.1102,0.15860000000000002,0.1637,0.1723,0.1723,completed
31,known_visit,HIPC,bernoulli,drop_0.25,19,361,3,10,hipc_g19_d140_bernoulli_drop_0_25,reruns\grid_density\scenarios\cv\known_visit_grid19_targets10_trials50.csv,02,15,2,0,16,0,2,2,2,0,0.0,0,0,43,33,10,101,18,33,9.6079,0.2911484848484849,0.225,0.7301,0.8106,5.1277,0.1553848484848485,0.0936,0.5059,0.6375,33,4.4802,0.13576363636363636,0.1339,0.1731,0.237,completed
32,known_visit,HIPC,bernoulli,drop_0.25,19,361,3,10,hipc_g19_d140_bernoulli_drop_0_25,reruns\grid_density\scenarios\cv\known_visit_grid19_targets10_trials50.csv,00,26,4,0,27,0,0,0,0,0,0.0,0,0,60,53,7,89,25,6,5.07,0.8450000000000001,0.79715,1.3751,1.3751,3.6766,0.6127666666666667,0.55875,1.1241,1.1241,6,1.3934,0.23223333333333332,0.2384,0.251,0.251,completed
32,known_visit,HIPC,bernoulli,drop_0.25,19,361,3,10,hipc_g19_d140_bernoulli_drop_0_25,reruns\grid_density\scenarios\cv\known_visit_grid19_targets10_trials50.csv,01,24,1,1,20,5,1,0,0,0,0.0,0,0,60,50,10,90,23,13,7.5515,0.5808846153846153,0.4679,1.4026,1.4026,4.7665,0.3666538461538461,0.2662,1.1014,1.1014,13,2.785,0.21423076923076925,0.2017,0.3012,0.3012,completed
32,known_visit,HIPC,bernoulli,drop_0.25,19,361,3,10,hipc_g19_d140_bernoulli_drop_0_25,reruns\grid_density\scenarios\cv\known_visit_grid19_targets10_trials50.csv,02,21,5,0,22,0,0,0,0,0,0.0,0,0,54,44,10,97,23,21,9.7461,0.4641,0.2749,1.0322,1.1682,5.4871,0.2612904761904762,0.0912,0.7893,0.9352,21,4.259,0.20280952380952383,0.1805,0.2689,0.2856,completed
33,known_visit,HIPC,bernoulli,drop_0.25,19,361,3,10,hipc_g19_d140_bernoulli_drop_0_25,reruns\grid_density\scenarios\cv\known_visit_grid19_targets10_trials50.csv,00,31,6,0,32,0,0,0,0,0,0.0,0,0,76,64,12,129,28,42,15.347,0.3654047619047619,0.2868,0.8262,1.1779,7.4079,0.1763785714285714,0.10919999999999999,0.5939,0.9182,42,7.9391,0.18902619047619046,0.17855,0.2416,0.2825,completed
33,known_visit,HIPC,bernoulli,drop_0.25,19,361,3,10,hipc_g19_d140_bernoulli_drop_0_25,reruns\grid_density\scenarios\cv\known_visit_grid19_targets10_trials50.csv,01,39,1,3,33,7,1,0,0,0,0.0,0,0,93,80,13,125,16,12,7.3347999999999995,0.6112333333333333,0.39955,1.2264,1.2264,4.8347,0.40289166666666665,0.1973,0.9805,0.9805,12,2.5000999999999998,0.20834166666666665,0.20695,0.2479,0.2479,completed
33,known_visit,HIPC,bernoulli,drop_0.25,19,361,3,10,hipc_g19_d140_bernoulli_drop_0_25,reruns\grid_density\scenarios\cv\known_visit_grid19_targets10_trials50.csv,02,28,3,0,29,0,0,0,0,0,0.0,0,0,65,58,7,143,26,55,20.4499,0.3718163636363636,0.2921,0.8894,1.2133,9.8921,0.17985636363636362,0.1088,0.6202,0.964,55,10.5578,0.19196,0.1834,0.249,0.298,completed
34,known_visit,HIPC,bernoulli,drop_0.25,19,361,3,10,hipc_g19_d140_bernoulli_drop_0_25,reruns\grid_density\scenarios\cv\known_visit_grid19_targets10_trials50.csv,00,24,5,0,25,0,0,0,0,0,0.0,0,0,61,49,12,87,17,7,4.4372,0.6338857142857143,0.5845,1.0354,1.0354,2.8379,0.40541428571428567,0.3207,0.7685,0.7685,7,1.5993,0.22847142857142858,0.2277,0.2669,0.2669,completed
34,known_visit,HIPC,bernoulli,drop_0.25,19,361,3,10,hipc_g19_d140_bernoulli_drop_0_25,reruns\grid_density\scenarios\cv\known_visit_grid19_targets10_trials50.csv,01,26,4,0,27,0,0,0,0,0,0.0,0,0,62,53,9,90,14,10,6.3963,0.63963,0.6880999999999999,0.9605,0.9605,4.2065,0.42065,0.46345000000000003,0.71,0.71,10,2.1898,0.21898,0.2264,0.2505,0.2505,completed
34,known_visit,HIPC,bernoulli,drop_0.25,19,361,3,10,hipc_g19_d140_bernoulli_drop_0_25,reruns\grid_density\scenarios\cv\known_visit_grid19_targets10_trials50.csv,02,19,1,0,20,0,0,0,0,0,0.0,0,0,43,40,3,101,21,28,15.3032,0.5465428571428571,0.44984999999999997,1.0954,1.1273,9.3011,0.33218214285714287,0.24705,0.8556,0.8761,28,6.0020999999999995,0.21436071428571427,0.20074999999999998,0.2806,0.3074,completed
35,known_visit,HIPC,bernoulli,drop_0.25,19,361,3,10,hipc_g19_d140_bernoulli_drop_0_25,reruns\grid_density\scenarios\cv\known_visit_grid19_targets10_trials50.csv,00,24,5,0,25,0,0,0,0,0,0.0,0,0,58,49,9,83,12,7,3.1999,0.45712857142857144,0.3601,0.7981,0.7981,2.1277,0.30395714285714287,0.2069,0.6205,0.6205,7,1.0722,0.15317142857142857,0.1556,0.1776,0.1776,completed
35,known_visit,HIPC,bernoulli,drop_0.25,19,361,3,10,hipc_g19_d140_bernoulli_drop_0_25,reruns\grid_density\scenarios\cv\known_visit_grid19_targets10_trials50.csv,01,19,3,0,20,0,0,0,0,0,0.0,0,0,51,40,11,89,13,22,7.5206,0.34184545454545456,0.23195,0.6315,0.6928,4.0915,0.1859772727272727,0.1041,0.4654,0.5174,22,3.4291,0.15586818181818182,0.13474999999999998,0.2619,0.3097,completed
35,known_visit,HIPC,bernoulli,drop_0.25,19,361,3,10,hipc_g19_d140_bernoulli_drop_0_25,reruns\grid_density\scenarios\cv\known_visit_grid19_targets10_trials50.csv,02,17,2,0,18,0,2,0,0,0,0.0,0,0,44,36,8,98,11,28,7.9206,0.2828785714285714,0.20265,0.704,0.7103,3.9773,0.14204642857142857,0.07765,0.533,0.5351,28,3.9433,0.14083214285714285,0.126,0.1903,0.2544,completed
36,known_visit,HIPC,bernoulli,drop_0.25,19,361,3,10,hipc_g19_d140_bernoulli_drop_0_25,reruns\grid_density\scenarios\cv\known_visit_grid19_targets10_trials50.csv,00,24,1,2,21,4,4,0,0,0,0.0,0,0,65,50,15,96,23,10,5.1608,0.51608,0.49555,0.842,0.842,3.5688,0.35688,0.33115,0.663,0.663,10,1.5919999999999999,0.15919999999999998,0.16375,0.179,0.179,completed
36,known_visit,HIPC,bernoulli,drop_0.25,19,361,3,10,hipc_g19_d140_bernoulli_drop_0_25,reruns\grid_density\scenarios\cv\known_visit_grid19_targets10_trials50.csv,01,23,3,0,23,1,1,2,2,0,0.0,0,0,62,49,13,106,17,9,3.7142999999999997,0.41269999999999996,0.3197,0.7685,0.7685,2.2706,0.2522888888888889,0.1593,0.5802,0.5802,9,1.4437,0.16041111111111112,0.1604,0.1957,0.1957,completed
36,known_visit,HIPC,bernoulli,drop_0.25,19,361,3,10,hipc_g19_d140_bernoulli_drop_0_25,reruns\grid_density\scenarios\cv\known_visit_grid19_targets10_trials50.csv,02,21,6,0,22,0,1,0,0,0,0.0,0,0,58,44,14,105,22,17,9.0907,0.5347470588235295,0.5637,0.8549,0.8549,6.421,0.37770588235294117,0.3993,0.6724,0.6724,17,2.6697,0.15704117647058824,0.1633,0.1825,0.1825,completed
37,known_visit,HIPC,bernoulli,drop_0.25,19,361,3,10,hipc_g19_d140_bernoulli_drop_0_25,reruns\grid_density\scenarios\cv\known_visit_grid19_targets10_trials50.csv,00,13,3,0,14,0,0,0,0,0,0.0,0,0,35,28,7,94,24,57,22.1415,0.38844736842105265,0.371,0.7551,0.9176,11.8531,0.20794912280701752,0.1769,0.5181,0.6367,57,10.2884,0.18049824561403507,0.1908,0.2809,0.3229,completed
37,known_visit,HIPC,bernoulli,drop_0.25,19,361,3,10,hipc_g19_d140_bernoulli_drop_0_25,reruns\grid_density\scenarios\cv\known_visit_grid19_targets10_trials50.csv,01,14,3,0,15,0,1,0,0,0,0.0,0,0,39,30,9,93,20,55,19.4522,0.3536763636363637,0.3131,0.8234,0.9849,9.9874,0.1815890909090909,0.1303,0.5949,0.747,55,9.4648,0.17208727272727273,0.1794,0.2376,0.2595,completed
37,known_visit,HIPC,bernoulli,drop_0.25,19,361,3,10,hipc_g19_d140_bernoulli_drop_0_25,reruns\grid_density\scenarios\cv\known_visit_grid19_targets10_trials50.csv,02,29,4,0,30,0,6,0,0,0,0.0,0,0,79,59,20,61,13,11,7.6149000000000004,0.6922636363636364,0.6886,1.0002,1.0002,5.212,0.4738181818181818,0.4603,0.7619,0.7619,11,2.4029000000000003,0.21844545454545458,0.2234,0.2664,0.2664,completed
38,known_visit,HIPC,bernoulli,drop_0.25,19,361,3,10,hipc_g19_d140_bernoulli_drop_0_25,reruns\grid_density\scenarios\cv\known_visit_grid19_targets10_trials50.csv,00,32,4,0,33,0,1,0,0,0,0.0,0,0,74,65,9,100,22,9,4.7561,0.5284555555555556,0.5158,0.6756,0.6756,3.0523,0.3391444444444444,0.3534,0.4896,0.4896,9,1.7038,0.1893111111111111,0.165,0.2661,0.2661,completed
38,known_visit,HIPC,bernoulli,drop_0.25,19,361,3,10,hipc_g19_d140_bernoulli_drop_0_25,reruns\grid_density\scenarios\cv\known_visit_grid19_targets10_trials50.csv,01,31,4,1,31,1,3,3,1,1,5.0,1,0,81,64,17,100,14,10,5.6098,0.56098,0.5322,0.9251,0.9251,3.6464,0.36463999999999996,0.32845,0.6354,0.6354,10,1.9634,0.19634000000000001,0.1845,0.2897,0.2897,completed
38,known_visit,HIPC,bernoulli,drop_0.25,19,361,3,10,hipc_g19_d140_bernoulli_drop_0_25,reruns\grid_density\scenarios\cv\known_visit_grid19_targets10_trials50.csv,02,17,2,0,18,0,0,0,0,0,0.0,0,0,41,36,5,136,18,56,25.2215,0.45038392857142856,0.4014,0.693,0.8139,13.5223,0.24146964285714284,0.18625,0.5215,0.5605,56,11.6992,0.2089142857142857,0.20855,0.2688,0.3649,completed
39,known_visit,HIPC,bernoulli,drop_0.25,19,361,3,10,hipc_g19_d140_bernoulli_drop_0_25,reruns\grid_density\scenarios\cv\known_visit_grid19_targets10_trials50.csv,00,26,5,0,27,0,0,0,0,0,0.0,0,0,62,53,9,92,17,9,4.7861,0.5317888888888889,0.4597,1.0596,1.0596,3.1277,0.34752222222222223,0.3036,0.7589,0.7589,9,1.6583999999999999,0.18426666666666666,0.1561,0.3007,0.3007,completed
39,known_visit,HIPC,bernoulli,drop_0.25,19,361,3,10,hipc_g19_d140_bernoulli_drop_0_25,reruns\grid_density\scenarios\cv\known_visit_grid19_targets10_trials50.csv,01,19,4,0,20,0,0,0,0,0,0.0,0,0,50,40,10,106,14,29,8.3185,0.2868448275862069,0.1836,0.7422,1.0079,4.4383,0.15304482758620688,0.0668,0.495,0.746,29,3.8802,0.1338,0.1172,0.2478,0.2619,completed
39,known_visit,HIPC,bernoulli,drop_0.25,19,361,3,10,hipc_g19_d140_bernoulli_drop_0_25,reruns\grid_density\scenarios\cv\known_visit_grid19_targets10_trials50.csv,02,26,1,0,27,0,0,0,0,0,0.0,0,0,59,53,6,92,20,7,4.3543,0.6220428571428572,0.5507,1.1249,1.1249,3.0657,0.4379571428571429,0.3859,0.8817,0.8817,7,1.2886,0.18408571428571427,0.1648,0.2573,0.2573,completed
40,known_visit,HIPC,bernoulli,drop_0.25,19,361,3,10,hipc_g19_d140_bernoulli_drop_0_25,reruns\grid_density\scenarios\cv\known_visit_grid19_targets10_trials50.csv,00,20,2,1,17,4,1,0,0,0,0.0,0,0,55,42,13,102,18,33,8.8419,0.26793636363636364,0.2258,0.5891,0.7933,4.3691,0.1323969696969697,0.0939,0.4132,0.6181,33,4.4728,0.13553939393939396,0.1312,0.1759,0.1963,completed
40,known_visit,HIPC,bernoulli,drop_0.25,19,361,3,10,hipc_g19_d140_bernoulli_drop_0_25,reruns\grid_density\scenarios\cv\known_visit_grid19_targets10_trials50.csv,01,21,4,0,22,0,2,0,0,0,0.0,0,0,55,44,11,101,19,31,7.7476,0.2499225806451613,0.1769,0.6804,0.6949,3.9543999999999997,0.12756129032258062,0.0637,0.5125,0.5172,31,3.7932,0.12236129032258065,0.113,0.1698,0.1777,completed
40,known_visit,HIPC,bernoulli,drop_0.25,19,361,3,10,hipc_g19_d140_bernoulli_drop_0_25,reruns\grid_density\scenarios\cv\known_visit_grid19_targets10_trials50.csv,02,28,4,0,29,0,0,0,0,0,0.0,0,0,65,57,8,95,15,8,3.4812,0.43515,0.423,0.7137,0.7137,2.2394,0.279925,0.2592,0.5381,0.5381,8,1.2418,0.155225,0.15794999999999998,0.1756,0.1756,completed
41,known_visit,HIPC,bernoulli,drop_0.25,19,361,3,10,hipc_g19_d140_bernoulli_drop_0_25,reruns\grid_density\scenarios\cv\known_visit_grid19_targets10_trials50.csv,00,24,1,1,24,1,4,0,0,0,0.0,0,0,62,49,13,94,14,6,2.93,0.48833333333333334,0.4665,0.654,0.654,1.8687,0.31145,0.26725,0.477,0.477,6,1.0613,0.1768833333333333,0.17154999999999998,0.2324,0.2324,completed
41,known_visit,HIPC,bernoulli,drop_0.25,19,361,3,10,hipc_g19_d140_bernoulli_drop_0_25,reruns\grid_density\scenarios\cv\known_visit_grid19_targets10_trials50.csv,01,24,6,0,25,0,0,0,0,0,0.0,0,0,61,49,12,93,17,7,3.1316,0.4473714285714286,0.4153,0.6999,0.6999,1.8939,0.27055714285714283,0.2089,0.513,0.513,7,1.2377,0.17681428571428573,0.1699,0.231,0.231,completed
41,known_visit,HIPC,bernoulli,drop_0.25,19,361,3,10,hipc_g19_d140_bernoulli_drop_0_25,reruns\grid_density\scenarios\cv\known_visit_grid19_targets10_trials50.csv,02,18,3,0,19,0,1,0,0,0,0.0,0,0,48,38,10,101,21,25,7.7887,0.311548,0.276,0.6433,0.7766,3.7605,0.15042,0.0944,0.4776,0.6049,25,4.0282,0.161128,0.1494,0.2139,0.2158,completed
42,known_visit,HIPC,bernoulli,drop_0.25,19,361,3,10,hipc_g19_d140_bernoulli_drop_0_25,reruns\grid_density\scenarios\cv\known_visit_grid19_targets10_trials50.csv,00,22,3,0,23,0,0,0,0,0,0.0,0,0,51,45,6,91,13,6,4.5392,0.7565333333333334,0.8223,0.9269,0.9269,3.2734,0.5455666666666666,0.6191500000000001,0.7038,0.7038,6,1.2658,0.21096666666666666,0.21565,0.2446,0.2446,completed
42,known_visit,HIPC,bernoulli,drop_0.25,19,361,3,10,hipc_g19_d140_bernoulli_drop_0_25,reruns\grid_density\scenarios\cv\known_visit_grid19_targets10_trials50.csv,01,21,4,0,22,0,0,0,0,0,0.0,0,0,54,44,10,82,18,7,5.1697,0.7385285714285714,0.5882,1.2355,1.2355,3.5512,0.5073142857142857,0.3785,0.9074,0.9074,7,1.6185,0.23121428571428573,0.2136,0.3281,0.3281,completed
42,known_visit,HIPC,bernoulli,drop_0.25,19,361,3,10,hipc_g19_d140_bernoulli_drop_0_25,reruns\grid_density\scenarios\cv\known_visit_grid19_targets10_trials50.csv,02,21,3,0,22,0,0,0,0,0,0.0,0,0,50,44,6,89,15,8,5.5393,0.6924125,0.6465000000000001,1.1733,1.1733,3.8824,0.4853,0.44,0.9308,0.9308,8,1.6569,0.2071125,0.1993,0.2498,0.2498,completed
43,known_visit,HIPC,bernoulli,drop_0.25,19,361,3,10,hipc_g19_d140_bernoulli_drop_0_25,reruns\grid_density\scenarios\cv\known_visit_grid19_targets10_trials50.csv,00,16,2,0,17,0,1,0,0,0,0.0,0,0,52,34,18,93,12,24,10.0164,0.41735000000000005,0.2934,0.7751,0.8206,5.5701,0.2320875,0.10495,0.5927,0.6023,24,4.4463,0.1852625,0.18655,0.2279,0.2441,completed
43,known_visit,HIPC,bernoulli,drop_0.25,19,361,3,10,hipc_g19_d140_bernoulli_drop_0_25,reruns\grid_density\scenarios\cv\known_visit_grid19_targets10_trials50.csv,01,21,4,0,22,0,1,0,0,0,0.0,0,0,56,43,13,88,14,9,5.7839,0.6426555555555555,0.6408,1.0392,1.0392,3.9927,0.4436333333333333,0.4341,0.759,0.759,9,1.7912,0.1990222222222222,0.2067,0.2802,0.2802,completed
43,known_visit,HIPC,bernoulli,drop_0.25,19,361,3,10,hipc_g19_d140_bernoulli_drop_0_25,reruns\grid_density\scenarios\cv\known_visit_grid19_targets10_trials50.csv,02,21,4,0,22,0,0,0,0,0,0.0,0,0,50,43,7,92,15,8,4.8733,0.6091625,0.57465,1.0518,1.0518,3.1962,0.399525,0.4043,0.7509,0.7509,8,1.6771,0.2096375,0.20915,0.3009,0.3009,completed
44,known_visit,HIPC,bernoulli,drop_0.25,19,361,3,10,hipc_g19_d140_bernoulli_drop_0_25,reruns\grid_density\scenarios\cv\known_visit_grid19_targets10_trials50.csv,00,33,3,0,34,0,0,0,0,0,0.0,0,0,75,68,7,153,25,103,29.3113,0.2845757281553398,0.2636,0.3706,0.7036,10.764,0.10450485436893203,0.0852,0.1898,0.5395,103,18.5473,0.18007087378640776,0.1754,0.1981,0.3008,completed
44,known_visit,HIPC,bernoulli,drop_0.25,19,361,3,10,hipc_g19_d140_bernoulli_drop_0_25,reruns\grid_density\scenarios\cv\known_visit_grid19_targets10_trials50.csv,01,13,2,0,13,1,1,0,0,0,0.0,0,0,36,28,8,185,31,172,46.346000000000004,0.26945348837209304,0.2494,0.3631,0.7934,15.9,0.09244186046511628,0.07405,0.1766,0.6299,172,30.446,0.17701162790697675,0.1737,0.2043,0.2955,completed
44,known_visit,HIPC,bernoulli,drop_0.25,19,361,3,10,hipc_g19_d140_bernoulli_drop_0_25,reruns\grid_density\scenarios\cv\known_visit_grid19_targets10_trials50.csv,02,60,5,3,49,12,3,0,0,0,0.0,0,0,142,122,20,100,11,14,8.2274,0.5876714285714285,0.6301,0.9109,0.9109,5.5719,0.39799285714285715,0.43555,0.6606,0.6606,14,2.6555,0.18967857142857142,0.17609999999999998,0.2503,0.2503,completed
45,known_visit,HIPC,bernoulli,drop_0.25,19,361,3,10,hipc_g19_d140_bernoulli_drop_0_25,reruns\grid_density\scenarios\cv\known_visit_grid19_targets10_trials50.csv,00,19,1,0,20,0,1,0,0,0,0.0,0,0,51,40,11,106,13,26,8.6473,0.3325884615384615,0.25,0.6749,0.8254,5.03,0.19346153846153846,0.11915,0.5005,0.6568,26,3.6173,0.1391269230769231,0.13124999999999998,0.1687,0.1744,completed
45,known_visit,HIPC,bernoulli,drop_0.25,19,361,3,10,hipc_g19_d140_bernoulli_drop_0_25,reruns\grid_density\scenarios\cv\known_visit_grid19_targets10_trials50.csv,01,25,4,0,25,1,1,0,0,0,0.0,0,0,60,51,9,92,19,8,4.4677,0.5584625,0.54925,0.9024,0.9024,3.0903,0.3862875,0.37870000000000004,0.7025,0.7025,8,1.3774,0.172175,0.17495,0.1999,0.1999,completed
45,known_visit,HIPC,bernoulli,drop_0.25,19,361,3,10,hipc_g19_d140_bernoulli_drop_0_25,reruns\grid_density\scenarios\cv\known_visit_grid19_targets10_trials50.csv,02,23,5,0,24,0,1,0,0,0,0.0,0,0,60,48,12,93,18,12,4.4744,0.3728666666666667,0.36505,0.696,0.696,2.7153,0.226275,0.21555000000000002,0.5157,0.5157,12,1.7591,0.14659166666666668,0.1495,0.1938,0.1938,completed
46,known_visit,HIPC,bernoulli,drop_0.25,19,361,3,10,hipc_g19_d140_bernoulli_drop_0_25,reruns\grid_density\scenarios\cv\known_visit_grid19_targets10_trials50.csv,00,22,2,1,22,1,1,0,0,0,0.0,0,0,60,47,13,109,22,250,56.7362,0.22694479999999997,0.2037,0.3251,0.6969,24.5286,0.0981144,0.0835,0.1444,0.5135,250,32.2076,0.12883039999999998,0.1197,0.1801,0.2925,completed
46,known_visit,HIPC,bernoulli,drop_0.25,19,361,3,10,hipc_g19_d140_bernoulli_drop_0_25,reruns\grid_density\scenarios\cv\known_visit_grid19_targets10_trials50.csv,01,28,3,1,28,1,3,0,0,0,0.0,0,0,74,59,15,99,18,226,51.4095,0.22747566371681416,0.20435,0.3267,0.6216,22.2226,0.09833008849557522,0.08465,0.1494,0.4494,226,29.1869,0.12914557522123896,0.11935000000000001,0.1801,0.2618,completed
46,known_visit,HIPC,bernoulli,drop_0.25,19,361,3,10,hipc_g19_d140_bernoulli_drop_0_25,reruns\grid_density\scenarios\cv\known_visit_grid19_targets10_trials50.csv,02,23,5,0,24,0,0,0,0,0,0.0,0,1,58,48,10,109,25,250,51.3689,0.20547559999999998,0.18255,0.2841,1.0941,18.8425,0.07537,0.0619,0.1047,0.9172,250,32.5264,0.13010560000000002,0.1203,0.1765,0.3163,completed
47,known_visit,HIPC,bernoulli,drop_0.25,19,361,3,10,hipc_g19_d140_bernoulli_drop_0_25,reruns\grid_density\scenarios\cv\known_visit_grid19_targets10_trials50.csv,00,18,2,2,16,3,0,0,0,0,0.0,0,0,46,38,8,99,14,30,10.4123,0.34707666666666664,0.25745,0.9523,0.978,4.8437,0.16145666666666666,0.08505,0.6736,0.7288,30,5.5686,0.18562,0.16775,0.2758,0.2787,completed
47,known_visit,HIPC,bernoulli,drop_0.25,19,361,3,10,hipc_g19_d140_bernoulli_drop_0_25,reruns\grid_density\scenarios\cv\known_visit_grid19_targets10_trials50.csv,01,19,4,0,20,0,2,0,0,0,0.0,0,0,53,40,13,90,16,28,12.8708,0.45967142857142856,0.3023,0.9415,1.1065,7.3753,0.26340357142857146,0.1244,0.7063,0.8743,28,5.4955,0.19626785714285713,0.17815,0.2352,0.346,completed
47,known_visit,HIPC,bernoulli,drop_0.25,19,361,3,10,hipc_g19_d140_bernoulli_drop_0_25,reruns\grid_density\scenarios\cv\known_visit_grid19_targets10_trials50.csv,02,26,4,0,27,0,0,0,0,0,0.0,0,0,61,53,8,86,13,8,5.0263,0.6282875,0.6151,0.9062,0.9062,3.3092,0.41365,0.40190000000000003,0.6733,0.6733,8,1.7171,0.2146375,0.2132,0.253,0.253,completed
48,known_visit,HIPC,bernoulli,drop_0.25,19,361,3,10,hipc_g19_d140_bernoulli_drop_0_25,reruns\grid_density\scenarios\cv\known_visit_grid19_targets10_trials50.csv,00,24,5,0,25,0,0,0,0,0,0.0,0,0,58,49,9,97,15,8,3.0246,0.378075,0.29479999999999995,0.6432,0.6432,1.9897,0.2487125,0.1648,0.4982,0.4982,8,1.0349,0.1293625,0.13235,0.1509,0.1509,completed
48,known_visit,HIPC,bernoulli,drop_0.25,19,361,3,10,hipc_g19_d140_bernoulli_drop_0_25,reruns\grid_density\scenarios\cv\known_visit_grid19_targets10_trials50.csv,01,25,1,2,18,8,0,0,0,0,0.0,0,0,56,51,5,100,14,8,3.2363999999999997,0.40454999999999997,0.3135,0.7312,0.7312,2.1444,0.26805,0.17895,0.5564,0.5564,8,1.092,0.1365,0.13455,0.1748,0.1748,completed
48,known_visit,HIPC,bernoulli,drop_0.25,19,361,3,10,hipc_g19_d140_bernoulli_drop_0_25,reruns\grid_density\scenarios\cv\known_visit_grid19_targets10_trials50.csv,02,22,4,0,23,0,1,0,0,0,0.0,0,0,56,46,10,96,17,13,3.6054999999999997,0.2773461538461538,0.1901,0.6072,0.6072,2.1001,0.16154615384615384,0.0866,0.4579,0.4579,13,1.5054,0.1158,0.1035,0.1493,0.1493,completed
49,known_visit,HIPC,bernoulli,drop_0.25,19,361,3,10,hipc_g19_d140_bernoulli_drop_0_25,reruns\grid_density\scenarios\cv\known_visit_grid19_targets10_trials50.csv,00,25,4,0,26,0,0,0,0,0,0.0,0,0,58,51,7,91,14,8,3.1097,0.3887125,0.33665,0.7058,0.7058,1.9256,0.2407,0.18405,0.4681,0.4681,8,1.1841,0.1480125,0.1422,0.2377,0.2377,completed
49,known_visit,HIPC,bernoulli,drop_0.25,19,361,3,10,hipc_g19_d140_bernoulli_drop_0_25,reruns\grid_density\scenarios\cv\known_visit_grid19_targets10_trials50.csv,01,25,4,0,26,0,0,0,0,0,0.0,0,0,62,51,11,82,18,6,2.5856,0.43093333333333333,0.3832,0.6343,0.6343,1.6606,0.27676666666666666,0.2086,0.4733,0.4733,6,0.925,0.15416666666666667,0.1488,0.2134,0.2134,completed
49,known_visit,HIPC,bernoulli,drop_0.25,19,361,3,10,hipc_g19_d140_bernoulli_drop_0_25,reruns\grid_density\scenarios\cv\known_visit_grid19_targets10_trials50.csv,02,16,2,0,17,0,0,0,0,0,0.0,0,0,43,34,9,96,23,39,13.4025,0.34365384615384614,0.3412,0.4775,0.5472,7.9895,0.20485897435897435,0.2011,0.3304,0.3889,39,5.413,0.1387948717948718,0.1393,0.1473,0.1583,completed
