trial_id,trial_mode,algorithm,comm_model,comm_level,grid_size,grid_cells,robot_count,target_count,condition_id,scenario_file,target_locations,completed_target_count,all_targets_visited,final_target_completion_time_s,final_target_completion_sim_time_s,targets_found_by_robot,robot_start_locations,robot_end_locations,events_processed,stall_recoveries_total,trial_status,failure_type,failure_message
0,known_visit,HIPC,bernoulli,drop_0.25,34,1156,24,10,hipc_g34_d50_bernoulli_drop_0_25,reruns\grid_density\scenarios\cv\known_visit_grid34_targets10_trials50.csv,"(20,5);(28,1);(11,25);(20,24);(25,8);(3,5);(1,16);(23,30);(33,13);(24,22)",10,True,95.41619965774932,95.41619965774932,00:0;01:0;02:0;03:2;04:0;05:2;06:0;07:0;08:0;09:0;10:0;11:1;12:0;13:0;14:0;15:3;16:0;17:1;18:0;19:0;20:0;21:1;22:0;23:0,"(0,0);(0,1);(0,3);(0,4);(0,6);(0,7);(0,9);(0,10);(0,11);(0,13);(0,14);(0,16);(0,17);(0,19);(0,20);(0,22);(0,23);(0,24);(0,26);(0,27);(0,29);(0,30);(0,32);(0,33)","(0,0);(4,1);(0,3);(20,5);(0,6);(28,1);(0,9);(0,10);(0,11);(2,13);(0,14);(1,16);(0,17);(0,19);(0,20);(33,13);(0,23);(11,25);(0,26);(0,27);(0,29);(23,30);(0,32);(1,33)",4375,0,completed,,
1,known_visit,HIPC,bernoulli,drop_0.25,34,1156,24,10,hipc_g34_d50_bernoulli_drop_0_25,reruns\grid_density\scenarios\cv\known_visit_grid34_targets10_trials50.csv,"(19,17);(14,6);(17,16);(16,15);(5,33);(11,30);(26,23);(24,33);(27,21);(19,32)",10,True,60.94801184962842,60.94801184962842,00:0;01:0;02:0;03:1;04:0;05:0;06:0;07:0;08:0;09:0;10:0;11:2;12:0;13:3;14:0;15:0;16:0;17:0;18:0;19:0;20:0;21:0;22:1;23:3,"(0,0);(0,1);(0,3);(0,4);(0,6);(0,7);(0,9);(0,10);(0,11);(0,13);(0,14);(0,16);(0,17);(0,19);(0,20);(0,22);(0,23);(0,24);(0,26);(0,27);(0,29);(0,30);(0,32);(0,33)","(0,0);(0,1);(0,3);(14,6);(0,6);(0,7);(1,9);(0,10);(1,11);(0,13);(0,14);(17,16);(0,17);(26,23);(5,20);(1,22);(1,23);(0,24);(5,33);(0,27);(0,29);(1,30);(11,28);(24,33)",2755,0,completed,,
2,known_visit,HIPC,bernoulli,drop_0.25,34,1156,24,10,hipc_g34_d50_bernoulli_drop_0_25,reruns\grid_density\scenarios\cv\known_visit_grid34_targets10_trials50.csv,"(3,32);(26,0);(14,7);(19,20);(29,15);(24,23);(11,8);(21,32);(22,8);(10,12)",10,True,67.62058941864301,67.62058941864301,00:1;01:0;02:0;03:0;04:0;05:3;06:0;07:0;08:1;09:0;10:0;11:0;12:0;13:0;14:3;15:0;16:0;17:0;18:0;19:0;20:0;21:0;22:2;23:0,"(0,0);(0,1);(0,3);(0,4);(0,6);(0,7);(0,9);(0,10);(0,11);(0,13);(0,14);(0,16);(0,17);(0,19);(0,20);(0,22);(0,23);(0,24);(0,26);(0,27);(0,29);(0,30);(0,32);(0,33)","(26,0);(0,1);(0,3);(2,4);(0,6);(22,8);(1,9);(0,10);(14,7);(6,13);(0,14);(1,16);(1,17);(2,19);(29,15);(0,22);(0,23);(0,24);(0,26);(1,27);(2,29);(0,30);(21,32);(0,33)",3054,0,completed,,
3,known_visit,HIPC,bernoulli,drop_0.25,34,1156,24,10,hipc_g34_d50_bernoulli_drop_0_25,reruns\grid_density\scenarios\cv\known_visit_grid34_targets10_trials50.csv,"(18,8);(19,29);(2,31);(11,10);(20,22);(32,21);(14,23);(9,2);(6,3);(3,22)",10,True,59.63237170478753,59.63237170478753,00:0;01:0;02:2;03:0;04:0;05:0;06:0;07:2;08:0;09:0;10:0;11:0;12:0;13:0;14:0;15:4;16:0;17:0;18:0;19:0;20:1;21:1;22:0;23:0,"(0,0);(0,1);(0,3);(0,4);(0,6);(0,7);(0,9);(0,10);(0,11);(0,13);(0,14);(0,16);(0,17);(0,19);(0,20);(0,22);(0,23);(0,24);(0,26);(0,27);(0,29);(0,30);(0,32);(0,33)","(0,0);(0,1);(9,2);(0,4);(1,6);(0,7);(0,9);(18,8);(0,11);(0,13);(0,14);(0,16);(0,17);(8,19);(0,20);(32,21);(1,23);(1,24);(1,26);(0,27);(19,29);(2,31);(0,32);(0,33)",2738,0,completed,,
4,known_visit,HIPC,bernoulli,drop_0.25,34,1156,24,10,hipc_g34_d50_bernoulli_drop_0_25,reruns\grid_density\scenarios\cv\known_visit_grid34_targets10_trials50.csv,"(17,0);(33,1);(26,29);(15,17);(9,10);(17,18);(23,29);(13,30);(6,0);(29,29)",10,True,56.25003775826881,56.25003775826881,00:3;01:0;02:0;03:0;04:0;05:0;06:0;07:1;08:0;09:0;10:0;11:0;12:2;13:0;14:0;15:0;16:0;17:0;18:0;19:0;20:3;21:1;22:0;23:0,"(0,0);(0,1);(0,3);(0,4);(0,6);(0,7);(0,9);(0,10);(0,11);(0,13);(0,14);(0,16);(0,17);(0,19);(0,20);(0,22);(0,23);(0,24);(0,26);(0,27);(0,29);(0,30);(0,32);(0,33)","(33,1);(6,0);(1,3);(0,4);(0,6);(1,7);(0,9);(9,10);(0,11);(1,13);(1,14);(0,16);(17,18);(0,19);(0,20);(0,22);(1,23);(0,24);(0,26);(0,27);(29,29);(22,30);(0,32);(5,33)",2526,0,completed,,
5,known_visit,HIPC,bernoulli,drop_0.25,34,1156,24,10,hipc_g34_d50_bernoulli_drop_0_25,reruns\grid_density\scenarios\cv\known_visit_grid34_targets10_trials50.csv,"(21,6);(4,2);(16,26);(9,17);(5,0);(19,7);(31,31);(15,20);(30,27);(22,11)",10,True,69.20585434113443,69.20585434113443,00:0;01:2;02:0;03:0;04:0;05:2;06:0;07:0;08:1;09:0;10:0;11:0;12:1;13:0;14:0;15:0;16:0;17:0;18:2;19:0;20:0;21:2;22:0;23:0,"(0,0);(0,1);(0,3);(0,4);(0,6);(0,7);(0,9);(0,10);(0,11);(0,13);(0,14);(0,16);(0,17);(0,19);(0,20);(0,22);(0,23);(0,24);(0,26);(0,27);(0,29);(0,30);(0,32);(0,33)","(0,0);(5,0);(4,3);(0,4);(1,6);(21,6);(0,9);(0,10);(22,11);(1,13);(2,14);(0,16);(9,17);(0,19);(1,20);(0,22);(1,23);(0,24);(15,20);(2,27);(0,29);(30,27);(0,32);(0,33)",3156,0,completed,,
6,known_visit,HIPC,bernoulli,drop_0.25,34,1156,24,10,hipc_g34_d50_bernoulli_drop_0_25,reruns\grid_density\scenarios\cv\known_visit_grid34_targets10_trials50.csv,"(21,15);(1,18);(14,25);(6,19);(4,11);(20,18);(16,2);(23,22);(33,20);(23,9)",10,True,65.81090474350856,65.81090474350856,00:0;01:1;02:1;03:0;04:0;05:0;06:0;07:0;08:1;09:0;10:0;11:0;12:1;13:3;14:0;15:0;16:0;17:3;18:0;19:0;20:0;21:0;22:0;23:0,"(0,0);(0,1);(0,3);(0,4);(0,6);(0,7);(0,9);(0,10);(0,11);(0,13);(0,14);(0,16);(0,17);(0,19);(0,20);(0,22);(0,23);(0,24);(0,26);(0,27);(0,29);(0,30);(0,32);(0,33)","(0,0);(16,2);(23,9);(0,4);(0,6);(0,7);(0,9);(2,10);(7,11);(1,14);(0,14);(0,16);(1,18);(21,15);(11,20);(0,22);(0,23);(33,20);(14,26);(0,27);(0,29);(0,30);(0,32);(0,33)",2971,0,completed,,
7,known_visit,HIPC,bernoulli,drop_0.25,34,1156,24,10,hipc_g34_d50_bernoulli_drop_0_25,reruns\grid_density\scenarios\cv\known_visit_grid34_targets10_trials50.csv,"(11,6);(22,28);(9,12);(33,20);(16,10);(15,3);(24,5);(9,8);(18,10);(4,26)",10,True,71.83851783559015,71.83851783559015,00:0;01:0;02:1;03:0;04:2;05:2;06:0;07:2;08:0;09:0;10:0;11:0;12:0;13:0;14:0;15:0;16:0;17:0;18:3;19:0;20:0;21:0;22:0;23:0,"(0,0);(0,1);(0,3);(0,4);(0,6);(0,7);(0,9);(0,10);(0,11);(0,13);(0,14);(0,16);(0,17);(0,19);(0,20);(0,22);(0,23);(0,24);(0,26);(0,27);(0,29);(0,30);(0,32);(0,33)","(1,0);(0,1);(15,3);(11,4);(24,5);(9,12);(0,9);(18,10);(0,11);(0,13);(0,14);(1,16);(0,17);(4,19);(0,20);(0,22);(1,23);(0,24);(33,20);(4,26);(0,29);(0,30);(1,32);(0,33)",3272,0,completed,,
8,known_visit,HIPC,bernoulli,drop_0.25,34,1156,24,10,hipc_g34_d50_bernoulli_drop_0_25,reruns\grid_density\scenarios\cv\known_visit_grid34_targets10_trials50.csv,"(10,22);(29,12);(29,17);(17,15);(11,32);(24,29);(25,3);(5,8);(6,23);(18,30)",10,True,62.36319624231624,62.36319624231624,00:0;01:0;02:1;03:0;04:0;05:1;06:0;07:0;08:0;09:0;10:3;11:0;12:0;13:0;14:0;15:0;16:2;17:0;18:0;19:0;20:2;21:0;22:1;23:0,"(0,0);(0,1);(0,3);(0,4);(0,6);(0,7);(0,9);(0,10);(0,11);(0,13);(0,14);(0,16);(0,17);(0,19);(0,20);(0,22);(0,23);(0,24);(0,26);(0,27);(0,29);(0,30);(0,32);(0,33)","(0,0);(0,1);(25,3);(0,4);(5,6);(5,8);(0,9);(0,10);(0,11);(2,13);(29,12);(10,16);(0,17);(0,19);(1,20);(0,22);(10,22);(7,24);(0,26);(0,27);(24,29);(1,30);(11,32);(0,33)",2809,0,completed,,
9,known_visit,HIPC,bernoulli,drop_0.25,34,1156,24,10,hipc_g34_d50_bernoulli_drop_0_25,reruns\grid_density\scenarios\cv\known_visit_grid34_targets10_trials50.csv,"(18,24);(6,0);(2,8);(22,15);(23,3);(22,26);(14,7);(29,27);(31,19);(17,25)",10,True,69.30621656356762,69.30621656356762,00:1;01:0;02:0;03:0;04:0;05:3;06:0;07:0;08:0;09:0;10:1;11:0;12:0;13:0;14:0;15:0;16:0;17:2;18:0;19:3;20:0;21:0;22:0;23:0,"(0,0);(0,1);(0,3);(0,4);(0,6);(0,7);(0,9);(0,10);(0,11);(0,13);(0,14);(0,16);(0,17);(0,19);(0,20);(0,22);(0,23);(0,24);(0,26);(0,27);(0,29);(0,30);(0,32);(0,33)","(6,0);(1,1);(0,3);(0,4);(0,6);(23,3);(2,8);(0,10);(0,11);(0,13);(22,15);(5,16);(0,17);(1,19);(0,20);(0,22);(3,23);(25,27);(6,26);(31,19);(0,29);(1,30);(0,32);(0,33)",3142,0,completed,,
10,known_visit,HIPC,bernoulli,drop_0.25,34,1156,24,10,hipc_g34_d50_bernoulli_drop_0_25,reruns\grid_density\scenarios\cv\known_visit_grid34_targets10_trials50.csv,"(20,19);(15,13);(2,29);(13,8);(25,22);(16,8);(33,10);(18,14);(21,31);(22,25)",10,True,60.48734415641492,60.48734415641492,00:0;01:0;02:0;03:0;04:0;05:3;06:0;07:0;08:0;09:2;10:0;11:0;12:0;13:3;14:0;15:0;16:0;17:0;18:0;19:0;20:2;21:0;22:0;23:0,"(0,0);(0,1);(0,3);(0,4);(0,6);(0,7);(0,9);(0,10);(0,11);(0,13);(0,14);(0,16);(0,17);(0,19);(0,20);(0,22);(0,23);(0,24);(0,26);(0,27);(0,29);(0,30);(0,32);(0,33)","(0,0);(0,1);(2,3);(0,4);(0,6);(33,10);(0,9);(0,10);(0,11);(18,14);(16,8);(0,16);(0,17);(22,25);(0,20);(1,22);(0,23);(0,24);(13,26);(2,29);(21,31);(1,30);(0,32);(0,33)",2699,0,completed,,
11,known_visit,HIPC,bernoulli,drop_0.25,34,1156,24,10,hipc_g34_d50_bernoulli_drop_0_25,reruns\grid_density\scenarios\cv\known_visit_grid34_targets10_trials50.csv,"(8,17);(25,27);(1,25);(17,1);(15,15);(3,19);(24,17);(16,12);(29,24);(1,26)",10,True,66.49201974632844,66.49201974632844,00:0;01:1;02:0;03:0;04:0;05:0;06:0;07:0;08:0;09:0;10:0;11:3;12:0;13:2;14:0;15:0;16:0;17:2;18:2;19:0;20:0;21:0;22:0;23:0,"(0,0);(0,1);(0,3);(0,4);(0,6);(0,7);(0,9);(0,10);(0,11);(0,13);(0,14);(0,16);(0,17);(0,19);(0,20);(0,22);(0,23);(0,24);(0,26);(0,27);(0,29);(0,30);(0,32);(0,33)","(1,0);(17,1);(0,3);(0,4);(1,6);(1,7);(1,9);(0,10);(1,11);(0,13);(2,14);(16,12);(0,17);(24,17);(0,20);(0,22);(1,23);(25,27);(1,25);(3,27);(0,29);(1,30);(1,32);(0,33)",3040,0,completed,,
12,known_visit,HIPC,bernoulli,drop_0.25,34,1156,24,10,hipc_g34_d50_bernoulli_drop_0_25,reruns\grid_density\scenarios\cv\known_visit_grid34_targets10_trials50.csv,"(14,20);(19,27);(26,11);(31,30);(14,13);(20,1);(19,12);(15,5);(9,27);(20,0)",10,True,56.22238942982878,56.22238942982878,00:2;01:0;02:0;03:1;04:0;05:0;06:0;07:0;08:2;09:1;10:0;11:0;12:0;13:0;14:1;15:0;16:0;17:0;18:0;19:3;20:0;21:0;22:0;23:0,"(0,0);(0,1);(0,3);(0,4);(0,6);(0,7);(0,9);(0,10);(0,11);(0,13);(0,14);(0,16);(0,17);(0,19);(0,20);(0,22);(0,23);(0,24);(0,26);(0,27);(0,29);(0,30);(0,32);(0,33)","(20,1);(0,1);(16,5);(15,5);(0,6);(0,7);(0,9);(0,10);(26,11);(14,13);(0,14);(0,16);(0,17);(1,19);(14,20);(0,22);(0,23);(0,24);(0,26);(31,30);(8,29);(8,30);(0,32);(1,33)",2492,0,completed,,
13,known_visit,HIPC,bernoulli,drop_0.25,34,1156,24,10,hipc_g34_d50_bernoulli_drop_0_25,reruns\grid_density\scenarios\cv\known_visit_grid34_targets10_trials50.csv,"(23,7);(10,3);(25,1);(19,9);(30,19);(5,13);(33,25);(27,18);(14,17);(22,31)",10,True,69.11564613964698,69.11564613964698,00:0;01:0;02:3;03:0;04:0;05:1;06:0;07:0;08:0;09:1;10:0;11:0;12:4;13:0;14:0;15:0;16:0;17:0;18:0;19:0;20:0;21:0;22:1;23:0,"(0,0);(0,1);(0,3);(0,4);(0,6);(0,7);(0,9);(0,10);(0,11);(0,13);(0,14);(0,16);(0,17);(0,19);(0,20);(0,22);(0,23);(0,24);(0,26);(0,27);(0,29);(0,30);(0,32);(0,33)","(0,0);(0,1);(25,1);(0,4);(1,6);(14,17);(0,9);(0,10);(1,11);(11,13);(0,14);(0,16);(33,25);(1,19);(0,20);(0,22);(1,23);(0,24);(0,26);(0,27);(0,29);(1,30);(22,21);(0,33)",3112,0,completed,,
14,known_visit,HIPC,bernoulli,drop_0.25,34,1156,24,10,hipc_g34_d50_bernoulli_drop_0_25,reruns\grid_density\scenarios\cv\known_visit_grid34_targets10_trials50.csv,"(26,21);(19,17);(30,30);(23,1);(28,33);(8,20);(30,13);(19,15);(2,18);(33,8)",10,True,83.13539560957614,83.13539560957614,00:3;01:0;02:0;03:0;04:0;05:0;06:0;07:0;08:0;09:0;10:0;11:2;12:1;13:2;14:0;15:0;16:0;17:0;18:0;19:0;20:0;21:0;22:0;23:2,"(0,0);(0,1);(0,3);(0,4);(0,6);(0,7);(0,9);(0,10);(0,11);(0,13);(0,14);(0,16);(0,17);(0,19);(0,20);(0,22);(0,23);(0,24);(0,26);(0,27);(0,29);(0,30);(0,32);(0,33)","(30,13);(1,1);(1,3);(0,4);(0,6);(0,7);(1,9);(1,10);(1,11);(1,13);(0,14);(19,17);(2,18);(27,21);(0,20);(8,20);(0,23);(1,24);(0,26);(0,27);(1,29);(0,30);(3,32);(30,30)",3785,0,completed,,
15,known_visit,HIPC,bernoulli,drop_0.25,34,1156,24,10,hipc_g34_d50_bernoulli_drop_0_25,reruns\grid_density\scenarios\cv\known_visit_grid34_targets10_trials50.csv,"(32,18);(21,0);(3,27);(7,8);(33,29);(20,7);(6,0);(20,31);(24,30);(16,32)",10,True,60.86270438560137,60.86270438560137,00:3;01:0;02:0;03:0;04:0;05:1;06:0;07:0;08:0;09:0;10:0;11:0;12:1;13:0;14:0;15:0;16:0;17:0;18:1;19:0;20:0;21:0;22:4;23:0,"(0,0);(0,1);(0,3);(0,4);(0,6);(0,7);(0,9);(0,10);(0,11);(0,13);(0,14);(0,16);(0,17);(0,19);(0,20);(0,22);(0,23);(0,24);(0,26);(0,27);(0,29);(0,30);(0,32);(0,33)","(20,7);(0,1);(0,3);(0,4);(0,6);(7,8);(0,9);(0,10);(0,11);(0,13);(0,14);(0,16);(32,18);(0,19);(0,20);(0,22);(0,23);(1,24);(17,30);(0,27);(0,29);(1,30);(33,29);(0,33)",2757,0,completed,,
16,known_visit,HIPC,bernoulli,drop_0.25,34,1156,24,10,hipc_g34_d50_bernoulli_drop_0_25,reruns\grid_density\scenarios\cv\known_visit_grid34_targets10_trials50.csv,"(16,14);(9,22);(26,13);(4,24);(11,9);(20,7);(27,16);(21,13);(22,30);(32,17)",10,True,65.34110606606016,65.34110606606016,00:0;01:0;02:0;03:0;04:0;05:1;06:1;07:0;08:0;09:5;10:0;11:0;12:0;13:0;14:0;15:1;16:0;17:1;18:0;19:0;20:0;21:1;22:0;23:0,"(0,0);(0,1);(0,3);(0,4);(0,6);(0,7);(0,9);(0,10);(0,11);(0,13);(0,14);(0,16);(0,17);(0,19);(0,20);(0,22);(0,23);(0,24);(0,26);(0,27);(0,29);(0,30);(0,32);(0,33)","(0,0);(0,1);(1,3);(0,4);(1,6);(26,13);(11,9);(0,10);(0,11);(32,17);(1,14);(0,16);(1,17);(0,19);(0,20);(32,21);(1,23);(4,24);(0,26);(0,27);(0,29);(22,30);(0,32);(0,33)",2951,0,completed,,
17,known_visit,HIPC,bernoulli,drop_0.25,34,1156,24,10,hipc_g34_d50_bernoulli_drop_0_25,reruns\grid_density\scenarios\cv\known_visit_grid34_targets10_trials50.csv,"(20,0);(19,24);(12,18);(21,27);(17,8);(5,23);(14,25);(33,9);(29,21);(16,3)",10,True,79.5487526274427,79.5487526274427,00:1;01:0;02:2;03:0;04:0;05:0;06:0;07:0;08:0;09:0;10:0;11:0;12:1;13:0;14:2;15:0;16:0;17:1;18:0;19:3;20:0;21:0;22:0;23:0,"(0,0);(0,1);(0,3);(0,4);(0,6);(0,7);(0,9);(0,10);(0,11);(0,13);(0,14);(0,16);(0,17);(0,19);(0,20);(0,22);(0,23);(0,24);(0,26);(0,27);(0,29);(0,30);(0,32);(0,33)","(20,0);(1,1);(17,8);(0,4);(1,6);(0,7);(0,9);(0,10);(1,11);(1,13);(0,14);(0,16);(12,18);(0,19);(33,9);(5,22);(0,23);(5,23);(0,26);(21,27);(1,29);(0,30);(0,32);(0,33)",3639,0,completed,,
18,known_visit,HIPC,bernoulli,drop_0.25,34,1156,24,10,hipc_g34_d50_bernoulli_drop_0_25,reruns\grid_density\scenarios\cv\known_visit_grid34_targets10_trials50.csv,"(24,8);(28,25);(26,24);(29,0);(11,25);(24,19);(20,9);(22,16);(12,3);(25,17)",10,True,57.58815140060278,57.58815140060278,00:0;01:0;02:2;03:0;04:0;05:2;06:0;07:0;08:0;09:0;10:0;11:2;12:0;13:3;14:0;15:0;16:0;17:1;18:0;19:0;20:0;21:0;22:0;23:0,"(0,0);(0,1);(0,3);(0,4);(0,6);(0,7);(0,9);(0,10);(0,11);(0,13);(0,14);(0,16);(0,17);(0,19);(0,20);(0,22);(0,23);(0,24);(0,26);(0,27);(0,29);(0,30);(0,32);(0,33)","(1,0);(0,1);(29,0);(0,4);(0,6);(24,8);(1,9);(0,10);(0,11);(0,13);(0,14);(24,19);(1,17);(28,25);(1,20);(0,22);(0,23);(11,25);(0,26);(0,27);(0,29);(0,30);(0,32);(0,33)",2585,0,completed,,
19,,HIPC,bernoulli,drop_0.25,34,1156,24,10,hipc_g34_d50_bernoulli_drop_0_25,reruns\grid_density\scenarios\cv\known_visit_grid34_targets10_trials50.csv,"(23,5);(13,19);(29,20);(27,28);(8,21);(15,14);(16,1);(3,33);(31,23);(17,0)",,,,,,"00:(0,0);01:(0,1);02:(0,3);03:(0,4);04:(0,6);05:(0,7);06:(0,9);07:(0,10);08:(0,11);09:(0,13);10:(0,14);11:(0,16);12:(0,17);13:(0,19);14:(0,20);15:(0,22);16:(0,23);17:(0,24);18:(0,26);19:(0,27);20:(0,29);21:(0,30);22:(0,32);23:(0,33)",,,,failed,RuntimeError,"Stagnation detected in trial 19 after 2000 events without movement or target completion; diagnostics={""clock_s"": 107.10193334486759, ""completed_targets"": 9, ""event_reasons"": {""intent_sync"": 135, ""moved"": 124, ""no_goal"": 4693, ""target_visited"": 9, ""turn"": 9}, ""events_processed"": 4970, ""robots"": {""00"": {""active_tasks"": 3, ""decision"": {""alg"": ""HIPC"", ""hipc_bad_prediction_count"": {""10"": 1, ""13"": 0, ""14"": 0, ""18"": 1, ""19"": 0}, ""hipc_bundle"": [], ""hipc_bundle_size"": 2, ""hipc_candidate_count"": 3, ""hipc_candidate_count_after_filter"": 3, ""hipc_candidate_count_before_filter"": 3, ""hipc_claims_known"": 0, ""hipc_dropped_peers"": [], ""hipc_max_candidate_cells"": null, ""hipc_path"": [], ""hipc_pending_snapshot"": false, ""hipc_team_size"": 22, ""hipc_trigger"": null, ""mode"": ""known_visit""}, ""goal"": null, ""last_event"": ""no_goal"", ""no_goal_since"": 52.57481689891014, ""pos"": [23, 5], ""stall_recovery_count"": 0, ""temporary_invalid_until"": {}}, ""01"": {""active_tasks"": 3, ""decision"": {""alg"": ""HIPC"", ""hipc_bad_prediction_count"": {""00"": 1, ""10"": 0, ""14"": 0, ""18"": 1, ""19"": 0, ""23"": 0}, ""hipc_bundle"": [], ""hipc_bundle_size"": 2, ""hipc_candidate_count"": 3, ""hipc_candidate_count_after_filter"": 3, ""hipc_candidate_count_before_filter"": 3, ""hipc_claims_known"": 0, ""hipc_dropped_peers"": [], ""hipc_max_candidate_cells"": null, ""hipc_path"": [], ""hipc_pending_snapshot"": false, ""hipc_team_size"": 19, ""hipc_trigger"": null, ""mode"": ""known_visit""}, ""goal"": null, ""last_event"": ""no_goal"", ""no_goal_since"": 1.8147649509539916, ""pos"": [1, 1], ""stall_recovery_count"": 0, ""temporary_invalid_until"": {}}, ""02"": {""active_tasks"": 3, ""decision"": {""alg"": ""HIPC"", ""hipc_bad_prediction_count"": {""00"": 0, ""10"": 1, ""13"": 1, ""14"": 0, ""18"": 1, ""19"": 0}, ""hipc_bundle"": [], ""hipc_bundle_size"": 2, ""hipc_candidate_count"": 3, ""hipc_candidate_count_after_filter"": 3, ""hipc_candidate_count_before_filter"": 3, ""hipc_claims_known"": 0, ""hipc_dropped_peers"": [], ""hipc_max_candidate_cells"": null, ""hipc_path"": [], ""hipc_pending_snapshot"": false, ""hipc_team_size"": 20, ""hipc_trigger"": null, ""mode"": ""known_visit""}, ""goal"": null, ""last_event"": ""no_goal"", ""no_goal_since"": 1.6504360713481858, ""pos"": [1, 3], ""stall_recovery_count"": 0, ""temporary_invalid_until"": {}}, ""03"": {""active_tasks"": 5, ""decision"": {""alg"": ""HIPC"", ""hipc_bad_prediction_count"": {""00"": 2, ""01"": 0, ""10"": 0, ""13"": 2, ""14"": 0, ""18"": 1, ""19"": 0}, ""hipc_bundle"": [], ""hipc_bundle_size"": 2, ""hipc_candidate_count"": 5, ""hipc_candidate_count_after_filter"": 5, ""hipc_candidate_count_before_filter"": 5, ""hipc_claims_known"": 0, ""hipc_dropped_peers"": [], ""hipc_max_candidate_cells"": null, ""hipc_path"": [], ""hipc_pending_snapshot"": false, ""hipc_team_size"": 22, ""hipc_trigger"": null, ""mode"": ""known_visit""}, ""goal"": null, ""last_event"": ""no_goal"", ""no_goal_since"": 0.05973083618207695, ""pos"": [0, 4], ""stall_recovery_count"": 0, ""temporary_invalid_until"": {}}, ""04"": {""active_tasks"": 4, ""decision"": {""alg"": ""HIPC"", ""hipc_bad_prediction_count"": {""00"": 0, ""14"": 0, ""18"": 1, ""19"": 0, ""23"": 0}, ""hipc_bundle"": [], ""hipc_bundle_size"": 2, ""hipc_candidate_count"": 4, ""hipc_candidate_count_after_filter"": 4, ""hipc_candidate_count_before_filter"": 4, ""hipc_claims_known"": 1, ""hipc_dropped_peers"": [], ""hipc_max_candidate_cells"": null, ""hipc_path"": [], ""hipc_pending_snapshot"": false, ""hipc_team_size"": 19, ""hipc_trigger"": null, ""mode"": ""known_visit""}, ""goal"": null, ""last_event"": ""no_goal"", ""no_goal_since"": 0.11527445224042542, ""pos"": [0, 6], ""stall_recovery_count"": 0, ""temporary_invalid_until"": {}}, ""05"": {""active_tasks"": 3, ""decision"": {""alg"": ""HIPC"", ""hipc_bad_prediction_count"": {""00"": 0, ""10"": 0, ""12"": 0, ""13"": 0, ""14"": 0, ""18"": 1, ""19"": 0, ""20"": 0, ""23"": 0}, ""hipc_bundle"": [], ""hipc_bundle_size"": 2, ""hipc_candidate_count"": 3, ""hipc_candidate_count_after_filter"": 3, ""hipc_candidate_count_before_filter"": 3, ""hipc_claims_known"": 0, ""hipc_dropped_peers"": [], ""hipc_max_candidate_cells"": null, ""hipc_path"": [], ""hipc_pending_snapshot"": false, ""hipc_team_size"": 18, ""hipc_trigger"": null, ""mode"": ""known_visit""}, ""goal"": null, ""last_event"": ""no_goal"", ""no_goal_since"": 1.6599008125430097, ""pos"": [1, 7], ""stall_recovery_count"": 0, ""temporary_invalid_until"": {}}, ""06"": {""active_tasks"": 3, ""decision"": {""alg"": ""HIPC"", ""hipc_bad_prediction_count"": {""00"": 1, ""01"": 0, ""10"": 0, ""14"": 0, ""18"": 1, ""19"": 0, ""23"": 0}, ""hipc_bundle"": [], ""hipc_bundle_size"": 2, ""hipc_candidate_count"": 3, ""hipc_candidate_count_after_filter"": 3, ""hipc_candidate_count_before_filter"": 3, ""hipc_claims_known"": 1, ""hipc_dropped_peers"": [], ""hipc_max_candidate_cells"": null, ""hipc_path"": [], ""hipc_pending_snapshot"": false, ""hipc_team_size"": 20, ""hipc_trigger"": null, ""mode"": ""known_visit""}, ""goal"": null, ""last_event"": ""no_goal"", ""no_goal_since"": 0.051351237450782614, ""pos"": [0, 9], ""stall_recovery_count"": 0, ""temporary_invalid_until"": {}}, ""07"": {""active_tasks"": 3, ""decision"": {""alg"": ""HIPC"", ""hipc_bad_prediction_count"": {""00"": 0, ""10"": 1, ""12"": 1, ""18"": 1, ""19"": 3}, ""hipc_bundle"": [], ""hipc_bundle_size"": 2, ""hipc_candidate_count"": 3, ""hipc_candidate_count_after_filter"": 3, ""hipc_candidate_count_before_filter"": 3, ""hipc_claims_known"": 0, ""hipc_dropped_peers"": [""19""], ""hipc_max_candidate_cells"": null, ""hipc_path"": [], ""hipc_pending_snapshot"": false, ""hipc_team_size"": 20, ""hipc_trigger"": null, ""mode"": ""known_visit""}, ""goal"": null, ""last_event"": ""no_goal"", ""no_goal_since"": 15.228715415289358, ""pos"": [9, 10], ""stall_recovery_count"": 0, ""temporary_invalid_until"": {}}, ""08"": {""active_tasks"": 3, ""decision"": {""alg"": ""HIPC"", ""hipc_bad_prediction_count"": {""00"": 0, ""10"": 1, ""13"": 0, ""14"": 0, ""18"": 1, ""19"": 0, ""23"": 0}, ""hipc_bundle"": [], ""hipc_bundle_size"": 2, ""hipc_candidate_count"": 3, ""hipc_candidate_count_after_filter"": 3, ""hipc_candidate_count_before_filter"": 3, ""hipc_claims_known"": 0, ""hipc_dropped_peers"": [], ""hipc_max_candidate_cells"": null, ""hipc_path"": [], ""hipc_pending_snapshot"": false, ""hipc_team_size"": 22, ""hipc_trigger"": null, ""mode"": ""known_visit""}, ""goal"": null, ""last_event"": ""no_goal"", ""no_goal_since"": 0.1344230581350162, ""pos"": [0, 11], ""stall_recovery_count"": 0, ""temporary_invalid_until"": {}}, ""09"": {""active_tasks"": 2, ""decision"": {""alg"": ""HIPC"", ""hipc_bad_prediction_count"": {""00"": 0, ""10"": 0, ""13"": 1, ""14"": 0, ""18"": 1, ""19"": 0, ""23"": 0}, ""hipc_bundle"": [], ""hipc_bundle_size"": 2, ""hipc_candidate_count"": 2, ""hipc_candidate_count_after_filter"": 2, ""hipc_candidate_count_before_filter"": 2, ""hipc_claims_known"": 0, ""hipc_dropped_peers"": [], ""hipc_max_candidate_cells"": null, ""hipc_path"": [], ""hipc_pending_snapshot"": false, ""hipc_team_size"": 22, ""hipc_trigger"": null, ""mode"": ""known_visit""}, ""goal"": null, ""last_event"": ""no_goal"", ""no_goal_since"": 0.12040311528299474, ""pos"": [0, 13], ""stall_recovery_count"": 0, ""temporary_invalid_until"": {}}, ""10"": {""active_tasks"": 4, ""decision"": {""alg"": ""HIPC"", ""hipc_bad_prediction_count"": {""00"": 0, ""13"": 0, ""14"": 0, ""18"": 1, ""19"": 0, ""23"": 0}, ""hipc_bundle"": [], ""hipc_bundle_size"": 2, ""hipc_candidate_count"": 4, ""hipc_candidate_count_after_filter"": 4, ""hipc_candidate_count_before_filter"": 4, ""hipc_claims_known"": 0, ""hipc_dropped_peers"": [], ""hipc_max_candidate_cells"": null, ""hipc_path"": [], ""hipc_pending_snapshot"": false, ""hipc_team_size"": 18, ""hipc_trigger"": null, ""mode"": ""known_visit""}, ""goal"": null, ""last_event"": ""no_goal"", ""no_goal_since"": 28.00759656237757, ""pos"": [16, 14], ""stall_recovery_count"": 0, ""temporary_invalid_until"": {}}, ""11"": {""active_tasks"": 4, ""decision"": {""alg"": ""HIPC"", ""hipc_bad_prediction_count"": {""00"": 0, ""10"": 0, ""13"": 0, ""14"": 0, ""18"": 1, ""19"": 0, ""23"": 0}, ""hipc_bundle"": [], ""hipc_bundle_size"": 2, ""hipc_candidate_count"": 4, ""hipc_candidate_count_after_filter"": 4, ""hipc_candidate_count_before_filter"": 4, ""hipc_claims_known"": 1, ""hipc_dropped_peers"": [], ""hipc_max_candidate_cells"": null, ""hipc_path"": [], ""hipc_pending_snapshot"": false, ""hipc_team_size"": 23, ""hipc_trigger"": null, ""mode"": ""known_visit""}, ""goal"": null, ""last_event"": ""no_goal"", ""no_goal_since"": 0.13081227335659282, ""pos"": [0, 16], ""stall_recovery_count"": 0, ""temporary_invalid_until"": {}}, ""12"": {""active_tasks"": 5, ""decision"": {""alg"": ""HIPC"", ""hipc_bad_prediction_count"": {""00"": 3, ""10"": 0, ""13"": 2, ""14"": 0, ""18"": 1}, ""hipc_bundle"": [], ""hipc_bundle_size"": 2, ""hipc_candidate_count"": 5, ""hipc_candidate_count_after_filter"": 5, ""hipc_candidate_count_before_filter"": 5, ""hipc_claims_known"": 1, ""hipc_dropped_peers"": [""00""], ""hipc_max_candidate_cells"": null, ""hipc_path"": [], ""hipc_pending_snapshot"": false, ""hipc_team_size"": 20, ""hipc_trigger"": null, ""mode"": ""known_visit""}, ""goal"": null, ""last_event"": ""no_goal"", ""no_goal_since"": 1.8051987659723332, ""pos"": [1, 17], ""stall_recovery_count"": 0, ""temporary_invalid_until"": {}}, ""13"": {""active_tasks"": 4, ""decision"": {""alg"": ""HIPC"", ""hipc_bad_prediction_count"": {""00"": 1, ""10"": 0, ""14"": 1, ""18"": 1, ""19"": 0}, ""hipc_bundle"": [], ""hipc_bundle_size"": 2, ""hipc_candidate_count"": 4, ""hipc_candidate_count_after_filter"": 4, ""hipc_candidate_count_before_filter"": 4, ""hipc_claims_known"": 1, ""hipc_dropped_peers"": [], ""hipc_max_candidate_cells"": null, ""hipc_path"": [], ""hipc_pending_snapshot"": false, ""hipc_team_size"": 20, ""hipc_trigger"": null, ""mode"": ""known_visit""}, ""goal"": null, ""last_event"": ""no_goal"", ""no_goal_since"": 29.10066345400058, ""pos"": [17, 19], ""stall_recovery_count"": 0, ""temporary_invalid_until"": {}}, ""14"": {""active_tasks"": 4, ""decision"": {""alg"": ""HIPC"", ""hipc_bad_prediction_count"": {""00"": 0, ""10"": 1, ""13"": 0, ""18"": 1, ""19"": 0, ""23"": 0}, ""hipc_bundle"": [], ""hipc_bundle_size"": 2, ""hipc_candidate_count"": 4, ""hipc_candidate_count_after_filter"": 4, ""hipc_candidate_count_before_filter"": 4, ""hipc_claims_known"": 0, ""hipc_dropped_peers"": [], ""hipc_max_candidate_cells"": null, ""hipc_path"": [], ""hipc_pending_snapshot"": false, ""hipc_team_size"": 21, ""hipc_trigger"": null, ""mode"": ""known_visit""}, ""goal"": null, ""last_event"": ""no_goal"", ""no_goal_since"": 15.795617047143793, ""pos"": [8, 21], ""stall_recovery_count"": 0, ""temporary_invalid_until"": {}}, ""15"": {""active_tasks"": 6, ""decision"": {""alg"": ""HIPC"", ""hipc_bad_prediction_count"": {""00"": 1, ""10"": 0, ""13"": 1, ""14"": 0, ""18"": 1, ""19"": 2, ""23"": 0}, ""hipc_bundle"": [], ""hipc_bundle_size"": 2, ""hipc_candidate_count"": 6, ""hipc_candidate_count_after_filter"": 6, ""hipc_candidate_count_before_filter"": 6, ""hipc_claims_known"": 0, ""hipc_dropped_peers"": [], ""hipc_max_candidate_cells"": null, ""hipc_path"": [], ""hipc_pending_snapshot"": false, ""hipc_team_size"": 22, ""hipc_trigger"": null, ""mode"": ""known_visit""}, ""goal"": null, ""last_event"": ""no_goal"", ""no_goal_since"": 0.053343268177245565, ""pos"": [0, 22], ""stall_recovery_count"": 0, ""temporary_invalid_until"": {}}, ""16"": {""active_tasks"": 3, ""decision"": {""alg"": ""HIPC"", ""hipc_bad_prediction_count"": {""00"": 2, ""13"": 0, ""14"": 0, ""18"": 0, ""19"": 0}, ""hipc_bundle"": [], ""hipc_bundle_size"": 2, ""hipc_candidate_count"": 3, ""hipc_candidate_count_after_filter"": 3, ""hipc_candidate_count_before_filter"": 3, ""hipc_claims_known"": 1, ""hipc_dropped_peers"": [], ""hipc_max_candidate_cells"": null, ""hipc_path"": [], ""hipc_pending_snapshot"": false, ""hipc_team_size"": 22, ""hipc_trigger"": null, ""mode"": ""known_visit""}, ""goal"": null, ""last_event"": ""no_goal"", ""no_goal_since"": 1.6932112709727338, ""pos"": [1, 23], ""stall_recovery_count"": 0, ""temporary_invalid_until"": {}}, ""17"": {""active_tasks"": 4, ""decision"": {""alg"": ""HIPC"", ""hipc_bad_prediction_count"": {""00"": 2, ""10"": 0, ""13"": 0, ""14"": 1, ""18"": 1, ""19"": 0}, ""hipc_bundle"": [], ""hipc_bundle_size"": 2, ""hipc_candidate_count"": 4, ""hipc_candidate_count_after_filter"": 4, ""hipc_candidate_count_before_filter"": 4, ""hipc_claims_known"": 1, ""hipc_dropped_peers"": [], ""hipc_max_candidate_cells"": null, ""hipc_path"": [], ""hipc_pending_snapshot"": false, ""hipc_team_size"": 24, ""hipc_trigger"": null, ""mode"": ""known_visit""}, ""goal"": null, ""last_event"": ""no_goal"", ""no_goal_since"": 0.10209591268833966, ""pos"": [0, 24], ""stall_recovery_count"": 0, ""temporary_invalid_until"": {}}, ""18"": {""active_tasks"": 3, ""decision"": {""alg"": ""HIPC"", ""hipc_bad_prediction_count"": {""00"": 0, ""01"": 0, ""10"": 1, ""13"": 1, ""14"": 0}, ""hipc_bundle"": [], ""hipc_bundle_size"": 2, ""hipc_candidate_count"": 3, ""hipc_candidate_count_after_filter"": 3, ""hipc_candidate_count_before_filter"": 3, ""hipc_claims_known"": 1, ""hipc_dropped_peers"": [], ""hipc_max_candidate_cells"": null, ""hipc_path"": [], ""hipc_pending_snapshot"": true, ""hipc_team_size"": 21, ""hipc_trigger"": null, ""mode"": ""known_visit""}, ""goal"": null, ""last_event"": ""no_goal"", ""no_goal_since"": 66.92434718102548, ""pos"": [29, 20], ""stall_recovery_count"": 0, ""temporary_invalid_until"": {}}, ""19"": {""active_tasks"": 2, ""decision"": {""alg"": ""HIPC"", ""hipc_bad_prediction_count"": {""00"": 0, ""10"": 0, ""13"": 0, ""14"": 0, ""18"": 1, ""22"": 0}, ""hipc_bundle"": [], ""hipc_bundle_size"": 2, ""hipc_candidate_count"": 2, ""hipc_candidate_count_after_filter"": 2, ""hipc_candidate_count_before_filter"": 2, ""hipc_claims_known"": 1, ""hipc_dropped_peers"": [], ""hipc_max_candidate_cells"": null, ""hipc_path"": [], ""hipc_pending_snapshot"": false, ""hipc_team_size"": 18, ""hipc_trigger"": null, ""mode"": ""known_visit""}, ""goal"": null, ""last_event"": ""no_goal"", ""no_goal_since"": 3.5131573067171638, ""pos"": [2, 27], ""stall_recovery_count"": 0, ""temporary_invalid_until"": {}}, ""20"": {""active_tasks"": 3, ""decision"": {""alg"": ""HIPC"", ""hipc_bad_prediction_count"": {""10"": 0, ""13"": 0, ""14"": 0, ""18"": 1, ""19"": 0}, ""hipc_bundle"": [], ""hipc_bundle_size"": 2, ""hipc_candidate_count"": 3, ""hipc_candidate_count_after_filter"": 3, ""hipc_candidate_count_before_filter"": 3, ""hipc_claims_known"": 0, ""hipc_dropped_peers"": [], ""hipc_max_candidate_cells"": null, ""hipc_path"": [], ""hipc_pending_snapshot"": false, ""hipc_team_size"": 21, ""hipc_trigger"": null, ""mode"": ""known_visit""}, ""goal"": null, ""last_event"": ""no_goal"", ""no_goal_since"": 1.8023738395259272, ""pos"": [1, 29], ""stall_recovery_count"": 0, ""temporary_invalid_until"": {}}, ""21"": {""active_tasks"": 2, ""decision"": {""alg"": ""HIPC"", ""hipc_bad_prediction_count"": {""00"": 0, ""10"": 0, ""14"": 0, ""18"": 0, ""19"": 0, ""23"": 0}, ""hipc_bundle"": [], ""hipc_bundle_size"": 2, ""hipc_candidate_count"": 2, ""hipc_candidate_count_after_filter"": 2, ""hipc_candidate_count_before_filter"": 2, ""hipc_claims_known"": 2, ""hipc_dropped_peers"": [], ""hipc_max_candidate_cells"": null, ""hipc_path"": [], ""hipc_pending_snapshot"": false, ""hipc_team_size"": 23, ""hipc_trigger"": null, ""mode"": ""known_visit""}, ""goal"": null, ""last_event"": ""no_goal"", ""no_goal_since"": 0.1019333448675855, ""pos"": [0, 30], ""stall_recovery_count"": 0, ""temporary_invalid_until"": {}}, ""22"": {""active_tasks"": 4, ""decision"": {""alg"": ""HIPC"", ""hipc_bad_prediction_count"": {""00"": 0, ""10"": 0, ""13"": 1, ""14"": 0, ""18"": 1, ""19"": 0}, ""hipc_bundle"": [], ""hipc_bundle_size"": 2, ""hipc_candidate_count"": 4, ""hipc_candidate_count_after_filter"": 4, ""hipc_candidate_count_before_filter"": 4, ""hipc_claims_known"": 0, ""hipc_dropped_peers"": [], ""hipc_max_candidate_cells"": null, ""hipc_path"": [], ""hipc_pending_snapshot"": false, ""hipc_team_size"": 21, ""hipc_trigger"": null, ""mode"": ""known_visit""}, ""goal"": null, ""last_event"": ""no_goal"", ""no_goal_since"": 3.4097985929629937, ""pos"": [2, 32], ""stall_recovery_count"": 0, ""temporary_invalid_until"": {}}, ""23"": {""active_tasks"": 3, ""decision"": {""alg"": ""HIPC"", ""hipc_bad_prediction_count"": {""00"": 3, ""10"": 0, ""18"": 1, ""19"": 0}, ""hipc_bundle"": [], ""hipc_bundle_size"": 2, ""hipc_candidate_count"": 3, ""hipc_candidate_count_after_filter"": 3, ""hipc_candidate_count_before_filter"": 3, ""hipc_claims_known"": 0, ""hipc_dropped_peers"": [""00""], ""hipc_max_candidate_cells"": null, ""hipc_path"": [], ""hipc_pending_snapshot"": false, ""hipc_team_size"": 22, ""hipc_trigger"": null, ""mode"": ""known_visit""}, ""goal"": null, ""last_event"": ""no_goal"", ""no_goal_since"": 5.074403413814783, ""pos"": [3, 33], ""stall_recovery_count"": 0, ""temporary_invalid_until"": {}}}, ""total_targets"": 10}"
20,known_visit,HIPC,bernoulli,drop_0.25,34,1156,24,10,hipc_g34_d50_bernoulli_drop_0_25,reruns\grid_density\scenarios\cv\known_visit_grid34_targets10_trials50.csv,"(25,17);(12,20);(15,28);(23,12);(29,15);(14,15);(22,2);(8,23);(8,5);(6,15)",10,True,59.193911280521235,59.193911280521235,00:0;01:0;02:0;03:2;04:0;05:0;06:0;07:0;08:1;09:0;10:4;11:0;12:0;13:0;14:1;15:0;16:2;17:0;18:0;19:0;20:0;21:0;22:0;23:0,"(0,0);(0,1);(0,3);(0,4);(0,6);(0,7);(0,9);(0,10);(0,11);(0,13);(0,14);(0,16);(0,17);(0,19);(0,20);(0,22);(0,23);(0,24);(0,26);(0,27);(0,29);(0,30);(0,32);(0,33)","(1,0);(0,1);(0,3);(22,2);(0,6);(1,7);(0,9);(8,10);(23,12);(4,13);(29,15);(0,16);(0,17);(0,19);(12,20);(0,22);(15,28);(0,24);(0,26);(1,27);(0,29);(0,30);(0,32);(0,33)",2678,0,completed,,
21,,HIPC,bernoulli,drop_0.25,34,1156,24,10,hipc_g34_d50_bernoulli_drop_0_25,reruns\grid_density\scenarios\cv\known_visit_grid34_targets10_trials50.csv,"(11,8);(23,31);(2,2);(6,23);(14,22);(4,6);(4,29);(11,19);(21,7);(12,20)",,,,,,"00:(0,0);01:(0,1);02:(0,3);03:(0,4);04:(0,6);05:(0,7);06:(0,9);07:(0,10);08:(0,11);09:(0,13);10:(0,14);11:(0,16);12:(0,17);13:(0,19);14:(0,20);15:(0,22);16:(0,23);17:(0,24);18:(0,26);19:(0,27);20:(0,29);21:(0,30);22:(0,32);23:(0,33)",,,,failed,RuntimeError,"Stagnation detected in trial 21 after 2000 events without movement or target completion; diagnostics={""clock_s"": 93.59195259443777, ""completed_targets"": 9, ""event_reasons"": {""intent_sync"": 87, ""moved"": 76, ""no_goal"": 4209, ""target_visited"": 9, ""turn"": 7}, ""events_processed"": 4388, ""robots"": {""00"": {""active_tasks"": 6, ""decision"": {""alg"": ""HIPC"", ""hipc_bad_prediction_count"": {""01"": 0, ""04"": 0, ""05"": 1, ""06"": 1, ""14"": 1, ""16"": 0, ""20"": 0}, ""hipc_bundle"": [], ""hipc_bundle_size"": 2, ""hipc_candidate_count"": 6, ""hipc_candidate_count_after_filter"": 6, ""hipc_candidate_count_before_filter"": 6, ""hipc_claims_known"": 2, ""hipc_dropped_peers"": [], ""hipc_max_candidate_cells"": null, ""hipc_path"": [], ""hipc_pending_snapshot"": false, ""hipc_team_size"": 24, ""hipc_trigger"": null, ""mode"": ""known_visit""}, ""goal"": null, ""last_event"": ""no_goal"", ""no_goal_since"": 0.07894128346584066, ""pos"": [0, 0], ""stall_recovery_count"": 0, ""temporary_invalid_until"": {}}, ""01"": {""active_tasks"": 4, ""decision"": {""alg"": ""HIPC"", ""hipc_bad_prediction_count"": {""04"": 0, ""05"": 1, ""06"": 0, ""14"": 2, ""16"": 0, ""20"": 0}, ""hipc_bundle"": [], ""hipc_bundle_size"": 2, ""hipc_candidate_count"": 4, ""hipc_candidate_count_after_filter"": 4, ""hipc_candidate_count_before_filter"": 4, ""hipc_claims_known"": 1, ""hipc_dropped_peers"": [], ""hipc_max_candidate_cells"": null, ""hipc_path"": [], ""hipc_pending_snapshot"": false, ""hipc_team_size"": 20, ""hipc_trigger"": null, ""mode"": ""known_visit""}, ""goal"": null, ""last_event"": ""no_goal"", ""no_goal_since"": 5.426305687426806, ""pos"": [2, 2], ""stall_recovery_count"": 0, ""temporary_invalid_until"": {}}, ""02"": {""active_tasks"": 3, ""decision"": {""alg"": ""HIPC"", ""hipc_bad_prediction_count"": {""04"": 0, ""05"": 1, ""06"": 0, ""14"": 0, ""20"": 0}, ""hipc_bundle"": [], ""hipc_bundle_size"": 2, ""hipc_candidate_count"": 3, ""hipc_candidate_count_after_filter"": 3, ""hipc_candidate_count_before_filter"": 3, ""hipc_claims_known"": 0, ""hipc_dropped_peers"": [], ""hipc_max_candidate_cells"": null, ""hipc_path"": [], ""hipc_pending_snapshot"": false, ""hipc_team_size"": 22, ""hipc_trigger"": null, ""mode"": ""known_visit""}, ""goal"": null, ""last_event"": ""no_goal"", ""no_goal_since"": 0.054601308383423044, ""pos"": [0, 3], ""stall_recovery_count"": 0, ""temporary_invalid_until"": {}}, ""03"": {""active_tasks"": 4, ""decision"": {""alg"": ""HIPC"", ""hipc_bad_prediction_count"": {""04"": 0, ""05"": 1, ""06"": 0, ""14"": 0, ""16"": 0, ""20"": 0}, ""hipc_bundle"": [], ""hipc_bundle_size"": 2, ""hipc_candidate_count"": 4, ""hipc_candidate_count_after_filter"": 4, ""hipc_candidate_count_before_filter"": 4, ""hipc_claims_known"": 1, ""hipc_dropped_peers"": [], ""hipc_max_candidate_cells"": null, ""hipc_path"": [], ""hipc_pending_snapshot"": false, ""hipc_team_size"": 24, ""hipc_trigger"": null, ""mode"": ""known_visit""}, ""goal"": null, ""last_event"": ""no_goal"", ""no_goal_since"": 0.15614490067415737, ""pos"": [0, 4], ""stall_recovery_count"": 0, ""temporary_invalid_until"": {}}, ""04"": {""active_tasks"": 4, ""decision"": {""alg"": ""HIPC"", ""hipc_bad_prediction_count"": {""06"": 0, ""14"": 0, ""16"": 0, ""20"": 1}, ""hipc_bundle"": [], ""hipc_bundle_size"": 2, ""hipc_candidate_count"": 4, ""hipc_candidate_count_after_filter"": 4, ""hipc_candidate_count_before_filter"": 4, ""hipc_claims_known"": 1, ""hipc_dropped_peers"": [], ""hipc_max_candidate_cells"": null, ""hipc_path"": [], ""hipc_pending_snapshot"": false, ""hipc_team_size"": 20, ""hipc_trigger"": null, ""mode"": ""known_visit""}, ""goal"": null, ""last_event"": ""no_goal"", ""no_goal_since"": 6.824020089738466, ""pos"": [4, 6], ""stall_recovery_count"": 0, ""temporary_invalid_until"": {}}, ""05"": {""active_tasks"": 3, ""decision"": {""alg"": ""HIPC"", ""hipc_bad_prediction_count"": {""06"": 1, ""14"": 0, ""16"": 0}, ""hipc_bundle"": [], ""hipc_bundle_size"": 2, ""hipc_candidate_count"": 3, ""hipc_candidate_count_after_filter"": 3, ""hipc_candidate_count_before_filter"": 3, ""hipc_claims_known"": 2, ""hipc_dropped_peers"": [], ""hipc_max_candidate_cells"": null, ""hipc_path"": [], ""hipc_pending_snapshot"": false, ""hipc_team_size"": 20, ""hipc_trigger"": null, ""mode"": ""known_visit""}, ""goal"": null, ""last_event"": ""no_goal"", ""no_goal_since"": 5.199996883359018, ""pos"": [3, 7], ""stall_recovery_count"": 0, ""temporary_invalid_until"": {}}, ""06"": {""active_tasks"": 3, ""decision"": {""alg"": ""HIPC"", ""hipc_bad_prediction_count"": {""04"": 0, ""13"": 0, ""14"": 1, ""16"": 0, ""20"": 1}, ""hipc_bundle"": [], ""hipc_bundle_size"": 2, ""hipc_candidate_count"": 3, ""hipc_candidate_count_after_filter"": 3, ""hipc_candidate_count_before_filter"": 3, ""hipc_claims_known"": 0, ""hipc_dropped_peers"": [], ""hipc_max_candidate_cells"": null, ""hipc_path"": [], ""hipc_pending_snapshot"": false, ""hipc_team_size"": 21, ""hipc_trigger"": null, ""mode"": ""known_visit""}, ""goal"": null, ""last_event"": ""no_goal"", ""no_goal_since"": 39.2855027779597, ""pos"": [21, 7], ""stall_recovery_count"": 0, ""temporary_invalid_until"": {}}, ""07"": {""active_tasks"": 4, ""decision"": {""alg"": ""HIPC"", ""hipc_bad_prediction_count"": {""04"": 0, ""05"": 1, ""14"": 1, ""16"": 0, ""20"": 0}, ""hipc_bundle"": [], ""hipc_bundle_size"": 2, ""hipc_candidate_count"": 4, ""hipc_candidate_count_after_filter"": 4, ""hipc_candidate_count_before_filter"": 4, ""hipc_claims_known"": 0, ""hipc_dropped_peers"": [], ""hipc_max_candidate_cells"": null, ""hipc_path"": [], ""hipc_pending_snapshot"": false, ""hipc_team_size"": 19, ""hipc_trigger"": null, ""mode"": ""known_visit""}, ""goal"": null, ""last_event"": ""no_goal"", ""no_goal_since"": 1.7928652350058187, ""pos"": [1, 10], ""stall_recovery_count"": 0, ""temporary_invalid_until"": {}}, ""08"": {""active_tasks"": 3, ""decision"": {""alg"": ""HIPC"", ""hipc_bad_prediction_count"": {""04"": 0, ""05"": 1, ""06"": 0, ""14"": 1, ""16"": 0, ""19"": 0, ""20"": 0}, ""hipc_bundle"": [], ""hipc_bundle_size"": 2, ""hipc_candidate_count"": 3, ""hipc_candidate_count_after_filter"": 3, ""hipc_candidate_count_before_filter"": 3, ""hipc_claims_known"": 1, ""hipc_dropped_peers"": [], ""hipc_max_candidate_cells"": null, ""hipc_path"": [], ""hipc_pending_snapshot"": false, ""hipc_team_size"": 19, ""hipc_trigger"": null, ""mode"": ""known_visit""}, ""goal"": null, ""last_event"": ""no_goal"", ""no_goal_since"": 0.07922016776444535, ""pos"": [0, 11], ""stall_recovery_count"": 0, ""temporary_invalid_until"": {}}, ""09"": {""active_tasks"": 4, ""decision"": {""alg"": ""HIPC"", ""hipc_bad_prediction_count"": {""04"": 0, ""05"": 1, ""06"": 0, ""14"": 0, ""16"": 0, ""20"": 1}, ""hipc_bundle"": [], ""hipc_bundle_size"": 2, ""hipc_candidate_count"": 4, ""hipc_candidate_count_after_filter"": 4, ""hipc_candidate_count_before_filter"": 4, ""hipc_claims_known"": 1, ""hipc_dropped_peers"": [], ""hipc_max_candidate_cells"": null, ""hipc_path"": [], ""hipc_pending_snapshot"": false, ""hipc_team_size"": 20, ""hipc_trigger"": null, ""mode"": ""known_visit""}, ""goal"": null, ""last_event"": ""no_goal"", ""no_goal_since"": 0.1550056901446354, ""pos"": [0, 13], ""stall_recovery_count"": 0, ""temporary_invalid_until"": {}}, ""10"": {""active_tasks"": 5, ""decision"": {""alg"": ""HIPC"", ""hipc_bad_prediction_count"": {""04"": 0, ""06"": 0, ""14"": 0, ""16"": 0, ""20"": 1}, ""hipc_bundle"": [], ""hipc_bundle_size"": 2, ""hipc_candidate_count"": 5, ""hipc_candidate_count_after_filter"": 5, ""hipc_candidate_count_before_filter"": 5, ""hipc_claims_known"": 3, ""hipc_dropped_peers"": [], ""hipc_max_candidate_cells"": null, ""hipc_path"": [], ""hipc_pending_snapshot"": false, ""hipc_team_size"": 19, ""hipc_trigger"": null, ""mode"": ""known_visit""}, ""goal"": null, ""last_event"": ""no_goal"", ""no_goal_since"": 1.7059342415907857, ""pos"": [1, 14], ""stall_recovery_count"": 0, ""temporary_invalid_until"": {}}, ""11"": {""active_tasks"": 5, ""decision"": {""alg"": ""HIPC"", ""hipc_bad_prediction_count"": {""04"": 0, ""05"": 1, ""06"": 1, ""14"": 0, ""16"": 0, ""20"": 0}, ""hipc_bundle"": [], ""hipc_bundle_size"": 2, ""hipc_candidate_count"": 5, ""hipc_candidate_count_after_filter"": 5, ""hipc_candidate_count_before_filter"": 5, ""hipc_claims_known"": 1, ""hipc_dropped_peers"": [], ""hipc_max_candidate_cells"": null, ""hipc_path"": [], ""hipc_pending_snapshot"": false, ""hipc_team_size"": 18, ""hipc_trigger"": null, ""mode"": ""known_visit""}, ""goal"": null, ""last_event"": ""no_goal"", ""no_goal_since"": 0.10697233235677445, ""pos"": [0, 16], ""stall_recovery_count"": 0, ""temporary_invalid_until"": {}}, ""12"": {""active_tasks"": 2, ""decision"": {""alg"": ""HIPC"", ""hipc_bad_prediction_count"": {""04"": 0, ""05"": 1, ""06"": 0, ""13"": 1, ""14"": 0, ""20"": 0}, ""hipc_bundle"": [], ""hipc_bundle_size"": 2, ""hipc_candidate_count"": 2, ""hipc_candidate_count_after_filter"": 2, ""hipc_candidate_count_before_filter"": 2, ""hipc_claims_known"": 0, ""hipc_dropped_peers"": [], ""hipc_max_candidate_cells"": null, ""hipc_path"": [], ""hipc_pending_snapshot"": false, ""hipc_team_size"": 17, ""hipc_trigger"": null, ""mode"": ""known_visit""}, ""goal"": null, ""last_event"": ""no_goal"", ""no_goal_since"": 0.10144734438298253, ""pos"": [0, 17], ""stall_recovery_count"": 0, ""temporary_invalid_until"": {}}, ""13"": {""active_tasks"": 4, ""decision"": {""alg"": ""HIPC"", ""hipc_bad_prediction_count"": {""04"": 0, ""05"": 1, ""06"": 0, ""14"": 1, ""16"": 0}, ""hipc_bundle"": [], ""hipc_bundle_size"": 2, ""hipc_candidate_count"": 4, ""hipc_candidate_count_after_filter"": 4, ""hipc_candidate_count_before_filter"": 4, ""hipc_claims_known"": 0, ""hipc_dropped_peers"": [], ""hipc_max_candidate_cells"": null, ""hipc_path"": [], ""hipc_pending_snapshot"": false, ""hipc_team_size"": 21, ""hipc_trigger"": null, ""mode"": ""known_visit""}, ""goal"": null, ""last_event"": ""no_goal"", ""no_goal_since"": 1.8680193945339465, ""pos"": [1, 19], ""stall_recovery_count"": 0, ""temporary_invalid_until"": {}}, ""14"": {""active_tasks"": 3, ""decision"": {""alg"": ""HIPC"", ""hipc_bad_prediction_count"": {""04"": 0, ""05"": 1, ""16"": 0, ""20"": 1}, ""hipc_bundle"": [], ""hipc_bundle_size"": 2, ""hipc_candidate_count"": 3, ""hipc_candidate_count_after_filter"": 3, ""hipc_candidate_count_before_filter"": 3, ""hipc_claims_known"": 1, ""hipc_dropped_peers"": [], ""hipc_max_candidate_cells"": null, ""hipc_path"": [], ""hipc_pending_snapshot"": true, ""hipc_team_size"": 24, ""hipc_trigger"": null, ""mode"": ""known_visit""}, ""goal"": null, ""last_event"": ""no_goal"", ""no_goal_since"": 24.950792630971893, ""pos"": [12, 20], ""stall_recovery_count"": 0, ""temporary_invalid_until"": {}}, ""15"": {""active_tasks"": 3, ""decision"": {""alg"": ""HIPC"", ""hipc_bad_prediction_count"": {""01"": 0, ""04"": 0, ""05"": 1, ""06"": 0, ""13"": 0, ""14"": 0, ""16"": 0}, ""hipc_bundle"": [], ""hipc_bundle_size"": 2, ""hipc_candidate_count"": 3, ""hipc_candidate_count_after_filter"": 3, ""hipc_candidate_count_before_filter"": 3, ""hipc_claims_known"": 0, ""hipc_dropped_peers"": [], ""hipc_max_candidate_cells"": null, ""hipc_path"": [], ""hipc_pending_snapshot"": false, ""hipc_team_size"": 21, ""hipc_trigger"": null, ""mode"": ""known_visit""}, ""goal"": null, ""last_event"": ""no_goal"", ""no_goal_since"": 0.08334060035407581, ""pos"": [0, 22], ""stall_recovery_count"": 0, ""temporary_invalid_until"": {}}, ""16"": {""active_tasks"": 6, ""decision"": {""alg"": ""HIPC"", ""hipc_bad_prediction_count"": {""04"": 0, ""05"": 0, ""06"": 1, ""13"": 0, ""14"": 1, ""20"": 1}, ""hipc_bundle"": [], ""hipc_bundle_size"": 2, ""hipc_candidate_count"": 6, ""hipc_candidate_count_after_filter"": 6, ""hipc_candidate_count_before_filter"": 6, ""hipc_claims_known"": 2, ""hipc_dropped_peers"": [], ""hipc_max_candidate_cells"": null, ""hipc_path"": [], ""hipc_pending_snapshot"": false, ""hipc_team_size"": 21, ""hipc_trigger"": null, ""mode"": ""known_visit""}, ""goal"": null, ""last_event"": ""no_goal"", ""no_goal_since"": 10.478653286191381, ""pos"": [6, 23], ""stall_recovery_count"": 0, ""temporary_invalid_until"": {}}, ""17"": {""active_tasks"": 3, ""decision"": {""alg"": ""HIPC"", ""hipc_bad_prediction_count"": {""04"": 0, ""05"": 1, ""06"": 0, ""14"": 0, ""20"": 0}, ""hipc_bundle"": [], ""hipc_bundle_size"": 2, ""hipc_candidate_count"": 3, ""hipc_candidate_count_after_filter"": 3, ""hipc_candidate_count_before_filter"": 3, ""hipc_claims_known"": 1, ""hipc_dropped_peers"": [], ""hipc_max_candidate_cells"": null, ""hipc_path"": [], ""hipc_pending_snapshot"": false, ""hipc_team_size"": 19, ""hipc_trigger"": null, ""mode"": ""known_visit""}, ""goal"": null, ""last_event"": ""no_goal"", ""no_goal_since"": 0.09195259443777505, ""pos"": [0, 24], ""stall_recovery_count"": 0, ""temporary_invalid_until"": {}}, ""18"": {""active_tasks"": 3, ""decision"": {""alg"": ""HIPC"", ""hipc_bad_prediction_count"": {""04"": 0, ""06"": 0, ""14"": 0}, ""hipc_bundle"": [], ""hipc_bundle_size"": 2, ""hipc_candidate_count"": 3, ""hipc_candidate_count_after_filter"": 3, ""hipc_candidate_count_before_filter"": 3, ""hipc_claims_known"": 1, ""hipc_dropped_peers"": [], ""hipc_max_candidate_cells"": null, ""hipc_path"": [], ""hipc_pending_snapshot"": false, ""hipc_team_size"": 20, ""hipc_trigger"": null, ""mode"": ""known_visit""}, ""goal"": null, ""last_event"": ""no_goal"", ""no_goal_since"": 5.155860415018988, ""pos"": [3, 26], ""stall_recovery_count"": 0, ""temporary_invalid_until"": {}}, ""19"": {""active_tasks"": 1, ""decision"": {""alg"": ""HIPC"", ""hipc_bad_prediction_count"": {""04"": 1, ""05"": 0, ""06"": 0, ""14"": 1, ""16"": 0, ""20"": 0}, ""hipc_bundle"": [], ""hipc_bundle_size"": 2, ""hipc_candidate_count"": 1, ""hipc_candidate_count_after_filter"": 1, ""hipc_candidate_count_before_filter"": 1, ""hipc_claims_known"": 0, ""hipc_dropped_peers"": [], ""hipc_max_candidate_cells"": null, ""hipc_path"": [], ""hipc_pending_snapshot"": false, ""hipc_team_size"": 19, ""hipc_trigger"": null, ""mode"": ""known_visit""}, ""goal"": null, ""last_event"": ""no_goal"", ""no_goal_since"": 1.6841230211591005, ""pos"": [1, 27], ""stall_recovery_count"": 0, ""temporary_invalid_until"": {}}, ""20"": {""active_tasks"": 2, ""decision"": {""alg"": ""HIPC"", ""hipc_bad_prediction_count"": {""04"": 0, ""05"": 2, ""13"": 0, ""14"": 1, ""16"": 0}, ""hipc_bundle"": [], ""hipc_bundle_size"": 2, ""hipc_candidate_count"": 2, ""hipc_candidate_count_after_filter"": 2, ""hipc_candidate_count_before_filter"": 2, ""hipc_claims_known"": 0, ""hipc_dropped_peers"": [], ""hipc_max_candidate_cells"": null, ""hipc_path"": [], ""hipc_pending_snapshot"": false, ""hipc_team_size"": 22, ""hipc_trigger"": null, ""mode"": ""known_visit""}, ""goal"": null, ""last_event"": ""no_goal"", ""no_goal_since"": 53.40299077801374, ""pos"": [23, 31], ""stall_recovery_count"": 0, ""temporary_invalid_until"": {}}, ""21"": {""active_tasks"": 3, ""decision"": {""alg"": ""HIPC"", ""hipc_bad_prediction_count"": {""04"": 0, ""05"": 1, ""06"": 0, ""14"": 1, ""16"": 0, ""20"": 0}, ""hipc_bundle"": [], ""hipc_bundle_size"": 2, ""hipc_candidate_count"": 3, ""hipc_candidate_count_after_filter"": 3, ""hipc_candidate_count_before_filter"": 3, ""hipc_claims_known"": 0, ""hipc_dropped_peers"": [], ""hipc_max_candidate_cells"": null, ""hipc_path"": [], ""hipc_pending_snapshot"": false, ""hipc_team_size"": 20, ""hipc_trigger"": null, ""mode"": ""known_visit""}, ""goal"": null, ""last_event"": ""no_goal"", ""no_goal_since"": 0.09557517242956384, ""pos"": [0, 30], ""stall_recovery_count"": 0, ""temporary_invalid_until"": {}}, ""22"": {""active_tasks"": 4, ""decision"": {""alg"": ""HIPC"", ""hipc_bad_prediction_count"": {""04"": 0, ""05"": 0, ""06"": 0, ""14"": 0, ""16"": 0, ""20"": 0}, ""hipc_bundle"": [], ""hipc_bundle_size"": 2, ""hipc_candidate_count"": 4, ""hipc_candidate_count_after_filter"": 4, ""hipc_candidate_count_before_filter"": 4, ""hipc_claims_known"": 0, ""hipc_dropped_peers"": [], ""hipc_max_candidate_cells"": null, ""hipc_path"": [], ""hipc_pending_snapshot"": false, ""hipc_team_size"": 22, ""hipc_trigger"": null, ""mode"": ""known_visit""}, ""goal"": null, ""last_event"": ""no_goal"", ""no_goal_since"": 0.0794730870300988, ""pos"": [0, 32], ""stall_recovery_count"": 0, ""temporary_invalid_until"": {}}, ""23"": {""active_tasks"": 3, ""decision"": {""alg"": ""HIPC"", ""hipc_bad_prediction_count"": {""01"": 0, ""04"": 0, ""05"": 1, ""14"": 0, ""16"": 0, ""20"": 0}, ""hipc_bundle"": [], ""hipc_bundle_size"": 2, ""hipc_candidate_count"": 3, ""hipc_candidate_count_after_filter"": 3, ""hipc_candidate_count_before_filter"": 3, ""hipc_claims_known"": 0, ""hipc_dropped_peers"": [], ""hipc_max_candidate_cells"": null, ""hipc_path"": [], ""hipc_pending_snapshot"": false, ""hipc_team_size"": 22, ""hipc_trigger"": null, ""mode"": ""known_visit""}, ""goal"": null, ""last_event"": ""no_goal"", ""no_goal_since"": 0.07018303644227884, ""pos"": [0, 33], ""stall_recovery_count"": 0, ""temporary_invalid_until"": {}}}, ""total_targets"": 10}"
22,known_visit,HIPC,bernoulli,drop_0.25,34,1156,24,10,hipc_g34_d50_bernoulli_drop_0_25,reruns\grid_density\scenarios\cv\known_visit_grid34_targets10_trials50.csv,"(4,33);(25,14);(3,12);(29,19);(27,15);(23,6);(8,32);(20,20);(1,3);(11,6)",10,True,49.65951760052685,49.65951760052685,00:0;01:0;02:1;03:0;04:2;05:0;06:0;07:0;08:1;09:0;10:2;11:0;12:0;13:0;14:2;15:0;16:0;17:0;18:0;19:0;20:0;21:0;22:0;23:2,"(0,0);(0,1);(0,3);(0,4);(0,6);(0,7);(0,9);(0,10);(0,11);(0,13);(0,14);(0,16);(0,17);(0,19);(0,20);(0,22);(0,23);(0,24);(0,26);(0,27);(0,29);(0,30);(0,32);(0,33)","(0,0);(0,1);(1,3);(0,4);(23,6);(0,7);(1,9);(0,10);(3,12);(0,13);(27,15);(1,16);(0,17);(0,19);(29,19);(1,22);(0,23);(0,24);(1,26);(1,27);(0,29);(0,30);(0,32);(8,32)",2264,0,completed,,
23,known_visit,HIPC,bernoulli,drop_0.25,34,1156,24,10,hipc_g34_d50_bernoulli_drop_0_25,reruns\grid_density\scenarios\cv\known_visit_grid34_targets10_trials50.csv,"(10,9);(25,12);(25,5);(9,33);(21,9);(1,11);(15,22);(32,25);(21,17);(8,30)",10,True,76.99644701912685,76.99644701912685,00:0;01:0;02:0;03:0;04:2;05:0;06:2;07:0;08:1;09:0;10:0;11:0;12:0;13:0;14:0;15:3;16:0;17:0;18:0;19:0;20:0;21:2;22:0;23:0,"(0,0);(0,1);(0,3);(0,4);(0,6);(0,7);(0,9);(0,10);(0,11);(0,13);(0,14);(0,16);(0,17);(0,19);(0,20);(0,22);(0,23);(0,24);(0,26);(0,27);(0,29);(0,30);(0,32);(0,33)","(0,0);(0,1);(1,3);(1,4);(25,12);(0,7);(21,17);(0,10);(1,11);(0,13);(1,14);(0,16);(0,17);(0,19);(0,20);(32,25);(0,23);(14,24);(0,26);(1,27);(0,29);(9,33);(0,32);(0,33)",3512,0,completed,,
24,known_visit,HIPC,bernoulli,drop_0.25,34,1156,24,10,hipc_g34_d50_bernoulli_drop_0_25,reruns\grid_density\scenarios\cv\known_visit_grid34_targets10_trials50.csv,"(23,33);(33,23);(1,17);(21,0);(25,13);(27,31);(18,4);(27,17);(32,19);(3,31)",10,True,67.17358668424404,67.17358668424404,00:0;01:0;02:1;03:1;04:0;05:0;06:0;07:0;08:0;09:2;10:0;11:0;12:1;13:2;14:0;15:0;16:0;17:0;18:0;19:0;20:0;21:0;22:3;23:0,"(0,0);(0,1);(0,3);(0,4);(0,6);(0,7);(0,9);(0,10);(0,11);(0,13);(0,14);(0,16);(0,17);(0,19);(0,20);(0,22);(0,23);(0,24);(0,26);(0,27);(0,29);(0,30);(0,32);(0,33)","(0,0);(0,1);(21,0);(18,4);(0,6);(1,7);(0,9);(1,10);(1,11);(27,17);(0,14);(0,16);(1,17);(33,23);(0,20);(0,22);(0,23);(0,24);(0,26);(1,27);(0,29);(3,31);(27,31);(0,33)",3040,0,completed,,
25,known_visit,HIPC,bernoulli,drop_0.25,34,1156,24,10,hipc_g34_d50_bernoulli_drop_0_25,reruns\grid_density\scenarios\cv\known_visit_grid34_targets10_trials50.csv,"(32,21);(8,16);(30,7);(5,9);(22,7);(18,25);(29,31);(27,12);(19,0);(24,26)",10,True,66.60897706949976,66.60897706949976,00:1;01:0;02:0;03:0;04:0;05:3;06:1;07:0;08:0;09:0;10:0;11:1;12:0;13:0;14:0;15:0;16:0;17:0;18:3;19:0;20:0;21:1;22:0;23:0,"(0,0);(0,1);(0,3);(0,4);(0,6);(0,7);(0,9);(0,10);(0,11);(0,13);(0,14);(0,16);(0,17);(0,19);(0,20);(0,22);(0,23);(0,24);(0,26);(0,27);(0,29);(0,30);(0,32);(0,33)","(22,0);(1,1);(0,3);(0,4);(1,6);(27,12);(5,9);(0,10);(1,11);(1,13);(0,14);(8,16);(1,17);(0,19);(1,20);(0,22);(0,23);(0,24);(32,21);(0,27);(0,29);(29,31);(0,32);(0,33)",3004,0,completed,,
26,known_visit,HIPC,bernoulli,drop_0.25,34,1156,24,10,hipc_g34_d50_bernoulli_drop_0_25,reruns\grid_density\scenarios\cv\known_visit_grid34_targets10_trials50.csv,"(14,25);(5,4);(32,8);(33,26);(24,17);(11,21);(11,7);(10,4);(2,1);(20,3)",10,True,70.38989618859198,70.38989618859198,00:0;01:1;02:0;03:4;04:0;05:1;06:0;07:0;08:0;09:0;10:0;11:0;12:2;13:0;14:1;15:0;16:0;17:0;18:1;19:0;20:0;21:0;22:0;23:0,"(0,0);(0,1);(0,3);(0,4);(0,6);(0,7);(0,9);(0,10);(0,11);(0,13);(0,14);(0,16);(0,17);(0,19);(0,20);(0,22);(0,23);(0,24);(0,26);(0,27);(0,29);(0,30);(0,32);(0,33)","(2,0);(5,4);(0,3);(32,8);(1,6);(11,7);(0,9);(0,10);(0,11);(0,13);(0,14);(0,16);(33,26);(0,19);(11,21);(1,22);(0,23);(1,24);(14,25);(0,27);(0,29);(0,30);(1,32);(0,33)",3209,0,completed,,
27,known_visit,HIPC,bernoulli,drop_0.25,34,1156,24,10,hipc_g34_d50_bernoulli_drop_0_25,reruns\grid_density\scenarios\cv\known_visit_grid34_targets10_trials50.csv,"(15,17);(5,32);(24,32);(22,27);(2,14);(5,15);(32,12);(8,27);(25,24);(2,19)",10,True,55.944480787940066,55.944480787940066,00:0;01:0;02:0;03:0;04:0;05:0;06:0;07:0;08:1;09:0;10:3;11:0;12:0;13:1;14:0;15:0;16:0;17:0;18:0;19:3;20:0;21:0;22:2;23:0,"(0,0);(0,1);(0,3);(0,4);(0,6);(0,7);(0,9);(0,10);(0,11);(0,13);(0,14);(0,16);(0,17);(0,19);(0,20);(0,22);(0,23);(0,24);(0,26);(0,27);(0,29);(0,30);(0,32);(0,33)","(0,0);(1,1);(0,3);(0,4);(1,6);(0,7);(0,9);(0,10);(32,12);(0,13);(15,17);(0,16);(2,17);(2,19);(0,20);(0,22);(1,23);(1,24);(0,26);(25,24);(0,29);(0,30);(24,32);(2,33)",2538,0,completed,,
28,known_visit,HIPC,bernoulli,drop_0.25,34,1156,24,10,hipc_g34_d50_bernoulli_drop_0_25,reruns\grid_density\scenarios\cv\known_visit_grid34_targets10_trials50.csv,"(2,6);(25,6);(29,4);(10,13);(23,2);(8,33);(16,32);(26,14);(25,17);(25,7)",10,True,53.577291698296214,53.577291698296214,00:0;01:2;02:2;03:0;04:1;05:0;06:0;07:0;08:0;09:1;10:0;11:0;12:2;13:0;14:0;15:0;16:0;17:0;18:0;19:0;20:0;21:0;22:1;23:1,"(0,0);(0,1);(0,3);(0,4);(0,6);(0,7);(0,9);(0,10);(0,11);(0,13);(0,14);(0,16);(0,17);(0,19);(0,20);(0,22);(0,23);(0,24);(0,26);(0,27);(0,29);(0,30);(0,32);(0,33)","(0,0);(29,4);(25,7);(0,4);(2,6);(0,7);(0,9);(0,10);(0,11);(10,13);(0,14);(0,16);(26,14);(0,19);(0,20);(2,22);(0,23);(0,24);(0,26);(0,27);(0,29);(0,30);(16,32);(8,33)",2404,0,completed,,
29,known_visit,HIPC,bernoulli,drop_0.25,34,1156,24,10,hipc_g34_d50_bernoulli_drop_0_25,reruns\grid_density\scenarios\cv\known_visit_grid34_targets10_trials50.csv,"(18,19);(10,33);(7,0);(1,33);(14,31);(4,1);(7,26);(14,5);(10,12);(11,32)",10,True,37.05869380568511,37.05869380568511,00:2;01:0;02:0;03:0;04:0;05:0;06:0;07:0;08:2;09:0;10:0;11:0;12:0;13:1;14:0;15:0;16:0;17:0;18:1;19:0;20:0;21:0;22:2;23:2,"(0,0);(0,1);(0,3);(0,4);(0,6);(0,7);(0,9);(0,10);(0,11);(0,13);(0,14);(0,16);(0,17);(0,19);(0,20);(0,22);(0,23);(0,24);(0,26);(0,27);(0,29);(0,30);(0,32);(0,33)","(7,0);(0,1);(0,3);(0,4);(1,6);(0,7);(0,9);(0,10);(14,5);(0,13);(0,14);(0,16);(0,17);(18,19);(0,20);(0,22);(0,23);(0,24);(7,26);(0,27);(1,29);(0,30);(14,31);(10,33)",1672,0,completed,,
30,known_visit,HIPC,bernoulli,drop_0.25,34,1156,24,10,hipc_g34_d50_bernoulli_drop_0_25,reruns\grid_density\scenarios\cv\known_visit_grid34_targets10_trials50.csv,"(28,8);(23,15);(28,19);(29,4);(20,7);(12,22);(24,15);(31,25);(5,5);(16,22)",10,True,63.96673792637047,63.96673792637047,00:0;01:0;02:0;03:1;04:0;05:3;06:0;07:0;08:0;09:0;10:2;11:0;12:0;13:2;14:0;15:2;16:0;17:0;18:0;19:0;20:0;21:0;22:0;23:0,"(0,0);(0,1);(0,3);(0,4);(0,6);(0,7);(0,9);(0,10);(0,11);(0,13);(0,14);(0,16);(0,17);(0,19);(0,20);(0,22);(0,23);(0,24);(0,26);(0,27);(0,29);(0,30);(0,32);(0,33)","(0,0);(2,1);(12,4);(5,5);(0,6);(29,4);(2,9);(0,10);(0,11);(1,13);(27,15);(0,16);(0,17);(31,25);(7,20);(16,22);(0,23);(0,24);(0,26);(6,27);(0,29);(0,30);(0,32);(0,33)",2867,0,completed,,
31,known_visit,HIPC,bernoulli,drop_0.25,34,1156,24,10,hipc_g34_d50_bernoulli_drop_0_25,reruns\grid_density\scenarios\cv\known_visit_grid34_targets10_trials50.csv,"(20,2);(20,12);(17,22);(30,16);(28,19);(16,4);(21,16);(20,3);(29,9);(13,22)",10,True,78.46162979326209,78.46162979326209,00:0;01:0;02:2;03:1;04:0;05:0;06:1;07:0;08:0;09:0;10:0;11:4;12:0;13:0;14:0;15:2;16:0;17:0;18:0;19:0;20:0;21:0;22:0;23:0,"(0,0);(0,1);(0,3);(0,4);(0,6);(0,7);(0,9);(0,10);(0,11);(0,13);(0,14);(0,16);(0,17);(0,19);(0,20);(0,22);(0,23);(0,24);(0,26);(0,27);(0,29);(0,30);(0,32);(0,33)","(0,0);(0,1);(20,2);(16,4);(1,6);(1,7);(21,16);(0,10);(0,11);(0,13);(16,14);(29,9);(0,17);(12,19);(0,20);(22,22);(0,23);(13,24);(0,26);(0,27);(0,29);(0,30);(0,32);(0,33)",3536,0,completed,,
32,known_visit,HIPC,bernoulli,drop_0.25,34,1156,24,10,hipc_g34_d50_bernoulli_drop_0_25,reruns\grid_density\scenarios\cv\known_visit_grid34_targets10_trials50.csv,"(25,22);(19,16);(2,33);(17,21);(19,27);(24,25);(25,6);(21,15);(25,24);(15,28)",10,True,49.25303344946524,49.25303344946524,00:0;01:0;02:0;03:0;04:1;05:0;06:0;07:0;08:0;09:0;10:2;11:0;12:0;13:0;14:3;15:0;16:0;17:1;18:0;19:2;20:0;21:0;22:0;23:1,"(0,0);(0,1);(0,3);(0,4);(0,6);(0,7);(0,9);(0,10);(0,11);(0,13);(0,14);(0,16);(0,17);(0,19);(0,20);(0,22);(0,23);(0,24);(0,26);(0,27);(0,29);(0,30);(0,32);(0,33)","(0,0);(0,1);(0,3);(0,4);(25,6);(1,7);(1,9);(0,10);(0,11);(0,13);(21,15);(0,16);(0,17);(0,19);(25,24);(1,22);(0,23);(24,25);(0,26);(19,21);(0,29);(1,30);(0,32);(2,33)",2192,0,completed,,
33,known_visit,HIPC,bernoulli,drop_0.25,34,1156,24,10,hipc_g34_d50_bernoulli_drop_0_25,reruns\grid_density\scenarios\cv\known_visit_grid34_targets10_trials50.csv,"(23,9);(4,26);(3,32);(30,6);(2,30);(28,32);(17,6);(19,11);(12,26);(32,17)",10,True,82.67111091185222,82.67111091185222,00:0;01:0;02:0;03:0;04:4;05:0;06:1;07:0;08:0;09:0;10:0;11:0;12:0;13:0;14:0;15:0;16:0;17:0;18:2;19:0;20:0;21:1;22:2;23:0,"(0,0);(0,1);(0,3);(0,4);(0,6);(0,7);(0,9);(0,10);(0,11);(0,13);(0,14);(0,16);(0,17);(0,19);(0,20);(0,22);(0,23);(0,24);(0,26);(0,27);(0,29);(0,30);(0,32);(0,33)","(0,0);(0,1);(0,3);(0,4);(32,17);(0,7);(19,15);(0,10);(1,11);(0,13);(0,14);(0,16);(11,17);(0,19);(0,20);(2,22);(0,23);(0,24);(12,26);(1,27);(0,29);(2,30);(28,32);(1,33)",3807,0,completed,,
34,known_visit,HIPC,bernoulli,drop_0.25,34,1156,24,10,hipc_g34_d50_bernoulli_drop_0_25,reruns\grid_density\scenarios\cv\known_visit_grid34_targets10_trials50.csv,"(20,6);(10,3);(14,22);(18,33);(24,22);(31,5);(18,6);(8,9);(25,33);(33,2)",10,True,63.7625583297285,63.7625583297285,00:0;01:0;02:3;03:0;04:2;05:0;06:1;07:0;08:0;09:0;10:0;11:0;12:0;13:0;14:0;15:2;16:0;17:0;18:0;19:0;20:0;21:0;22:0;23:2,"(0,0);(0,1);(0,3);(0,4);(0,6);(0,7);(0,9);(0,10);(0,11);(0,13);(0,14);(0,16);(0,17);(0,19);(0,20);(0,22);(0,23);(0,24);(0,26);(0,27);(0,29);(0,30);(0,32);(0,33)","(1,0);(1,1);(33,2);(20,4);(25,6);(0,7);(8,9);(0,10);(0,11);(0,13);(0,14);(0,16);(0,17);(0,19);(0,20);(24,22);(0,23);(1,24);(1,26);(0,27);(1,29);(0,30);(0,32);(25,33)",2871,0,completed,,
35,known_visit,HIPC,bernoulli,drop_0.25,34,1156,24,10,hipc_g34_d50_bernoulli_drop_0_25,reruns\grid_density\scenarios\cv\known_visit_grid34_targets10_trials50.csv,"(28,9);(30,28);(32,28);(18,24);(17,11);(2,10);(29,33);(11,11);(7,15);(32,5)",10,True,59.658317900384525,59.658317900384525,00:0;01:0;02:0;03:1;04:0;05:0;06:1;07:3;08:0;09:0;10:1;11:0;12:0;13:0;14:0;15:0;16:0;17:3;18:0;19:0;20:0;21:0;22:0;23:1,"(0,0);(0,1);(0,3);(0,4);(0,6);(0,7);(0,9);(0,10);(0,11);(0,13);(0,14);(0,16);(0,17);(0,19);(0,20);(0,22);(0,23);(0,24);(0,26);(0,27);(0,29);(0,30);(0,32);(0,33)","(0,0);(0,1);(1,3);(32,5);(0,6);(0,7);(28,9);(17,11);(1,11);(0,13);(7,15);(1,16);(0,17);(0,19);(1,20);(0,22);(0,23);(32,28);(0,26);(0,27);(0,29);(0,30);(6,32);(29,33)",2662,0,completed,,
36,known_visit,HIPC,bernoulli,drop_0.25,34,1156,24,10,hipc_g34_d50_bernoulli_drop_0_25,reruns\grid_density\scenarios\cv\known_visit_grid34_targets10_trials50.csv,"(5,4);(26,16);(29,17);(13,10);(4,1);(2,3);(15,3);(22,12);(27,4);(20,15)",10,True,52.57151981694228,52.57151981694228,00:0;01:1;02:1;03:2;04:0;05:0;06:0;07:2;08:0;09:2;10:0;11:2;12:0;13:0;14:0;15:0;16:0;17:0;18:0;19:0;20:0;21:0;22:0;23:0,"(0,0);(0,1);(0,3);(0,4);(0,6);(0,7);(0,9);(0,10);(0,11);(0,13);(0,14);(0,16);(0,17);(0,19);(0,20);(0,22);(0,23);(0,24);(0,26);(0,27);(0,29);(0,30);(0,32);(0,33)","(1,0);(5,4);(2,3);(27,4);(1,6);(1,7);(0,9);(15,3);(0,11);(22,12);(12,14);(29,17);(0,17);(0,19);(0,20);(0,22);(0,23);(0,24);(0,26);(0,27);(1,29);(0,30);(0,32);(1,33)",2347,0,completed,,
37,known_visit,HIPC,bernoulli,drop_0.25,34,1156,24,10,hipc_g34_d50_bernoulli_drop_0_25,reruns\grid_density\scenarios\cv\known_visit_grid34_targets10_trials50.csv,"(15,29);(6,3);(21,27);(10,13);(10,26);(2,28);(23,10);(17,23);(4,17);(29,22)",10,True,50.15865700859491,50.15865700859491,00:0;01:0;02:1;03:0;04:0;05:0;06:0;07:0;08:0;09:2;10:0;11:0;12:1;13:0;14:0;15:1;16:0;17:2;18:2;19:1;20:0;21:0;22:0;23:0,"(0,0);(0,1);(0,3);(0,4);(0,6);(0,7);(0,9);(0,10);(0,11);(0,13);(0,14);(0,16);(0,17);(0,19);(0,20);(0,22);(0,23);(0,24);(0,26);(0,27);(0,29);(0,30);(0,32);(0,33)","(1,0);(0,1);(6,3);(0,4);(0,6);(0,7);(0,9);(0,10);(0,11);(23,10);(3,14);(0,16);(4,17);(0,19);(0,20);(29,22);(0,23);(21,27);(15,29);(3,28);(6,29);(0,30);(1,32);(0,33)",2256,0,completed,,
38,known_visit,HIPC,bernoulli,drop_0.25,34,1156,24,10,hipc_g34_d50_bernoulli_drop_0_25,reruns\grid_density\scenarios\cv\known_visit_grid34_targets10_trials50.csv,"(33,12);(33,15);(22,7);(30,10);(5,19);(27,13);(8,8);(12,28);(15,2);(11,8)",10,True,72.9202417310665,72.9202417310665,00:0;01:1;02:0;03:0;04:0;05:2;06:0;07:1;08:4;09:0;10:0;11:0;12:0;13:1;14:0;15:0;16:0;17:0;18:0;19:1;20:0;21:0;22:0;23:0,"(0,0);(0,1);(0,3);(0,4);(0,6);(0,7);(0,9);(0,10);(0,11);(0,13);(0,14);(0,16);(0,17);(0,19);(0,20);(0,22);(0,23);(0,24);(0,26);(0,27);(0,29);(0,30);(0,32);(0,33)","(0,0);(15,2);(0,3);(0,4);(8,8);(30,15);(8,9);(22,7);(33,15);(1,13);(1,14);(1,16);(0,17);(5,19);(0,20);(1,22);(0,23);(0,24);(0,26);(12,28);(0,29);(0,30);(1,32);(0,33)",3292,0,completed,,
39,known_visit,HIPC,bernoulli,drop_0.25,34,1156,24,10,hipc_g34_d50_bernoulli_drop_0_25,reruns\grid_density\scenarios\cv\known_visit_grid34_targets10_trials50.csv,"(16,17);(20,16);(23,6);(25,15);(29,27);(23,8);(31,13);(19,24);(9,4);(2,18)",10,True,61.593585937377924,61.593585937377924,00:0;01:0;02:0;03:3;04:0;05:0;06:0;07:0;08:0;09:0;10:3;11:0;12:2;13:0;14:0;15:0;16:0;17:2;18:0;19:0;20:0;21:0;22:0;23:0,"(0,0);(0,1);(0,3);(0,4);(0,6);(0,7);(0,9);(0,10);(0,11);(0,13);(0,14);(0,16);(0,17);(0,19);(0,20);(0,22);(0,23);(0,24);(0,26);(0,27);(0,29);(0,30);(0,32);(0,33)","(1,0);(0,1);(9,3);(23,8);(0,6);(8,7);(10,9);(1,10);(1,11);(0,13);(31,13);(0,16);(25,15);(0,19);(1,20);(0,22);(9,23);(29,27);(0,26);(5,27);(0,29);(0,30);(1,32);(0,33)",2735,0,completed,,
40,known_visit,HIPC,bernoulli,drop_0.25,34,1156,24,10,hipc_g34_d50_bernoulli_drop_0_25,reruns\grid_density\scenarios\cv\known_visit_grid34_targets10_trials50.csv,"(32,32);(5,25);(3,23);(6,31);(15,13);(23,16);(32,13);(22,26);(29,33);(12,11)",10,True,57.02995842335202,57.02995842335202,00:0;01:0;02:0;03:0;04:0;05:0;06:0;07:0;08:3;09:0;10:0;11:2;12:0;13:0;14:0;15:0;16:2;17:0;18:0;19:0;20:0;21:1;22:0;23:2,"(0,0);(0,1);(0,3);(0,4);(0,6);(0,7);(0,9);(0,10);(0,11);(0,13);(0,14);(0,16);(0,17);(0,19);(0,20);(0,22);(0,23);(0,24);(0,26);(0,27);(0,29);(0,30);(0,32);(0,33)","(0,0);(1,1);(0,3);(3,4);(0,6);(0,7);(1,9);(0,10);(32,13);(8,13);(0,14);(22,26);(0,17);(0,19);(0,20);(3,23);(5,25);(0,24);(0,26);(0,27);(0,29);(9,32);(0,32);(32,32)",2561,0,completed,,
41,known_visit,HIPC,bernoulli,drop_0.25,34,1156,24,10,hipc_g34_d50_bernoulli_drop_0_25,reruns\grid_density\scenarios\cv\known_visit_grid34_targets10_trials50.csv,"(33,3);(19,23);(29,19);(7,29);(14,33);(20,2);(30,25);(14,25);(7,1);(1,27)",10,True,60.59396249854052,60.59396249854052,00:0;01:3;02:0;03:0;04:0;05:0;06:0;07:0;08:0;09:0;10:0;11:0;12:0;13:2;14:0;15:0;16:0;17:2;18:0;19:1;20:1;21:0;22:0;23:1,"(0,0);(0,1);(0,3);(0,4);(0,6);(0,7);(0,9);(0,10);(0,11);(0,13);(0,14);(0,16);(0,17);(0,19);(0,20);(0,22);(0,23);(0,24);(0,26);(0,27);(0,29);(0,30);(0,32);(0,33)","(0,0);(33,3);(1,3);(1,4);(0,6);(0,7);(0,9);(0,10);(0,11);(1,13);(0,14);(0,16);(0,17);(30,25);(1,20);(6,22);(1,23);(19,23);(1,26);(1,27);(7,29);(0,30);(0,32);(14,33)",2745,0,completed,,
42,known_visit,HIPC,bernoulli,drop_0.25,34,1156,24,10,hipc_g34_d50_bernoulli_drop_0_25,reruns\grid_density\scenarios\cv\known_visit_grid34_targets10_trials50.csv,"(11,32);(21,13);(10,16);(12,22);(27,14);(2,23);(27,21);(16,7);(20,21);(8,9)",10,True,64.58528621259883,64.58528621259883,00:0;01:0;02:0;03:0;04:0;05:0;06:2;07:0;08:0;09:0;10:3;11:0;12:0;13:0;14:0;15:0;16:4;17:0;18:0;19:0;20:0;21:0;22:1;23:0,"(0,0);(0,1);(0,3);(0,4);(0,6);(0,7);(0,9);(0,10);(0,11);(0,13);(0,14);(0,16);(0,17);(0,19);(0,20);(0,22);(0,23);(0,24);(0,26);(0,27);(0,29);(0,30);(0,32);(0,33)","(1,0);(0,1);(1,3);(0,4);(0,6);(1,7);(16,7);(1,10);(0,11);(4,13);(21,13);(0,16);(1,17);(0,19);(0,20);(0,22);(27,21);(0,24);(0,26);(0,27);(0,29);(1,30);(12,22);(0,33)",2949,0,completed,,
43,known_visit,HIPC,bernoulli,drop_0.25,34,1156,24,10,hipc_g34_d50_bernoulli_drop_0_25,reruns\grid_density\scenarios\cv\known_visit_grid34_targets10_trials50.csv,"(7,22);(30,0);(14,3);(15,1);(10,17);(9,7);(13,30);(3,2);(15,8);(3,9)",10,True,54.12766519516982,54.12766519516982,00:2;01:1;02:1;03:0;04:0;05:2;06:1;07:0;08:0;09:0;10:0;11:0;12:0;13:0;14:0;15:2;16:0;17:0;18:0;19:0;20:0;21:1;22:0;23:0,"(0,0);(0,1);(0,3);(0,4);(0,6);(0,7);(0,9);(0,10);(0,11);(0,13);(0,14);(0,16);(0,17);(0,19);(0,20);(0,22);(0,23);(0,24);(0,26);(0,27);(0,29);(0,30);(0,32);(0,33)","(30,0);(7,2);(14,3);(0,4);(1,6);(15,8);(3,9);(0,10);(0,11);(0,13);(1,14);(1,16);(1,17);(0,19);(7,22);(10,17);(0,23);(0,24);(0,26);(0,27);(0,29);(13,30);(0,32);(1,33)",2454,0,completed,,
44,known_visit,HIPC,bernoulli,drop_0.25,34,1156,24,10,hipc_g34_d50_bernoulli_drop_0_25,reruns\grid_density\scenarios\cv\known_visit_grid34_targets10_trials50.csv,"(3,4);(15,1);(20,24);(31,27);(14,31);(10,3);(12,24);(10,10);(19,1);(16,16)",10,True,55.990649311825074,55.990649311825074,00:0;01:2;02:0;03:2;04:0;05:0;06:0;07:1;08:0;09:0;10:0;11:1;12:0;13:0;14:0;15:0;16:0;17:3;18:0;19:0;20:0;21:1;22:0;23:0,"(0,0);(0,1);(0,3);(0,4);(0,6);(0,7);(0,9);(0,10);(0,11);(0,13);(0,14);(0,16);(0,17);(0,19);(0,20);(0,22);(0,23);(0,24);(0,26);(0,27);(0,29);(0,30);(0,32);(0,33)","(0,0);(19,1);(0,3);(10,3);(0,6);(0,7);(0,9);(10,10);(0,11);(0,13);(0,14);(16,16);(0,17);(0,19);(0,20);(0,22);(0,23);(31,27);(0,26);(2,27);(0,29);(14,31);(0,32);(0,33)",2547,0,completed,,
45,known_visit,HIPC,bernoulli,drop_0.25,34,1156,24,10,hipc_g34_d50_bernoulli_drop_0_25,reruns\grid_density\scenarios\cv\known_visit_grid34_targets10_trials50.csv,"(26,4);(12,4);(11,3);(14,27);(2,22);(3,27);(23,24);(17,9);(3,17);(5,4)",10,True,44.65896868946876,44.65896868946876,00:0;01:0;02:3;03:1;04:0;05:0;06:1;07:0;08:0;09:0;10:0;11:0;12:1;13:0;14:0;15:1;16:0;17:0;18:0;19:3;20:0;21:0;22:0;23:0,"(0,0);(0,1);(0,3);(0,4);(0,6);(0,7);(0,9);(0,10);(0,11);(0,13);(0,14);(0,16);(0,17);(0,19);(0,20);(0,22);(0,23);(0,24);(0,26);(0,27);(0,29);(0,30);(0,32);(0,33)","(1,0);(0,1);(26,4);(5,4);(3,6);(0,7);(17,9);(0,10);(0,11);(0,13);(1,14);(0,16);(3,17);(0,19);(0,20);(2,22);(0,23);(4,24);(0,26);(23,24);(0,29);(0,30);(0,32);(0,33)",2041,0,completed,,
46,known_visit,HIPC,bernoulli,drop_0.25,34,1156,24,10,hipc_g34_d50_bernoulli_drop_0_25,reruns\grid_density\scenarios\cv\known_visit_grid34_targets10_trials50.csv,"(31,2);(30,4);(6,23);(25,14);(11,33);(30,8);(24,32);(18,16);(22,3);(15,22)",10,True,65.00352406040892,65.00352406040892,00:0;01:3;02:1;03:0;04:0;05:0;06:0;07:0;08:0;09:0;10:0;11:2;12:0;13:0;14:0;15:0;16:2;17:0;18:0;19:0;20:0;21:0;22:0;23:2,"(0,0);(0,1);(0,3);(0,4);(0,6);(0,7);(0,9);(0,10);(0,11);(0,13);(0,14);(0,16);(0,17);(0,19);(0,20);(0,22);(0,23);(0,24);(0,26);(0,27);(0,29);(0,30);(0,32);(0,33)","(0,0);(30,8);(22,3);(0,4);(0,6);(6,7);(0,9);(0,10);(0,11);(0,13);(0,14);(25,10);(0,17);(1,19);(0,20);(0,22);(18,16);(6,23);(0,26);(0,27);(0,29);(1,30);(0,32);(24,32)",2911,0,completed,,
47,known_visit,HIPC,bernoulli,drop_0.25,34,1156,24,10,hipc_g34_d50_bernoulli_drop_0_25,reruns\grid_density\scenarios\cv\known_visit_grid34_targets10_trials50.csv,"(15,14);(27,28);(25,15);(13,23);(20,25);(2,3);(4,21);(6,13);(1,2);(15,15)",10,True,53.016262960218945,53.016262960218945,00:0;01:2;02:0;03:0;04:0;05:0;06:0;07:0;08:0;09:1;10:3;11:0;12:0;13:0;14:1;15:0;16:3;17:0;18:0;19:0;20:0;21:0;22:0;23:0,"(0,0);(0,1);(0,3);(0,4);(0,6);(0,7);(0,9);(0,10);(0,11);(0,13);(0,14);(0,16);(0,17);(0,19);(0,20);(0,22);(0,23);(0,24);(0,26);(0,27);(0,29);(0,30);(0,32);(0,33)","(0,0);(2,3);(0,3);(0,4);(0,6);(0,7);(0,9);(0,10);(0,11);(25,14);(25,15);(6,13);(0,17);(4,19);(4,21);(4,22);(27,28);(1,24);(0,26);(3,27);(0,29);(0,30);(1,32);(1,33)",2395,0,completed,,
48,known_visit,HIPC,bernoulli,drop_0.25,34,1156,24,10,hipc_g34_d50_bernoulli_drop_0_25,reruns\grid_density\scenarios\cv\known_visit_grid34_targets10_trials50.csv,"(22,6);(6,16);(29,12);(27,23);(15,4);(4,31);(13,6);(9,23);(16,17);(20,3)",10,True,58.27057098871871,58.27057098871871,00:0;01:0;02:2;03:0;04:3;05:0;06:0;07:0;08:0;09:0;10:0;11:3;12:0;13:0;14:0;15:0;16:1;17:0;18:0;19:0;20:0;21:1;22:0;23:0,"(0,0);(0,1);(0,3);(0,4);(0,6);(0,7);(0,9);(0,10);(0,11);(0,13);(0,14);(0,16);(0,17);(0,19);(0,20);(0,22);(0,23);(0,24);(0,26);(0,27);(0,29);(0,30);(0,32);(0,33)","(1,0);(0,1);(20,3);(1,4);(29,12);(5,7);(0,9);(0,10);(10,11);(0,13);(0,14);(27,23);(16,17);(1,19);(0,20);(9,22);(9,23);(1,24);(0,26);(0,27);(0,29);(4,31);(0,32);(4,32)",2601,0,completed,,
49,known_visit,HIPC,bernoulli,drop_0.25,34,1156,24,10,hipc_g34_d50_bernoulli_drop_0_25,reruns\grid_density\scenarios\cv\known_visit_grid34_targets10_trials50.csv,"(13,7);(7,5);(30,25);(2,21);(18,24);(2,2);(24,30);(11,27);(11,1);(14,12)",10,True,63.88664818467717,63.88664818467717,00:0;01:3;02:0;03:0;04:0;05:2;06:0;07:0;08:0;09:0;10:0;11:0;12:0;13:0;14:1;15:0;16:0;17:0;18:1;19:3;20:0;21:0;22:0;23:0,"(0,0);(0,1);(0,3);(0,4);(0,6);(0,7);(0,9);(0,10);(0,11);(0,13);(0,14);(0,16);(0,17);(0,19);(0,20);(0,22);(0,23);(0,24);(0,26);(0,27);(0,29);(0,30);(0,32);(0,33)","(2,2);(11,1);(1,3);(0,4);(0,6);(14,12);(0,9);(1,10);(3,11);(0,13);(1,14);(2,17);(0,17);(0,19);(2,21);(0,22);(0,23);(1,24);(18,24);(30,25);(12,29);(11,30);(0,32);(0,33)",2897,0,completed,,
