scenario,grid_size,target_cells_per_robot,robot_count,comm_label,algorithm,mean_max_agent_steps,condition_rank,percent_above_condition_best,attempted_n,completed_n,eligible_n,failed_n
CLIPS,14,50,4,ideal,CBAA,26.78,5,5.51615445232467,50,50,50,0
CLIPS,14,50,4,ideal,ACBBA,25.72,2,1.33963750985028,50,50,50,0
CLIPS,14,50,4,ideal,PI,26.74,4,5.3585500394011,50,50,50,0
CLIPS,14,50,4,ideal,HIPC,25.38,1,0,50,50,50,0
CLIPS,14,50,4,ideal,DMCHBA,26.68,3,5.12214342001576,50,50,50,0
CLIPS,14,50,4,ideal,DGA,29.68,6,16.9424743892829,50,50,50,0
CLIPS,14,50,4,bernoulli_025,CBAA,34.86,6,29.7840655249442,50,50,50,0
CLIPS,14,50,4,bernoulli_025,ACBBA,31.54,2,17.4236783320923,50,50,50,0
CLIPS,14,50,4,bernoulli_025,PI,33.44,5,24.4973938942666,50,50,50,0
CLIPS,14,50,4,bernoulli_025,HIPC,32.96,4,22.7103499627699,50,50,50,0
CLIPS,14,50,4,bernoulli_025,DMCHBA,26.86,1,0,50,50,50,0
CLIPS,14,50,4,bernoulli_025,DGA,32.5,3,20.9977661950856,50,50,50,0
CLIPS,14,85,3,ideal,CBAA,37,4,9.53226761397276,50,50,50,0
CLIPS,14,85,3,ideal,ACBBA,33.78,1,0,50,50,50,0
CLIPS,14,85,3,ideal,PI,35.86,2,6.15748963883954,50,50,50,0
CLIPS,14,85,3,ideal,HIPC,36.98,3,9.47306098283006,50,50,50,0
CLIPS,14,85,3,ideal,DMCHBA,37.28,5,10.3611604499704,50,50,50,0
CLIPS,14,85,3,ideal,DGA,39.66,6,17.4067495559503,50,50,50,0
CLIPS,14,85,3,bernoulli_025,CBAA,44.58,6,7.06051873198847,50,50,50,0
CLIPS,14,85,3,bernoulli_025,ACBBA,44.12,4,5.95581171950047,50,50,50,0
CLIPS,14,85,3,bernoulli_025,PI,43.28,3,3.93852065321806,50,50,50,0
CLIPS,14,85,3,bernoulli_025,HIPC,44.22,5,6.19596541786743,50,50,50,0
CLIPS,14,85,3,bernoulli_025,DMCHBA,41.64,1,0,50,50,50,0
CLIPS,14,85,3,bernoulli_025,DGA,42.58,2,2.25744476464937,50,50,50,0
CLIPS,14,140,2,ideal,CBAA,48.7291666666667,4,3.03964757709251,50,49,48,1
CLIPS,14,140,2,ideal,ACBBA,47.2916666666667,1,0,50,50,48,0
CLIPS,14,140,2,ideal,PI,48.7083333333333,3,2.99559471365625,50,50,48,0
CLIPS,14,140,2,ideal,HIPC,50.375,5,6.51982378854618,50,49,48,1
CLIPS,14,140,2,ideal,DMCHBA,48.625,2,2.81938325991182,50,50,48,0
CLIPS,14,140,2,ideal,DGA,51,6,7.84140969162988,50,50,48,0
CLIPS,14,140,2,bernoulli_025,CBAA,55.3191489361702,6,8.19808572617556,50,47,47,3
CLIPS,14,140,2,bernoulli_025,ACBBA,54,5,5.61797752808986,50,50,47,0
CLIPS,14,140,2,bernoulli_025,PI,51.6808510638298,2,1.08198085726175,50,50,47,0
CLIPS,14,140,2,bernoulli_025,HIPC,52.7234042553191,4,3.12109862671649,50,50,47,0
CLIPS,14,140,2,bernoulli_025,DMCHBA,51.1276595744681,1,0,50,50,47,0
CLIPS,14,140,2,bernoulli_025,DGA,51.936170212766,3,1.58135663753647,50,50,47,0
CLIPS,14,220,1,ideal,CBAA,103.88,2.5,3.54864433811803,50,50,50,0
CLIPS,14,220,1,ideal,ACBBA,106.44,5.5,6.10047846889953,50,50,50,0
CLIPS,14,220,1,ideal,PI,100.32,1,0,50,50,50,0
CLIPS,14,220,1,ideal,HIPC,103.88,2.5,3.54864433811803,50,50,50,0
CLIPS,14,220,1,ideal,DMCHBA,104.92,4,4.58532695374802,50,50,50,0
CLIPS,14,220,1,ideal,DGA,106.44,5.5,6.10047846889953,50,50,50,0
CLIPS,14,220,1,bernoulli_025,CBAA,103.88,2.5,3.54864433811803,50,50,50,0
CLIPS,14,220,1,bernoulli_025,ACBBA,106.44,5.5,6.10047846889953,50,50,50,0
CLIPS,14,220,1,bernoulli_025,PI,100.32,1,0,50,50,50,0
CLIPS,14,220,1,bernoulli_025,HIPC,103.88,2.5,3.54864433811803,50,50,50,0
CLIPS,14,220,1,bernoulli_025,DMCHBA,104.92,4,4.58532695374802,50,50,50,0
CLIPS,14,220,1,bernoulli_025,DGA,106.44,5.5,6.10047846889953,50,50,50,0
CLIPS,19,50,8,ideal,CBAA,24.96,1,0,50,50,50,0
CLIPS,19,50,8,ideal,ACBBA,25.4,2,1.7628205128205,50,50,50,0
CLIPS,19,50,8,ideal,PI,25.7,4,2.96474358974358,50,50,50,0
CLIPS,19,50,8,ideal,HIPC,26.12,5,4.6474358974359,50,50,50,0
CLIPS,19,50,8,ideal,DMCHBA,25.56,3,2.40384615384615,50,50,50,0
CLIPS,19,50,8,ideal,DGA,26.66,6,6.81089743589743,50,50,50,0
CLIPS,19,50,8,bernoulli_025,CBAA,37.64,6,28.3765347885402,50,50,50,0
CLIPS,19,50,8,bernoulli_025,ACBBA,33.6,2,14.5975443383356,50,50,50,0
CLIPS,19,50,8,bernoulli_025,PI,37.32,5,27.2851296043656,50,50,50,0
CLIPS,19,50,8,bernoulli_025,HIPC,34.98,3,19.3042291950887,50,50,50,0
CLIPS,19,50,8,bernoulli_025,DMCHBA,29.32,1,0,50,50,50,0
CLIPS,19,50,8,bernoulli_025,DGA,35.24,4,20.1909959072306,50,50,50,0
CLIPS,19,85,5,ideal,CBAA,32.98,4,7.14749837556854,50,50,50,0
CLIPS,19,85,5,ideal,ACBBA,30.78,1,0,50,50,50,0
CLIPS,19,85,5,ideal,PI,32.44,3,5.39311241065626,50,50,50,0
CLIPS,19,85,5,ideal,HIPC,33.08,5,7.47238466536711,50,50,50,0
CLIPS,19,85,5,ideal,DMCHBA,32.06,2,4.15854450942171,50,50,50,0
CLIPS,19,85,5,ideal,DGA,38.7,6,25.7309941520468,50,50,50,0
CLIPS,19,85,5,bernoulli_025,CBAA,40.08,5,22.7189222290263,50,50,50,0
CLIPS,19,85,5,bernoulli_025,ACBBA,35.6,3,9.00183710961422,50,50,50,0
CLIPS,19,85,5,bernoulli_025,PI,37.9,4,16.044090630741,50,50,50,0
CLIPS,19,85,5,bernoulli_025,HIPC,40.96,6,25.4133496631966,50,50,50,0
CLIPS,19,85,5,bernoulli_025,DMCHBA,32.66,1,0,50,50,50,0
CLIPS,19,85,5,bernoulli_025,DGA,33.84,2,3.61298224127375,50,50,50,0
CLIPS,19,140,3,ideal,CBAA,53.56,3,5.89165678133651,50,50,50,0
CLIPS,19,140,3,ideal,ACBBA,50.58,1,0,50,50,50,0
CLIPS,19,140,3,ideal,PI,55.28,4,9.29221035982602,50,50,50,0
CLIPS,19,140,3,ideal,HIPC,57.04,5,12.7718465796758,50,50,50,0
CLIPS,19,140,3,ideal,DMCHBA,52.14,2,3.08422301304864,50,50,50,0
CLIPS,19,140,3,ideal,DGA,60.76,6,20.1265322261764,50,50,50,0
CLIPS,19,140,3,bernoulli_025,CBAA,62.96,3,16.248153618907,50,50,50,0
CLIPS,19,140,3,bernoulli_025,ACBBA,54.16,1,0,50,50,50,0
CLIPS,19,140,3,bernoulli_025,PI,62.28,2,14.9926144756278,50,50,50,0
CLIPS,19,140,3,bernoulli_025,HIPC,72.26,6,33.4194977843427,50,50,50,0
CLIPS,19,140,3,bernoulli_025,DMCHBA,63.22,4,16.7282127031019,50,50,50,0
CLIPS,19,140,3,bernoulli_025,DGA,67.54,5,24.7045790251108,50,50,50,0
CLIPS,19,220,2,ideal,CBAA,72.7,2,3.12056737588653,50,50,50,0
CLIPS,19,220,2,ideal,ACBBA,74.62,4,5.84397163120568,50,50,50,0
CLIPS,19,220,2,ideal,PI,72.74,3,3.177304964539,50,50,50,0
CLIPS,19,220,2,ideal,HIPC,70.5,1,0,50,50,50,0
CLIPS,19,220,2,ideal,DMCHBA,81.18,6,15.1489361702128,50,50,50,0
CLIPS,19,220,2,ideal,DGA,75.18,5,6.63829787234044,50,50,50,0
CLIPS,19,220,2,bernoulli_025,CBAA,82.2244897959184,4,3.67987647967065,50,50,49,0
CLIPS,19,220,2,bernoulli_025,ACBBA,79.3061224489796,1,0,50,50,49,0
CLIPS,19,220,2,bernoulli_025,PI,81.8163265306122,3,3.16520844055578,50,50,49,0
CLIPS,19,220,2,bernoulli_025,HIPC,79.3469387755102,2,0.0514668039114654,50,49,49,1
CLIPS,19,220,2,bernoulli_025,DMCHBA,84.6326530612245,6,6.71641791044777,50,50,49,0
CLIPS,19,220,2,bernoulli_025,DGA,83.9591836734694,5,5.8672156459084,50,50,49,0
CLIPS,25,50,13,ideal,CBAA,23.7,2,11.0590440487348,50,50,50,0
CLIPS,25,50,13,ideal,ACBBA,23.74,3,11.2464854732896,50,50,50,0
CLIPS,25,50,13,ideal,PI,24.22,4,13.4957825679475,50,50,50,0
CLIPS,25,50,13,ideal,HIPC,25.94,6,21.5557638238051,50,50,50,0
CLIPS,25,50,13,ideal,DMCHBA,21.34,1,0,50,50,50,0
CLIPS,25,50,13,ideal,DGA,25.26,5,18.369259606373,50,50,50,0
CLIPS,25,50,13,bernoulli_025,CBAA,33.5,6,41.1120471777591,50,50,50,0
CLIPS,25,50,13,bernoulli_025,ACBBA,27.92,3,17.6074136478517,50,50,50,0
CLIPS,25,50,13,bernoulli_025,PI,31.86,4,34.2038753159225,50,50,50,0
CLIPS,25,50,13,bernoulli_025,HIPC,33.2,5,39.8483572030329,50,50,50,0
CLIPS,25,50,13,bernoulli_025,DMCHBA,23.74,1,0,50,50,50,0
CLIPS,25,50,13,bernoulli_025,DGA,26.4,2,11.2047177759056,50,50,50,0
CLIPS,25,85,8,ideal,CBAA,29.82,1,0,50,50,50,0
CLIPS,25,85,8,ideal,ACBBA,31.52,2,5.700871898055,50,50,50,0
CLIPS,25,85,8,ideal,PI,31.82,4,6.70690811535882,50,50,50,0
CLIPS,25,85,8,ideal,HIPC,31.6,3,5.96914822266935,50,50,50,0
CLIPS,25,85,8,ideal,DMCHBA,33.12,5,11.066398390342,50,50,50,0
CLIPS,25,85,8,ideal,DGA,33.82,6,13.4138162307176,50,50,50,0
CLIPS,25,85,8,bernoulli_025,CBAA,46.12,6,23.1837606837607,50,50,50,0
CLIPS,25,85,8,bernoulli_025,ACBBA,37.44,1,0,50,50,50,0
CLIPS,25,85,8,bernoulli_025,PI,39.14,3,4.5405982905983,50,50,50,0
CLIPS,25,85,8,bernoulli_025,HIPC,43.42,5,15.9722222222222,50,50,50,0
CLIPS,25,85,8,bernoulli_025,DMCHBA,42.18,4,12.6602564102564,50,50,50,0
CLIPS,25,85,8,bernoulli_025,DGA,37.68,2,0.641025641025646,50,50,50,0
CLIPS,25,140,5,ideal,CBAA,50.16,2,2.03417412530513,50,50,50,0
CLIPS,25,140,5,ideal,ACBBA,50.46,3,2.64442636289667,50,50,50,0
CLIPS,25,140,5,ideal,PI,51.74,4,5.24816924328724,50,50,50,0
CLIPS,25,140,5,ideal,HIPC,49.16,1,0,50,50,50,0
CLIPS,25,140,5,ideal,DMCHBA,54.08,6,10.0081366965012,50,50,50,0
CLIPS,25,140,5,ideal,DGA,54.04,5,9.92676973148902,50,50,50,0
CLIPS,25,140,5,bernoulli_025,CBAA,66.0208333333333,3.5,24.5186640471513,50,48,48,2
CLIPS,25,140,5,bernoulli_025,ACBBA,58.875,2,11.0412573673871,50,50,48,0
CLIPS,25,140,5,bernoulli_025,PI,66.5,5,25.4223968565816,50,50,48,0
CLIPS,25,140,5,bernoulli_025,HIPC,66.0208333333333,3.5,24.5186640471513,50,50,48,0
CLIPS,25,140,5,bernoulli_025,DMCHBA,53.0208333333333,1,0,50,50,48,0
CLIPS,25,140,5,bernoulli_025,DGA,70.2708333333333,6,32.5343811394892,50,50,48,0
CLIPS,25,220,3,ideal,CBAA,86.18,2,1.10276865321447,50,50,50,0
CLIPS,25,220,3,ideal,ACBBA,86.88,3,1.92397935241671,50,50,50,0
CLIPS,25,220,3,ideal,PI,85.24,1,0,50,50,50,0
CLIPS,25,220,3,ideal,HIPC,89.62,4,5.13843266072268,50,50,50,0
CLIPS,25,220,3,ideal,DMCHBA,94.26,5,10.5818864382919,50,50,50,0
CLIPS,25,220,3,ideal,DGA,94.8,6,11.2153918348193,50,50,50,0
CLIPS,25,220,3,bernoulli_025,CBAA,110.08,6,7.62612436448963,50,50,50,0
CLIPS,25,220,3,bernoulli_025,ACBBA,102.64,2,0.351974970668752,50,50,50,0
CLIPS,25,220,3,bernoulli_025,PI,106.94,5,4.55612045365663,50,50,50,0
CLIPS,25,220,3,bernoulli_025,HIPC,103.78,3,1.46656237778647,50,50,50,0
CLIPS,25,220,3,bernoulli_025,DMCHBA,102.28,1,0,50,50,50,0
CLIPS,25,220,3,bernoulli_025,DGA,105.6,4,3.24599139616738,50,50,50,0
CLIPS,34,50,24,ideal,CBAA,27.92,4,11.9486768243785,50,50,50,0
CLIPS,34,50,24,ideal,ACBBA,27.68,2,10.9863672814755,50,50,50,0
CLIPS,34,50,24,ideal,PI,27.8,3,11.467522052927,50,50,50,0
CLIPS,34,50,24,ideal,HIPC,29.14,6,16.8404170008019,50,50,50,0
CLIPS,34,50,24,ideal,DMCHBA,24.94,1,0,50,50,50,0
CLIPS,34,50,24,ideal,DGA,28.54,5,14.4346431435445,50,50,50,0
CLIPS,34,50,24,bernoulli_025,CBAA,26.9189189189189,6,32.9773030707612,50,37,37,13
CLIPS,34,50,24,bernoulli_025,ACBBA,24.8378378378378,3,22.6969292389854,50,43,37,7
CLIPS,34,50,24,bernoulli_025,PI,26.2972972972973,4,29.9065420560751,50,39,37,11
CLIPS,34,50,24,bernoulli_025,HIPC,26.7297297297297,5,32.0427236315088,50,41,37,9
CLIPS,34,50,24,bernoulli_025,DMCHBA,22.8108108108108,2,12.683578104139,50,50,37,0
CLIPS,34,50,24,bernoulli_025,DGA,20.2432432432432,1,0,50,49,37,1
CLIPS,34,85,14,ideal,CBAA,42.48,5,6.89481630598891,50,50,50,0
CLIPS,34,85,14,ideal,ACBBA,39.74,1,0,50,50,50,0
CLIPS,34,85,14,ideal,PI,40.7,4,2.41570206341218,50,50,50,0
CLIPS,34,85,14,ideal,HIPC,40.12,2,0.956215400100643,50,50,50,0
CLIPS,34,85,14,ideal,DMCHBA,40.52,3,1.9627579265224,50,50,50,0
CLIPS,34,85,14,ideal,DGA,45.18,6,13.6889783593357,50,50,50,0
CLIPS,34,85,14,bernoulli_025,CBAA,44.1219512195122,4,37.1493555724032,50,41,41,9
CLIPS,34,85,14,bernoulli_025,ACBBA,42.3414634146341,3,31.6148597422287,50,46,41,4
CLIPS,34,85,14,bernoulli_025,PI,45.0975609756098,6,40.1819560272934,50,45,41,5
CLIPS,34,85,14,bernoulli_025,HIPC,44.3170731707317,5,37.7558756633812,50,43,41,7
CLIPS,34,85,14,bernoulli_025,DMCHBA,32.1707317073171,1,0,50,50,41,0
CLIPS,34,85,14,bernoulli_025,DGA,39.219512195122,2,21.9105382865808,50,48,41,2
CLIPS,34,140,9,ideal,CBAA,56.2,3,4.07407407407408,50,50,50,0
CLIPS,34,140,9,ideal,ACBBA,55.64,2,3.03703703703704,50,50,50,0
CLIPS,34,140,9,ideal,PI,58.28,5,7.92592592592593,50,50,50,0
CLIPS,34,140,9,ideal,HIPC,54,1,0,50,50,50,0
CLIPS,34,140,9,ideal,DMCHBA,56.68,4,4.96296296296296,50,50,50,0
CLIPS,34,140,9,ideal,DGA,66.46,6,23.0740740740741,50,50,50,0
CLIPS,34,140,9,bernoulli_025,CBAA,58.4444444444444,5,11.0641891891892,50,46,45,4
CLIPS,34,140,9,bernoulli_025,ACBBA,52.6222222222222,1,0,50,48,45,2
CLIPS,34,140,9,bernoulli_025,PI,57.2888888888889,4,8.86824324324331,50,47,45,3
CLIPS,34,140,9,bernoulli_025,HIPC,57.1111111111111,3,8.53040540540543,50,47,45,3
CLIPS,34,140,9,bernoulli_025,DMCHBA,53.9333333333333,2,2.49155405405404,50,50,45,0
CLIPS,34,140,9,bernoulli_025,DGA,66.4,6,26.1824324324325,50,50,45,0
CLIPS,34,220,6,ideal,CBAA,90.22,3,4.68786261313529,50,50,50,0
CLIPS,34,220,6,ideal,ACBBA,86.18,1,0,50,50,50,0
CLIPS,34,220,6,ideal,PI,93.96,4,9.02761661638429,50,50,50,0
CLIPS,34,220,6,ideal,HIPC,89.42,2,3.75957298677187,50,50,50,0
CLIPS,34,220,6,ideal,DMCHBA,96.46,5,11.92852169877,50,50,50,0
CLIPS,34,220,6,ideal,DGA,103.76,6,20.3991645393363,50,50,50,0
CLIPS,34,220,6,bernoulli_025,CBAA,95.6888888888889,1,0,50,45,45,5
CLIPS,34,220,6,bernoulli_025,ACBBA,96.6,2,0.952159777055257,50,49,45,1
CLIPS,34,220,6,bernoulli_025,PI,102.6,5,7.22248026010217,50,47,45,3
CLIPS,34,220,6,bernoulli_025,HIPC,101.177777777778,4,5.73618207152833,50,47,45,3
CLIPS,34,220,6,bernoulli_025,DMCHBA,100.044444444444,3,4.55178820250765,50,50,45,0
CLIPS,34,220,6,bernoulli_025,DGA,111.688888888889,6,16.7208546214585,50,50,45,0
CV,14,50,4,ideal,CBAA,16.58,3,7.80234070221065,50,50,50,0
CV,14,50,4,ideal,ACBBA,17.38,4,13.0039011703511,50,50,50,0
CV,14,50,4,ideal,PI,23.92,5,55.5266579973992,50,50,50,0
CV,14,50,4,ideal,HIPC,25.94,6,68.6605981794538,50,50,50,0
CV,14,50,4,ideal,DMCHBA,15.96,2,3.77113133940182,50,50,50,0
CV,14,50,4,ideal,DGA,15.38,1,0,50,50,50,0
CV,14,50,4,bernoulli_025,CBAA,18.34,3,10.2163461538461,50,50,50,0
CV,14,50,4,bernoulli_025,ACBBA,22.08,4,32.6923076923077,50,50,50,0
CV,14,50,4,bernoulli_025,PI,27.82,6,67.1875,50,50,50,0
CV,14,50,4,bernoulli_025,HIPC,24.3,5,46.0336538461538,50,50,50,0
CV,14,50,4,bernoulli_025,DMCHBA,16.82,2,1.08173076923077,50,50,50,0
CV,14,50,4,bernoulli_025,DGA,16.64,1,0,50,50,50,0
CV,14,85,3,ideal,CBAA,19.26,4,2.99465240641712,50,50,50,0
CV,14,85,3,ideal,ACBBA,18.84,2,0.748663101604281,50,50,50,0
CV,14,85,3,ideal,PI,24.7,5,32.0855614973262,50,50,50,0
CV,14,85,3,ideal,HIPC,27.12,6,45.0267379679144,50,50,50,0
CV,14,85,3,ideal,DMCHBA,18.7,1,0,50,50,50,0
CV,14,85,3,ideal,DGA,18.98,3,1.49732620320856,50,50,50,0
CV,14,85,3,bernoulli_025,CBAA,21.46,3,7.3,50,50,50,0
CV,14,85,3,bernoulli_025,ACBBA,23.86,4,19.3,50,50,50,0
CV,14,85,3,bernoulli_025,PI,28.42,6,42.1,50,50,50,0
CV,14,85,3,bernoulli_025,HIPC,26.04,5,30.2,50,50,50,0
CV,14,85,3,bernoulli_025,DMCHBA,20,1,0,50,50,50,0
CV,14,85,3,bernoulli_025,DGA,20.24,2,1.19999999999999,50,50,50,0
CV,14,140,2,ideal,CBAA,26.6,4,4.80693459416865,50,50,50,0
CV,14,140,2,ideal,ACBBA,25.9,2,2.0488573680063,50,50,50,0
CV,14,140,2,ideal,PI,27.44,5,8.11662726556344,50,50,50,0
CV,14,140,2,ideal,HIPC,30.02,6,18.2821118991332,50,50,50,0
CV,14,140,2,ideal,DMCHBA,26.56,3,4.64933018124507,50,50,50,0
CV,14,140,2,ideal,DGA,25.38,1,0,50,50,50,0
CV,14,140,2,bernoulli_025,CBAA,27.98,3,3.93759286775631,50,50,50,0
CV,14,140,2,bernoulli_025,ACBBA,28.72,4,6.68647845468052,50,50,50,0
CV,14,140,2,bernoulli_025,PI,31.24,6,16.0475482912333,50,50,50,0
CV,14,140,2,bernoulli_025,HIPC,30.76,5,14.2644873699851,50,50,50,0
CV,14,140,2,bernoulli_025,DMCHBA,27.32,2,1.48588410104011,50,50,50,0
CV,14,140,2,bernoulli_025,DGA,26.92,1,0,50,50,50,0
CV,14,220,1,ideal,CBAA,47.46,3,4.62962962962963,50,50,50,0
CV,14,220,1,ideal,ACBBA,48.18,6,6.21693121693122,50,50,50,0
CV,14,220,1,ideal,PI,47.52,5,4.76190476190477,50,50,50,0
CV,14,220,1,ideal,HIPC,47.46,3,4.62962962962963,50,50,50,0
CV,14,220,1,ideal,DMCHBA,47.46,3,4.62962962962963,50,50,50,0
CV,14,220,1,ideal,DGA,45.36,1,0,50,50,50,0
CV,14,220,1,bernoulli_025,CBAA,47.46,3,4.62962962962963,50,50,50,0
CV,14,220,1,bernoulli_025,ACBBA,48.18,6,6.21693121693122,50,50,50,0
CV,14,220,1,bernoulli_025,PI,47.52,5,4.76190476190477,50,50,50,0
CV,14,220,1,bernoulli_025,HIPC,47.46,3,4.62962962962963,50,50,50,0
CV,14,220,1,bernoulli_025,DMCHBA,47.46,3,4.62962962962963,50,50,50,0
CV,14,220,1,bernoulli_025,DGA,45.36,1,0,50,50,50,0
CV,19,50,8,ideal,CBAA,18.36,3,1.43646408839778,50,50,50,0
CV,19,50,8,ideal,ACBBA,21.56,4,19.1160220994475,50,50,50,0
CV,19,50,8,ideal,PI,31.92,5,76.353591160221,50,50,50,0
CV,19,50,8,ideal,HIPC,32.92,6,81.878453038674,50,50,50,0
CV,19,50,8,ideal,DMCHBA,18.22,2,0.66298342541435,50,50,50,0
CV,19,50,8,ideal,DGA,18.1,1,0,50,50,50,0
CV,19,50,8,bernoulli_025,CBAA,18.88,3,3.16939890710382,50,50,50,0
CV,19,50,8,bernoulli_025,ACBBA,25.72,4,40.5464480874317,50,50,50,0
CV,19,50,8,bernoulli_025,PI,33.24,6,81.6393442622951,50,50,50,0
CV,19,50,8,bernoulli_025,HIPC,31.94,5,74.5355191256831,50,50,50,0
CV,19,50,8,bernoulli_025,DMCHBA,18.3,1,0,50,50,50,0
CV,19,50,8,bernoulli_025,DGA,18.62,2,1.74863387978142,50,50,50,0
CV,19,85,5,ideal,CBAA,20.86,3,5.88832487309645,50,50,50,0
CV,19,85,5,ideal,ACBBA,22.58,4,14.6192893401015,50,50,50,0
CV,19,85,5,ideal,PI,31.36,5,59.1878172588832,50,50,50,0
CV,19,85,5,ideal,HIPC,34.08,6,72.994923857868,50,50,50,0
CV,19,85,5,ideal,DMCHBA,20.76,2,5.38071065989849,50,50,50,0
CV,19,85,5,ideal,DGA,19.7,1,0,50,50,50,0
CV,19,85,5,bernoulli_025,CBAA,22.56,3,6.41509433962264,50,50,50,0
CV,19,85,5,bernoulli_025,ACBBA,27.62,4,30.2830188679245,50,50,50,0
CV,19,85,5,bernoulli_025,PI,32.48,5,53.2075471698113,50,50,50,0
CV,19,85,5,bernoulli_025,HIPC,34.52,6,62.8301886792453,50,50,50,0
CV,19,85,5,bernoulli_025,DMCHBA,21.36,2,0.754716981132076,50,50,50,0
CV,19,85,5,bernoulli_025,DGA,21.2,1,0,50,50,50,0
CV,19,140,3,ideal,CBAA,26.66,3,4.63108320251177,50,50,50,0
CV,19,140,3,ideal,ACBBA,27.3,4,7.14285714285714,50,50,50,0
CV,19,140,3,ideal,PI,33.94,5,33.2025117739403,50,50,50,0
CV,19,140,3,ideal,HIPC,37.2,6,45.9968602825746,50,50,50,0
CV,19,140,3,ideal,DMCHBA,25.66,2,0.706436420722134,50,50,50,0
CV,19,140,3,ideal,DGA,25.48,1,0,50,50,50,0
CV,19,140,3,bernoulli_025,CBAA,28.96,2,7.73809523809524,50,50,50,0
CV,19,140,3,bernoulli_025,ACBBA,31.56,4,17.4107142857143,50,50,50,0
CV,19,140,3,bernoulli_025,PI,35.94,5,33.7053571428571,50,50,50,0
CV,19,140,3,bernoulli_025,HIPC,37.54,6,39.6577380952381,50,50,50,0
CV,19,140,3,bernoulli_025,DMCHBA,26.88,1,0,50,50,50,0
CV,19,140,3,bernoulli_025,DGA,29.12,3,8.33333333333334,50,50,50,0
CV,19,220,2,ideal,CBAA,35.36,3,4.36835891381345,50,50,50,0
CV,19,220,2,ideal,ACBBA,35.62,4,5.13577331759148,50,50,50,0
CV,19,220,2,ideal,PI,37.5,5,10.6847697756789,50,50,50,0
CV,19,220,2,ideal,HIPC,41.64,6,22.9043683589138,50,50,50,0
CV,19,220,2,ideal,DMCHBA,35.3,2,4.19126328217236,50,50,50,0
CV,19,220,2,ideal,DGA,33.88,1,0,50,50,50,0
CV,19,220,2,bernoulli_025,CBAA,38.38,3,6.19811842833426,50,50,50,0
CV,19,220,2,bernoulli_025,ACBBA,39.44,4,9.13115661317099,50,50,50,0
CV,19,220,2,bernoulli_025,PI,41.82,6,15.7166574432761,50,50,50,0
CV,19,220,2,bernoulli_025,HIPC,40.6,5,12.3408965135584,50,50,50,0
CV,19,220,2,bernoulli_025,DMCHBA,36.14,1,0,50,50,50,0
CV,19,220,2,bernoulli_025,DGA,37.18,2,2.87769784172662,50,50,50,0
CV,25,50,13,ideal,CBAA,24.1041666666667,3,2.75310834813528,50,50,48,0
CV,25,50,13,ideal,ACBBA,30.0208333333333,4,27.9751332149201,50,48,48,2
CV,25,50,13,ideal,PI,42.6041666666667,5,81.6163410301958,50,50,48,0
CV,25,50,13,ideal,HIPC,45.5833333333333,6,94.3161634103021,50,50,48,0
CV,25,50,13,ideal,DMCHBA,23.4583333333333,1,0,50,50,48,0
CV,25,50,13,ideal,DGA,23.8541666666667,2,1.68738898756689,50,50,48,0
CV,25,50,13,bernoulli_025,CBAA,24.25,2,0.954032957502308,50,50,48,0
CV,25,50,13,bernoulli_025,ACBBA,32.6666666666667,4,35.9930615784912,50,50,48,0
CV,25,50,13,bernoulli_025,PI,43.4375,5,80.832610581093,50,50,48,0
CV,25,50,13,bernoulli_025,HIPC,45,6,87.3373807458806,50,49,48,1
CV,25,50,13,bernoulli_025,DMCHBA,24.0208333333333,1,0,50,49,48,1
CV,25,50,13,bernoulli_025,DGA,24.7291666666667,3,2.94882914137062,50,50,48,0
CV,25,85,8,ideal,CBAA,25.18,3,2.52442996742671,50,50,50,0
CV,25,85,8,ideal,ACBBA,30.22,4,23.0456026058632,50,50,50,0
CV,25,85,8,ideal,PI,44.16,5,79.8045602605863,50,50,50,0
CV,25,85,8,ideal,HIPC,45.22,6,84.1205211726384,50,50,50,0
CV,25,85,8,ideal,DMCHBA,24.58,2,0.0814332247556986,50,50,50,0
CV,25,85,8,ideal,DGA,24.56,1,0,50,50,50,0
CV,25,85,8,bernoulli_025,CBAA,26.48,3,5.07936507936508,50,50,50,0
CV,25,85,8,bernoulli_025,ACBBA,33.94,4,34.6825396825397,50,50,50,0
CV,25,85,8,bernoulli_025,PI,44.56,6,76.8253968253968,50,50,50,0
CV,25,85,8,bernoulli_025,HIPC,43.66,5,73.2539682539683,50,50,50,0
CV,25,85,8,bernoulli_025,DMCHBA,25.64,2,1.74603174603175,50,50,50,0
CV,25,85,8,bernoulli_025,DGA,25.2,1,0,50,50,50,0
CV,25,140,5,ideal,CBAA,28.72,3,5.66593083149374,50,50,50,0
CV,25,140,5,ideal,ACBBA,32.44,4,19.3524650478293,50,50,50,0
CV,25,140,5,ideal,PI,42.78,5,57.3951434878587,50,50,50,0
CV,25,140,5,ideal,HIPC,47.48,6,74.6872700515084,50,50,50,0
CV,25,140,5,ideal,DMCHBA,28.18,2,3.67917586460633,50,50,50,0
CV,25,140,5,ideal,DGA,27.18,1,0,50,50,50,0
CV,25,140,5,bernoulli_025,CBAA,31.76,3,11.5952213633169,50,50,50,0
CV,25,140,5,bernoulli_025,ACBBA,37.82,4,32.8882642304989,50,50,50,0
CV,25,140,5,bernoulli_025,PI,49.26,6,73.085031623331,50,50,50,0
CV,25,140,5,bernoulli_025,HIPC,46.32,5,62.7547434996486,50,50,50,0
CV,25,140,5,bernoulli_025,DMCHBA,28.46,1,0,50,50,50,0
CV,25,140,5,bernoulli_025,DGA,28.96,2,1.75685172171469,50,50,50,0
CV,25,220,3,ideal,CBAA,36.82,3,5.50143266475645,50,50,50,0
CV,25,220,3,ideal,ACBBA,37.84,4,8.42406876790832,50,50,50,0
CV,25,220,3,ideal,PI,46.2,5,32.378223495702,50,50,50,0
CV,25,220,3,ideal,HIPC,51.28,6,46.9340974212034,50,50,50,0
CV,25,220,3,ideal,DMCHBA,35.7,2,2.2922636103152,50,50,50,0
CV,25,220,3,ideal,DGA,34.9,1,0,50,50,50,0
CV,25,220,3,bernoulli_025,CBAA,40.02,3,7.34978540772533,50,50,50,0
CV,25,220,3,bernoulli_025,ACBBA,44.06,4,18.18669527897,50,50,50,0
CV,25,220,3,bernoulli_025,PI,54.26,6,45.5472103004292,50,50,50,0
CV,25,220,3,bernoulli_025,HIPC,49.82,5,33.637339055794,50,50,50,0
CV,25,220,3,bernoulli_025,DMCHBA,37.28,1,0,50,50,50,0
CV,25,220,3,bernoulli_025,DGA,38.88,2,4.29184549356224,50,50,50,0
CV,34,50,24,ideal,CBAA,30,2,0.775193798449513,50,50,26,0
CV,34,50,24,ideal,ACBBA,38.2307692307692,4,28.4237726098189,50,49,26,1
CV,34,50,24,ideal,PI,51.8076923076923,5,74.0310077519378,50,35,26,15
CV,34,50,24,ideal,HIPC,52.1538461538462,6,75.1937984496124,50,38,26,12
CV,34,50,24,ideal,DMCHBA,29.7692307692308,1,0,50,50,26,0
CV,34,50,24,ideal,DGA,31.1538461538462,3,4.65116279069773,50,50,26,0
CV,34,50,24,bernoulli_025,CBAA,30.9285714285714,2,0.231481481481244,50,50,28,0
CV,34,50,24,bernoulli_025,ACBBA,41.7857142857143,4,35.4166666666665,50,50,28,0
CV,34,50,24,bernoulli_025,PI,46.8571428571429,5,51.8518518518518,50,42,28,8
CV,34,50,24,bernoulli_025,HIPC,50.3214285714286,6,63.0787037037036,50,34,28,16
CV,34,50,24,bernoulli_025,DMCHBA,30.8571428571429,1,0,50,49,28,1
CV,34,50,24,bernoulli_025,DGA,31.0714285714286,3,0.694444444444401,50,49,28,1
CV,34,85,14,ideal,CBAA,31.4,2,0.834938985227996,50,50,50,0
CV,34,85,14,ideal,ACBBA,39.12,4,25.626204238921,50,50,50,0
CV,34,85,14,ideal,PI,53.94,5,73.2177263969171,50,50,50,0
CV,34,85,14,ideal,HIPC,59.14,6,89.9165061014772,50,50,50,0
CV,34,85,14,ideal,DMCHBA,31.14,1,0,50,50,50,0
CV,34,85,14,ideal,DGA,32.24,3,3.53243416827232,50,50,50,0
CV,34,85,14,bernoulli_025,CBAA,31.5681818181818,1,0,50,50,44,0
CV,34,85,14,bernoulli_025,ACBBA,44.9772727272727,4,42.4766018718502,50,50,44,0
CV,34,85,14,bernoulli_025,PI,51.7272727272727,5,63.8588912886969,50,50,44,0
CV,34,85,14,bernoulli_025,HIPC,57.2045454545455,6,81.2095032397411,50,44,44,6
CV,34,85,14,bernoulli_025,DMCHBA,31.7954545454545,3,0.719942404607551,50,50,44,0
CV,34,85,14,bernoulli_025,DGA,31.6363636363636,2,0.215982721382239,50,50,44,0
CV,34,140,9,ideal,CBAA,32.94,3,1.54130702836005,50,50,50,0
CV,34,140,9,ideal,ACBBA,40.94,4,26.2022194821208,50,50,50,0
CV,34,140,9,ideal,PI,55.88,5,72.2564734895191,50,50,50,0
CV,34,140,9,ideal,HIPC,59.68,6,83.9704069050555,50,50,50,0
CV,34,140,9,ideal,DMCHBA,32.44,1,0,50,50,50,0
CV,34,140,9,ideal,DGA,32.46,2,0.0616522811344116,50,50,50,0
CV,34,140,9,bernoulli_025,CBAA,34.2,3,3.01204819277108,50,50,50,0
CV,34,140,9,bernoulli_025,ACBBA,46.1,4,38.855421686747,50,50,50,0
CV,34,140,9,bernoulli_025,PI,54.06,5,62.8313253012048,50,50,50,0
CV,34,140,9,bernoulli_025,HIPC,56.16,6,69.1566265060241,50,50,50,0
CV,34,140,9,bernoulli_025,DMCHBA,33.64,2,1.32530120481927,50,50,50,0
CV,34,140,9,bernoulli_025,DGA,33.2,1,0,50,50,50,0
CV,34,220,6,ideal,CBAA,36.06,3,4.09930715935335,50,50,50,0
CV,34,220,6,ideal,ACBBA,40.02,4,15.5311778290993,50,50,50,0
CV,34,220,6,ideal,PI,59.4,5,71.4780600461894,50,50,50,0
CV,34,220,6,ideal,HIPC,61.58,6,77.7713625866051,50,50,50,0
CV,34,220,6,ideal,DMCHBA,35.02,2,1.09699769053119,50,50,50,0
CV,34,220,6,ideal,DGA,34.64,1,0,50,50,50,0
CV,34,220,6,bernoulli_025,CBAA,37.38,2,2.18698742482232,50,50,50,0
CV,34,220,6,bernoulli_025,ACBBA,46.92,4,28.2668124658283,50,50,50,0
CV,34,220,6,bernoulli_025,PI,56.66,5,54.8933843630399,50,50,50,0
CV,34,220,6,bernoulli_025,HIPC,58.94,6,61.1262985237835,50,50,50,0
CV,34,220,6,bernoulli_025,DMCHBA,36.58,1,0,50,50,50,0
CV,34,220,6,bernoulli_025,DGA,37.44,3,2.35101148168398,50,50,50,0
