trial_id,algorithm,comm_model,comm_level,grid_size,grid_cells,robot_count,target_cells_per_robot,actual_cells_per_robot,condition_id,scenario_file,trial_mode,trial_status,failure_type,failure_message,robot_id,steps_total,steps_after_first_clue,unique_cells_contributed,system_revisits_by_robot,task_cell_replans,path_replans,collision_prevention_events,messages_sent,messages_delivered_to_robot,messages_dropped_to_robot,protected_messages_sent,unprotected_messages_sent,core_messages_sent,allocation_messages_sent,post_clue_messages_sent,messages_sent_by_topic
0,HIPC,gilbert_elliot,pGG_0.9_pBB_0.9,19,361,4,,,hipc_gilbert_elliott_drop_0_50_rho_0_8,,coverage,failed,RuntimeError,Debug safety cap reached in trial 0. This usually means the allocator is stuck or returning no reachable goals.,00,,,,,,,,,,,,,,,,
0,HIPC,gilbert_elliot,pGG_0.9_pBB_0.9,19,361,4,,,hipc_gilbert_elliott_drop_0_50_rho_0_8,,coverage,failed,RuntimeError,Debug safety cap reached in trial 0. This usually means the allocator is stuck or returning no reachable goals.,01,,,,,,,,,,,,,,,,
0,HIPC,gilbert_elliot,pGG_0.9_pBB_0.9,19,361,4,,,hipc_gilbert_elliott_drop_0_50_rho_0_8,,coverage,failed,RuntimeError,Debug safety cap reached in trial 0. This usually means the allocator is stuck or returning no reachable goals.,02,,,,,,,,,,,,,,,,
0,HIPC,gilbert_elliot,pGG_0.9_pBB_0.9,19,361,4,,,hipc_gilbert_elliott_drop_0_50_rho_0_8,,coverage,failed,RuntimeError,Debug safety cap reached in trial 0. This usually means the allocator is stuck or returning no reachable goals.,03,,,,,,,,,,,,,,,,
1,HIPC,gilbert_elliot,pGG_0.9_pBB_0.9,19,361,4,,,hipc_gilbert_elliott_drop_0_50_rho_0_8,,coverage,completed,,,00,216,0,94,123,0,0,0,921,1744,1114,221,700,437,484,0,collision_intent:221;hipc_entry:484;state:216
1,HIPC,gilbert_elliot,pGG_0.9_pBB_0.9,19,361,4,,,hipc_gilbert_elliott_drop_0_50_rho_0_8,,coverage,completed,,,01,152,0,89,64,0,0,0,944,1639,1196,161,783,313,631,0,collision_intent:161;hipc_entry:631;state:152
1,HIPC,gilbert_elliot,pGG_0.9_pBB_0.9,19,361,4,,,hipc_gilbert_elliott_drop_0_50_rho_0_8,,coverage,completed,,,02,218,0,129,90,0,0,0,985,1776,1018,222,763,440,545,0,collision_intent:222;hipc_clear_bundle:2;hipc_entry:543;state:218
1,HIPC,gilbert_elliot,pGG_0.9_pBB_0.9,19,361,4,,,hipc_gilbert_elliott_drop_0_50_rho_0_8,,coverage,completed,,,03,153,0,49,105,0,0,0,929,1630,1220,158,771,311,618,0,collision_intent:158;hipc_entry:618;state:153
2,HIPC,gilbert_elliot,pGG_0.9_pBB_0.9,19,361,4,,,hipc_gilbert_elliott_drop_0_50_rho_0_8,,coverage,completed,,,00,196,0,89,108,0,0,0,958,1615,1159,204,754,400,558,0,collision_intent:204;hipc_entry:558;state:196
2,HIPC,gilbert_elliot,pGG_0.9_pBB_0.9,19,361,4,,,hipc_gilbert_elliott_drop_0_50_rho_0_8,,coverage,completed,,,01,202,0,88,115,0,0,0,907,1768,1056,211,696,413,494,0,collision_intent:211;hipc_entry:494;state:202
2,HIPC,gilbert_elliot,pGG_0.9_pBB_0.9,19,361,4,,,hipc_gilbert_elliott_drop_0_50_rho_0_8,,coverage,completed,,,02,208,0,73,136,0,0,0,916,1761,1055,211,705,419,497,0,collision_intent:211;hipc_clear_bundle:2;hipc_entry:495;state:208
2,HIPC,gilbert_elliot,pGG_0.9_pBB_0.9,19,361,4,,,hipc_gilbert_elliott_drop_0_50_rho_0_8,,coverage,completed,,,03,203,0,111,93,0,0,0,951,1697,1084,207,744,410,541,0,collision_intent:207;hipc_entry:541;state:203
3,HIPC,gilbert_elliot,pGG_0.9_pBB_0.9,19,361,4,,,hipc_gilbert_elliott_drop_0_50_rho_0_8,,coverage,completed,,,00,244,0,77,168,0,0,0,1001,1817,1427,255,746,499,502,0,collision_intent:255;hipc_entry:502;state:244
3,HIPC,gilbert_elliot,pGG_0.9_pBB_0.9,19,361,4,,,hipc_gilbert_elliott_drop_0_50_rho_0_8,,coverage,completed,,,01,124,0,42,83,0,0,0,980,1920,1344,132,848,256,724,0,collision_intent:132;hipc_entry:724;state:124
3,HIPC,gilbert_elliot,pGG_0.9_pBB_0.9,19,361,4,,,hipc_gilbert_elliott_drop_0_50_rho_0_8,,coverage,completed,,,02,266,0,153,114,0,0,0,1215,1840,1190,269,946,535,680,0,collision_intent:269;hipc_clear_bundle:1;hipc_entry:679;state:266
3,HIPC,gilbert_elliot,pGG_0.9_pBB_0.9,19,361,4,,,hipc_gilbert_elliott_drop_0_50_rho_0_8,,coverage,completed,,,03,129,0,89,41,0,0,0,1049,2048,1148,130,919,259,790,0,collision_intent:130;hipc_clear_bundle:1;hipc_entry:789;state:129
4,HIPC,gilbert_elliot,pGG_0.9_pBB_0.9,19,361,4,,,hipc_gilbert_elliott_drop_0_50_rho_0_8,,coverage,completed,,,00,116,0,45,72,0,0,0,873,1664,1083,120,753,236,637,0,collision_intent:120;hipc_entry:637;state:116
4,HIPC,gilbert_elliot,pGG_0.9_pBB_0.9,19,361,4,,,hipc_gilbert_elliott_drop_0_50_rho_0_8,,coverage,completed,,,01,205,0,141,65,0,0,0,946,1526,1148,207,739,412,534,0,collision_intent:207;hipc_entry:534;state:205
4,HIPC,gilbert_elliot,pGG_0.9_pBB_0.9,19,361,4,,,hipc_gilbert_elliott_drop_0_50_rho_0_8,,coverage,completed,,,02,115,0,54,62,0,0,0,852,1637,1130,119,733,234,618,0,collision_intent:119;hipc_entry:618;state:115
4,HIPC,gilbert_elliot,pGG_0.9_pBB_0.9,19,361,4,,,hipc_gilbert_elliott_drop_0_50_rho_0_8,,coverage,completed,,,03,201,0,121,81,0,0,0,949,1498,1173,206,743,407,542,0,collision_intent:206;hipc_entry:542;state:201
5,HIPC,gilbert_elliot,pGG_0.9_pBB_0.9,19,361,4,,,hipc_gilbert_elliott_drop_0_50_rho_0_8,,coverage,completed,,,00,199,0,77,123,0,0,0,955,1662,1217,213,742,412,543,0,collision_intent:213;hipc_entry:543;state:199
5,HIPC,gilbert_elliot,pGG_0.9_pBB_0.9,19,361,4,,,hipc_gilbert_elliott_drop_0_50_rho_0_8,,coverage,completed,,,01,221,0,89,133,0,0,0,1000,1637,1195,225,775,446,554,0,collision_intent:225;hipc_entry:554;state:221
5,HIPC,gilbert_elliot,pGG_0.9_pBB_0.9,19,361,4,,,hipc_gilbert_elliott_drop_0_50_rho_0_8,,coverage,completed,,,02,207,0,66,142,0,0,0,922,1695,1215,221,701,428,494,0,collision_intent:221;hipc_clear_bundle:2;hipc_entry:492;state:207
5,HIPC,gilbert_elliot,pGG_0.9_pBB_0.9,19,361,4,,,hipc_gilbert_elliott_drop_0_50_rho_0_8,,coverage,completed,,,03,212,0,129,84,0,0,0,957,1831,1045,217,740,429,528,0,collision_intent:217;hipc_entry:528;state:212
6,HIPC,gilbert_elliot,pGG_0.9_pBB_0.9,19,361,4,,,hipc_gilbert_elliott_drop_0_50_rho_0_8,,coverage,completed,,,00,225,0,86,140,0,0,0,982,1828,1102,229,753,454,528,0,collision_intent:229;hipc_entry:528;state:225
6,HIPC,gilbert_elliot,pGG_0.9_pBB_0.9,19,361,4,,,hipc_gilbert_elliott_drop_0_50_rho_0_8,,coverage,completed,,,01,221,0,99,123,0,0,0,978,1732,1203,223,755,444,534,0,collision_intent:223;hipc_entry:534;state:221
6,HIPC,gilbert_elliot,pGG_0.9_pBB_0.9,19,361,4,,,hipc_gilbert_elliott_drop_0_50_rho_0_8,,coverage,completed,,,02,218,0,48,171,0,0,0,923,1793,1197,226,697,444,479,0,collision_intent:226;hipc_entry:479;state:218
6,HIPC,gilbert_elliot,pGG_0.9_pBB_0.9,19,361,4,,,hipc_gilbert_elliott_drop_0_50_rho_0_8,,coverage,completed,,,03,220,0,128,93,0,0,0,1030,1960,922,225,805,445,585,0,collision_intent:225;hipc_clear_bundle:1;hipc_entry:584;state:220
7,HIPC,gilbert_elliot,pGG_0.9_pBB_0.9,19,361,4,,,hipc_gilbert_elliott_drop_0_50_rho_0_8,,coverage,completed,,,00,185,0,115,71,0,0,0,874,1602,933,185,689,370,504,0,collision_intent:185;hipc_entry:504;state:185
7,HIPC,gilbert_elliot,pGG_0.9_pBB_0.9,19,361,4,,,hipc_gilbert_elliott_drop_0_50_rho_0_8,,coverage,completed,,,01,182,0,103,80,0,0,0,876,1545,987,187,689,369,507,0,collision_intent:187;hipc_entry:507;state:182
7,HIPC,gilbert_elliot,pGG_0.9_pBB_0.9,19,361,4,,,hipc_gilbert_elliott_drop_0_50_rho_0_8,,coverage,completed,,,02,183,0,95,89,0,0,0,830,1645,933,186,644,369,461,0,collision_intent:186;hipc_entry:461;state:183
7,HIPC,gilbert_elliot,pGG_0.9_pBB_0.9,19,361,4,,,hipc_gilbert_elliott_drop_0_50_rho_0_8,,coverage,completed,,,03,183,0,48,136,0,0,0,829,1425,1155,185,644,368,461,0,collision_intent:185;hipc_entry:461;state:183
8,HIPC,gilbert_elliot,pGG_0.9_pBB_0.9,19,361,4,,,hipc_gilbert_elliott_drop_0_50_rho_0_8,,coverage,completed,,,00,221,0,133,89,0,0,0,1040,1665,1192,223,817,444,596,0,collision_intent:223;hipc_entry:596;state:221
8,HIPC,gilbert_elliot,pGG_0.9_pBB_0.9,19,361,4,,,hipc_gilbert_elliott_drop_0_50_rho_0_8,,coverage,completed,,,01,215,0,96,120,0,0,0,983,1708,1207,219,764,434,549,0,collision_intent:219;hipc_entry:549;state:215
8,HIPC,gilbert_elliot,pGG_0.9_pBB_0.9,19,361,4,,,hipc_gilbert_elliott_drop_0_50_rho_0_8,,coverage,completed,,,02,222,0,65,158,0,0,0,946,1782,1169,223,723,445,501,0,collision_intent:223;hipc_entry:501;state:222
8,HIPC,gilbert_elliot,pGG_0.9_pBB_0.9,19,361,4,,,hipc_gilbert_elliott_drop_0_50_rho_0_8,,coverage,completed,,,03,222,0,67,156,0,0,0,929,1840,1128,225,704,447,482,0,collision_intent:225;hipc_entry:482;state:222
9,HIPC,gilbert_elliot,pGG_0.9_pBB_0.9,19,361,4,,,hipc_gilbert_elliott_drop_0_50_rho_0_8,,coverage,completed,,,00,195,0,108,88,0,0,0,860,1740,898,199,661,394,466,0,collision_intent:199;hipc_clear_bundle:1;hipc_entry:465;state:195
9,HIPC,gilbert_elliot,pGG_0.9_pBB_0.9,19,361,4,,,hipc_gilbert_elliott_drop_0_50_rho_0_8,,coverage,completed,,,01,195,0,62,134,0,0,0,858,1626,1015,198,660,393,465,0,collision_intent:198;hipc_entry:465;state:195
9,HIPC,gilbert_elliot,pGG_0.9_pBB_0.9,19,361,4,,,hipc_gilbert_elliott_drop_0_50_rho_0_8,,coverage,completed,,,02,194,0,152,43,0,0,0,956,1615,927,197,759,391,565,0,collision_intent:197;hipc_entry:565;state:194
9,HIPC,gilbert_elliot,pGG_0.9_pBB_0.9,19,361,4,,,hipc_gilbert_elliott_drop_0_50_rho_0_8,,coverage,completed,,,03,191,0,39,153,0,0,0,825,1594,1080,195,630,386,439,0,collision_intent:195;hipc_entry:439;state:191
10,HIPC,gilbert_elliot,pGG_0.9_pBB_0.9,19,361,4,,,hipc_gilbert_elliott_drop_0_50_rho_0_8,,coverage,completed,,,00,183,0,96,88,0,0,0,851,1551,992,190,661,373,478,0,collision_intent:190;hipc_entry:478;state:183
10,HIPC,gilbert_elliot,pGG_0.9_pBB_0.9,19,361,4,,,hipc_gilbert_elliott_drop_0_50_rho_0_8,,coverage,completed,,,01,184,0,76,109,0,0,0,831,1629,934,189,642,373,458,0,collision_intent:189;hipc_entry:458;state:184
10,HIPC,gilbert_elliot,pGG_0.9_pBB_0.9,19,361,4,,,hipc_gilbert_elliott_drop_0_50_rho_0_8,,coverage,completed,,,02,185,0,124,62,0,0,0,890,1617,887,188,702,373,517,0,collision_intent:188;hipc_clear_bundle:1;hipc_entry:516;state:185
10,HIPC,gilbert_elliot,pGG_0.9_pBB_0.9,19,361,4,,,hipc_gilbert_elliott_drop_0_50_rho_0_8,,coverage,completed,,,03,188,0,65,124,0,0,0,822,1511,1061,192,630,380,442,0,collision_intent:192;hipc_entry:442;state:188
11,HIPC,gilbert_elliot,pGG_0.9_pBB_0.9,19,361,4,,,hipc_gilbert_elliott_drop_0_50_rho_0_8,,coverage,completed,,,00,207,0,77,131,0,0,0,908,1688,1102,209,699,416,492,0,collision_intent:209;hipc_entry:492;state:207
11,HIPC,gilbert_elliot,pGG_0.9_pBB_0.9,19,361,4,,,hipc_gilbert_elliott_drop_0_50_rho_0_8,,coverage,completed,,,01,208,0,82,127,0,0,0,923,1665,1109,209,714,417,506,0,collision_intent:209;hipc_entry:506;state:208
11,HIPC,gilbert_elliot,pGG_0.9_pBB_0.9,19,361,4,,,hipc_gilbert_elliott_drop_0_50_rho_0_8,,coverage,completed,,,02,202,0,70,133,0,0,0,894,1713,1091,208,686,410,484,0,collision_intent:208;hipc_entry:484;state:202
11,HIPC,gilbert_elliot,pGG_0.9_pBB_0.9,19,361,4,,,hipc_gilbert_elliott_drop_0_50_rho_0_8,,coverage,completed,,,03,203,0,132,72,0,0,0,973,1718,1007,208,765,411,562,0,collision_intent:208;hipc_clear_bundle:1;hipc_entry:561;state:203
12,HIPC,gilbert_elliot,pGG_0.9_pBB_0.9,19,361,4,,,hipc_gilbert_elliott_drop_0_50_rho_0_8,,coverage,completed,,,00,192,0,114,79,0,0,0,904,1738,871,196,708,388,516,0,collision_intent:196;hipc_entry:516;state:192
12,HIPC,gilbert_elliot,pGG_0.9_pBB_0.9,19,361,4,,,hipc_gilbert_elliott_drop_0_50_rho_0_8,,coverage,completed,,,01,197,0,87,111,0,0,0,911,1475,1126,197,714,394,517,0,collision_intent:197;hipc_entry:517;state:197
12,HIPC,gilbert_elliot,pGG_0.9_pBB_0.9,19,361,4,,,hipc_gilbert_elliott_drop_0_50_rho_0_8,,coverage,completed,,,02,194,0,103,92,0,0,0,892,1653,967,197,695,391,501,0,collision_intent:197;hipc_entry:501;state:194
12,HIPC,gilbert_elliot,pGG_0.9_pBB_0.9,19,361,4,,,hipc_gilbert_elliott_drop_0_50_rho_0_8,,coverage,completed,,,03,195,0,57,139,0,0,0,806,1707,999,196,610,391,415,0,collision_intent:196;hipc_entry:415;state:195
13,HIPC,gilbert_elliot,pGG_0.9_pBB_0.9,19,361,4,,,hipc_gilbert_elliott_drop_0_50_rho_0_8,,coverage,completed,,,00,69,0,44,26,0,0,0,1052,2037,1399,74,978,143,909,0,collision_intent:74;hipc_entry:909;state:69
13,HIPC,gilbert_elliot,pGG_0.9_pBB_0.9,19,361,4,,,hipc_gilbert_elliott_drop_0_50_rho_0_8,,coverage,completed,,,01,74,0,53,22,0,0,0,1065,2179,1243,78,987,152,913,0,collision_intent:78;hipc_entry:913;state:74
13,HIPC,gilbert_elliot,pGG_0.9_pBB_0.9,19,361,4,,,hipc_gilbert_elliott_drop_0_50_rho_0_8,,coverage,completed,,,02,266,0,101,166,0,0,0,1150,1675,1659,271,879,537,613,0,collision_intent:271;hipc_entry:613;state:266
13,HIPC,gilbert_elliot,pGG_0.9_pBB_0.9,19,361,4,,,hipc_gilbert_elliott_drop_0_50_rho_0_8,,coverage,completed,,,03,267,0,163,105,0,0,0,1221,1847,1417,270,951,537,684,0,collision_intent:270;hipc_entry:684;state:267
14,HIPC,gilbert_elliot,pGG_0.9_pBB_0.9,19,361,4,,,hipc_gilbert_elliott_drop_0_50_rho_0_8,,coverage,completed,,,00,195,0,91,105,0,0,0,907,1555,1105,198,709,393,514,0,collision_intent:198;hipc_entry:514;state:195
14,HIPC,gilbert_elliot,pGG_0.9_pBB_0.9,19,361,4,,,hipc_gilbert_elliott_drop_0_50_rho_0_8,,coverage,completed,,,01,194,0,116,79,0,0,0,918,1695,954,199,719,393,525,0,collision_intent:199;hipc_entry:525;state:194
14,HIPC,gilbert_elliot,pGG_0.9_pBB_0.9,19,361,4,,,hipc_gilbert_elliott_drop_0_50_rho_0_8,,coverage,completed,,,02,194,0,55,140,0,0,0,843,1661,1063,197,646,391,452,0,collision_intent:197;hipc_entry:452;state:194
14,HIPC,gilbert_elliot,pGG_0.9_pBB_0.9,19,361,4,,,hipc_gilbert_elliott_drop_0_50_rho_0_8,,coverage,completed,,,03,190,0,99,92,0,0,0,899,1646,1021,195,704,385,514,0,collision_intent:195;hipc_entry:514;state:190
15,HIPC,gilbert_elliot,pGG_0.9_pBB_0.9,19,361,4,,,hipc_gilbert_elliott_drop_0_50_rho_0_8,,coverage,completed,,,00,54,0,24,31,0,0,0,1053,2183,1515,57,996,111,942,0,collision_intent:57;hipc_entry:942;state:54
15,HIPC,gilbert_elliot,pGG_0.9_pBB_0.9,19,361,4,,,hipc_gilbert_elliott_drop_0_50_rho_0_8,,coverage,completed,,,01,57,0,35,23,0,0,0,1095,2087,1569,58,1037,115,980,0,collision_intent:58;hipc_entry:980;state:57
15,HIPC,gilbert_elliot,pGG_0.9_pBB_0.9,19,361,4,,,hipc_gilbert_elliott_drop_0_50_rho_0_8,,coverage,completed,,,02,290,0,141,150,0,0,0,1316,1873,1563,295,1021,585,731,0,collision_intent:295;hipc_entry:731;state:290
15,HIPC,gilbert_elliot,pGG_0.9_pBB_0.9,19,361,4,,,hipc_gilbert_elliott_drop_0_50_rho_0_8,,coverage,completed,,,03,288,0,161,128,0,0,0,1288,1882,1582,290,998,578,710,0,collision_intent:290;hipc_entry:710;state:288
16,HIPC,gilbert_elliot,pGG_0.9_pBB_0.9,19,361,4,,,hipc_gilbert_elliott_drop_0_50_rho_0_8,,coverage,completed,,,00,253,0,87,167,0,0,0,1020,2113,1482,259,761,512,508,0,collision_intent:259;hipc_clear_bundle:1;hipc_entry:507;state:253
16,HIPC,gilbert_elliot,pGG_0.9_pBB_0.9,19,361,4,,,hipc_gilbert_elliott_drop_0_50_rho_0_8,,coverage,completed,,,01,286,0,90,197,0,0,0,1170,1990,1455,291,879,577,593,0,collision_intent:291;hipc_entry:593;state:286
16,HIPC,gilbert_elliot,pGG_0.9_pBB_0.9,19,361,4,,,hipc_gilbert_elliott_drop_0_50_rho_0_8,,coverage,completed,,,02,206,0,85,122,0,0,0,1203,2032,1379,212,991,418,785,0,collision_intent:212;hipc_entry:785;state:206
16,HIPC,gilbert_elliot,pGG_0.9_pBB_0.9,19,361,4,,,hipc_gilbert_elliott_drop_0_50_rho_0_8,,coverage,completed,,,03,205,0,99,107,0,0,0,1222,2160,1233,213,1009,418,804,0,collision_intent:213;hipc_entry:804;state:205
17,HIPC,gilbert_elliot,pGG_0.9_pBB_0.9,19,361,4,,,hipc_gilbert_elliott_drop_0_50_rho_0_8,,coverage,completed,,,00,196,0,73,124,0,0,0,897,1585,1140,201,696,397,500,0,collision_intent:201;hipc_entry:500;state:196
17,HIPC,gilbert_elliot,pGG_0.9_pBB_0.9,19,361,4,,,hipc_gilbert_elliott_drop_0_50_rho_0_8,,coverage,completed,,,01,199,0,129,71,0,0,0,946,1782,894,202,744,401,545,0,collision_intent:202;hipc_entry:545;state:199
17,HIPC,gilbert_elliot,pGG_0.9_pBB_0.9,19,361,4,,,hipc_gilbert_elliott_drop_0_50_rho_0_8,,coverage,completed,,,02,203,0,113,91,0,0,0,918,1773,931,204,714,407,511,0,collision_intent:204;hipc_clear_bundle:1;hipc_entry:510;state:203
17,HIPC,gilbert_elliot,pGG_0.9_pBB_0.9,19,361,4,,,hipc_gilbert_elliott_drop_0_50_rho_0_8,,coverage,completed,,,03,198,0,46,153,0,0,0,861,1588,1172,201,660,399,462,0,collision_intent:201;hipc_clear_bundle:2;hipc_entry:460;state:198
18,HIPC,gilbert_elliot,pGG_0.9_pBB_0.9,19,361,4,,,hipc_gilbert_elliott_drop_0_50_rho_0_8,,coverage,completed,,,00,2,0,3,0,0,0,0,1008,1957,1688,4,1004,6,1002,0,collision_intent:4;hipc_entry:1002;state:2
18,HIPC,gilbert_elliot,pGG_0.9_pBB_0.9,19,361,4,,,hipc_gilbert_elliott_drop_0_50_rho_0_8,,coverage,completed,,,01,3,0,4,0,0,0,0,990,2210,1451,6,984,9,981,0,collision_intent:6;hipc_entry:981;state:3
18,HIPC,gilbert_elliot,pGG_0.9_pBB_0.9,19,361,4,,,hipc_gilbert_elliott_drop_0_50_rho_0_8,,coverage,completed,,,02,276,0,150,127,0,0,0,1284,1802,1567,281,1003,557,727,0,collision_intent:281;hipc_entry:727;state:276
18,HIPC,gilbert_elliot,pGG_0.9_pBB_0.9,19,361,4,,,hipc_gilbert_elliott_drop_0_50_rho_0_8,,coverage,completed,,,03,275,0,204,72,0,0,0,1371,1677,1605,283,1088,558,813,0,collision_intent:283;hipc_entry:813;state:275
19,HIPC,gilbert_elliot,pGG_0.9_pBB_0.9,19,361,4,,,hipc_gilbert_elliott_drop_0_50_rho_0_8,,coverage,completed,,,00,187,0,50,138,0,0,0,844,1574,1059,190,654,377,467,0,collision_intent:190;hipc_entry:467;state:187
19,HIPC,gilbert_elliot,pGG_0.9_pBB_0.9,19,361,4,,,hipc_gilbert_elliott_drop_0_50_rho_0_8,,coverage,completed,,,01,192,0,72,121,0,0,0,816,1677,985,196,620,388,428,0,collision_intent:196;hipc_entry:428;state:192
19,HIPC,gilbert_elliot,pGG_0.9_pBB_0.9,19,361,4,,,hipc_gilbert_elliott_drop_0_50_rho_0_8,,coverage,completed,,,02,185,0,75,111,0,0,0,844,1632,1002,190,654,375,469,0,collision_intent:190;hipc_clear_bundle:1;hipc_entry:468;state:185
19,HIPC,gilbert_elliot,pGG_0.9_pBB_0.9,19,361,4,,,hipc_gilbert_elliott_drop_0_50_rho_0_8,,coverage,completed,,,03,198,0,164,35,0,0,0,974,1609,895,200,774,398,576,0,collision_intent:200;hipc_entry:576;state:198
20,HIPC,gilbert_elliot,pGG_0.9_pBB_0.9,19,361,4,,,hipc_gilbert_elliott_drop_0_50_rho_0_8,,coverage,completed,,,00,255,0,69,187,0,0,0,1127,1803,1511,264,863,519,608,0,collision_intent:264;hipc_entry:608;state:255
20,HIPC,gilbert_elliot,pGG_0.9_pBB_0.9,19,361,4,,,hipc_gilbert_elliott_drop_0_50_rho_0_8,,coverage,completed,,,01,262,0,101,162,0,0,0,1138,1866,1436,263,875,525,613,0,collision_intent:263;hipc_clear_bundle:1;hipc_entry:612;state:262
20,HIPC,gilbert_elliot,pGG_0.9_pBB_0.9,19,361,4,,,hipc_gilbert_elliott_drop_0_50_rho_0_8,,coverage,completed,,,02,159,0,104,56,0,0,0,1102,1920,1418,163,939,322,780,0,collision_intent:163;hipc_entry:780;state:159
20,HIPC,gilbert_elliot,pGG_0.9_pBB_0.9,19,361,4,,,hipc_gilbert_elliott_drop_0_50_rho_0_8,,coverage,completed,,,03,160,0,87,74,0,0,0,1074,2083,1284,164,910,324,750,0,collision_intent:164;hipc_clear_bundle:1;hipc_entry:749;state:160
21,HIPC,gilbert_elliot,pGG_0.9_pBB_0.9,19,361,4,,,hipc_gilbert_elliott_drop_0_50_rho_0_8,,coverage,completed,,,00,173,0,112,62,0,0,0,864,1454,1006,178,686,351,513,0,collision_intent:178;hipc_entry:513;state:173
21,HIPC,gilbert_elliot,pGG_0.9_pBB_0.9,19,361,4,,,hipc_gilbert_elliott_drop_0_50_rho_0_8,,coverage,completed,,,01,173,0,85,89,0,0,0,821,1566,937,180,641,353,468,0,collision_intent:180;hipc_entry:468;state:173
21,HIPC,gilbert_elliot,pGG_0.9_pBB_0.9,19,361,4,,,hipc_gilbert_elliott_drop_0_50_rho_0_8,,coverage,completed,,,02,176,0,54,123,0,0,0,820,1355,1149,183,637,359,461,0,collision_intent:183;hipc_entry:461;state:176
21,HIPC,gilbert_elliot,pGG_0.9_pBB_0.9,19,361,4,,,hipc_gilbert_elliott_drop_0_50_rho_0_8,,coverage,completed,,,03,180,0,110,71,0,0,0,819,1557,947,182,637,362,457,0,collision_intent:182;hipc_entry:457;state:180
22,HIPC,gilbert_elliot,pGG_0.9_pBB_0.9,19,361,4,,,hipc_gilbert_elliott_drop_0_50_rho_0_8,,coverage,completed,,,00,77,0,40,38,0,0,0,951,1928,1293,79,872,156,795,0,collision_intent:79;hipc_entry:795;state:77
22,HIPC,gilbert_elliot,pGG_0.9_pBB_0.9,19,361,4,,,hipc_gilbert_elliott_drop_0_50_rho_0_8,,coverage,completed,,,01,240,0,125,116,0,0,0,1147,1649,1377,243,904,483,664,0,collision_intent:243;hipc_clear_bundle:1;hipc_entry:663;state:240
22,HIPC,gilbert_elliot,pGG_0.9_pBB_0.9,19,361,4,,,hipc_gilbert_elliott_drop_0_50_rho_0_8,,coverage,completed,,,02,76,0,52,25,0,0,0,943,1893,1336,79,864,155,788,0,collision_intent:79;hipc_entry:788;state:76
22,HIPC,gilbert_elliot,pGG_0.9_pBB_0.9,19,361,4,,,hipc_gilbert_elliott_drop_0_50_rho_0_8,,coverage,completed,,,03,240,0,144,97,0,0,0,1132,1542,1499,242,890,482,650,0,collision_intent:242;hipc_entry:650;state:240
23,HIPC,gilbert_elliot,pGG_0.9_pBB_0.9,19,361,4,,,hipc_gilbert_elliott_drop_0_50_rho_0_8,,coverage,completed,,,00,65,0,62,4,0,0,0,1184,2348,1446,66,1118,131,1053,0,collision_intent:66;hipc_entry:1053;state:65
23,HIPC,gilbert_elliot,pGG_0.9_pBB_0.9,19,361,4,,,hipc_gilbert_elliott_drop_0_50_rho_0_8,,coverage,completed,,,01,288,0,95,194,0,0,0,1324,1781,1874,295,1029,583,741,0,collision_intent:295;hipc_entry:741;state:288
23,HIPC,gilbert_elliot,pGG_0.9_pBB_0.9,19,361,4,,,hipc_gilbert_elliott_drop_0_50_rho_0_8,,coverage,completed,,,02,299,0,173,127,0,0,0,1357,2043,1579,301,1056,600,757,0,collision_intent:301;hipc_entry:757;state:299
23,HIPC,gilbert_elliot,pGG_0.9_pBB_0.9,19,361,4,,,hipc_gilbert_elliott_drop_0_50_rho_0_8,,coverage,completed,,,03,66,0,31,36,0,0,0,1114,2194,1671,67,1047,133,981,0,collision_intent:67;hipc_entry:981;state:66
24,HIPC,gilbert_elliot,pGG_0.9_pBB_0.9,19,361,4,,,hipc_gilbert_elliott_drop_0_50_rho_0_8,,coverage,completed,,,00,196,0,92,105,0,0,0,898,1701,1010,204,694,400,498,0,collision_intent:204;hipc_clear_bundle:1;hipc_entry:497;state:196
24,HIPC,gilbert_elliot,pGG_0.9_pBB_0.9,19,361,4,,,hipc_gilbert_elliott_drop_0_50_rho_0_8,,coverage,completed,,,01,193,0,89,105,0,0,0,879,1641,1089,203,676,396,483,0,collision_intent:203;hipc_entry:483;state:193
24,HIPC,gilbert_elliot,pGG_0.9_pBB_0.9,19,361,4,,,hipc_gilbert_elliott_drop_0_50_rho_0_8,,coverage,completed,,,02,193,0,85,109,0,0,0,881,1648,1080,200,681,393,488,0,collision_intent:200;hipc_entry:488;state:193
24,HIPC,gilbert_elliot,pGG_0.9_pBB_0.9,19,361,4,,,hipc_gilbert_elliott_drop_0_50_rho_0_8,,coverage,completed,,,03,200,0,95,106,0,0,0,952,1551,1105,204,748,404,548,0,collision_intent:204;hipc_entry:548;state:200
25,HIPC,gilbert_elliot,pGG_0.9_pBB_0.9,19,361,4,,,hipc_gilbert_elliott_drop_0_50_rho_0_8,,coverage,completed,,,00,133,0,71,63,0,0,0,1024,1998,1292,135,889,268,756,0,collision_intent:135;hipc_entry:756;state:133
25,HIPC,gilbert_elliot,pGG_0.9_pBB_0.9,19,361,4,,,hipc_gilbert_elliott_drop_0_50_rho_0_8,,coverage,completed,,,01,251,0,98,154,0,0,0,1102,1691,1521,254,848,505,597,0,collision_intent:254;hipc_entry:597;state:251
25,HIPC,gilbert_elliot,pGG_0.9_pBB_0.9,19,361,4,,,hipc_gilbert_elliott_drop_0_50_rho_0_8,,coverage,completed,,,02,248,0,109,140,0,0,0,1128,1835,1349,252,876,500,628,0,collision_intent:252;hipc_clear_bundle:1;hipc_entry:627;state:248
25,HIPC,gilbert_elliot,pGG_0.9_pBB_0.9,19,361,4,,,hipc_gilbert_elliott_drop_0_50_rho_0_8,,coverage,completed,,,03,132,0,83,50,0,0,0,1061,2180,1072,135,926,267,794,0,collision_intent:135;hipc_entry:794;state:132
26,HIPC,gilbert_elliot,pGG_0.9_pBB_0.9,19,361,4,,,hipc_gilbert_elliott_drop_0_50_rho_0_8,,coverage,completed,,,00,253,0,102,152,0,0,0,1084,1708,1445,261,823,514,570,0,collision_intent:261;hipc_entry:570;state:253
26,HIPC,gilbert_elliot,pGG_0.9_pBB_0.9,19,361,4,,,hipc_gilbert_elliott_drop_0_50_rho_0_8,,coverage,completed,,,01,252,0,104,149,0,0,0,1100,1848,1289,257,843,509,591,0,collision_intent:257;hipc_clear_bundle:1;hipc_entry:590;state:252
26,HIPC,gilbert_elliot,pGG_0.9_pBB_0.9,19,361,4,,,hipc_gilbert_elliott_drop_0_50_rho_0_8,,coverage,completed,,,02,140,0,49,92,0,0,0,1037,1949,1251,145,892,285,752,0,collision_intent:145;hipc_entry:752;state:140
26,HIPC,gilbert_elliot,pGG_0.9_pBB_0.9,19,361,4,,,hipc_gilbert_elliott_drop_0_50_rho_0_8,,coverage,completed,,,03,145,0,106,40,0,0,0,1016,2028,1193,149,867,294,722,0,collision_intent:149;hipc_entry:722;state:145
27,HIPC,gilbert_elliot,pGG_0.9_pBB_0.9,19,361,4,,,hipc_gilbert_elliott_drop_0_50_rho_0_8,,coverage,completed,,,00,193,0,94,100,0,0,0,930,1550,1135,197,733,390,540,0,collision_intent:197;hipc_entry:540;state:193
27,HIPC,gilbert_elliot,pGG_0.9_pBB_0.9,19,361,4,,,hipc_gilbert_elliott_drop_0_50_rho_0_8,,coverage,completed,,,01,194,0,145,50,0,0,0,947,1765,904,196,751,390,557,0,collision_intent:196;hipc_entry:557;state:194
27,HIPC,gilbert_elliot,pGG_0.9_pBB_0.9,19,361,4,,,hipc_gilbert_elliott_drop_0_50_rho_0_8,,coverage,completed,,,02,203,0,58,146,0,0,0,844,1627,1145,204,640,407,437,0,collision_intent:204;hipc_entry:437;state:203
27,HIPC,gilbert_elliot,pGG_0.9_pBB_0.9,19,361,4,,,hipc_gilbert_elliott_drop_0_50_rho_0_8,,coverage,completed,,,03,195,0,64,132,0,0,0,895,1678,1043,201,694,396,499,0,collision_intent:201;hipc_entry:499;state:195
28,HIPC,gilbert_elliot,pGG_0.9_pBB_0.9,19,361,4,,,hipc_gilbert_elliott_drop_0_50_rho_0_8,,coverage,completed,,,00,197,0,130,68,0,0,0,937,1676,1045,203,734,400,537,0,collision_intent:203;hipc_entry:537;state:197
28,HIPC,gilbert_elliot,pGG_0.9_pBB_0.9,19,361,4,,,hipc_gilbert_elliott_drop_0_50_rho_0_8,,coverage,completed,,,01,202,0,83,120,0,0,0,914,1669,1075,205,709,407,507,0,collision_intent:205;hipc_clear_bundle:2;hipc_entry:505;state:202
28,HIPC,gilbert_elliot,pGG_0.9_pBB_0.9,19,361,4,,,hipc_gilbert_elliott_drop_0_50_rho_0_8,,coverage,completed,,,02,204,0,83,122,0,0,0,919,1674,1065,207,712,411,508,0,collision_intent:207;hipc_entry:508;state:204
28,HIPC,gilbert_elliot,pGG_0.9_pBB_0.9,19,361,4,,,hipc_gilbert_elliott_drop_0_50_rho_0_8,,coverage,completed,,,03,208,0,65,144,0,0,0,889,1678,1092,210,679,418,471,0,collision_intent:210;hipc_entry:471;state:208
29,HIPC,gilbert_elliot,pGG_0.9_pBB_0.9,19,361,4,,,hipc_gilbert_elliott_drop_0_50_rho_0_8,,coverage,completed,,,00,231,0,108,124,0,0,0,1022,1910,1131,235,787,466,556,0,collision_intent:235;hipc_entry:556;state:231
29,HIPC,gilbert_elliot,pGG_0.9_pBB_0.9,19,361,4,,,hipc_gilbert_elliott_drop_0_50_rho_0_8,,coverage,completed,,,01,226,0,82,145,0,0,0,1033,1935,1095,229,804,455,578,0,collision_intent:229;hipc_entry:578;state:226
29,HIPC,gilbert_elliot,pGG_0.9_pBB_0.9,19,361,4,,,hipc_gilbert_elliott_drop_0_50_rho_0_8,,coverage,completed,,,02,231,0,93,139,0,0,0,1026,1884,1153,233,793,464,562,0,collision_intent:233;hipc_entry:562;state:231
29,HIPC,gilbert_elliot,pGG_0.9_pBB_0.9,19,361,4,,,hipc_gilbert_elliott_drop_0_50_rho_0_8,,coverage,completed,,,03,230,0,78,153,0,0,0,982,1877,1203,232,750,462,520,0,collision_intent:232;hipc_entry:520;state:230
30,HIPC,gilbert_elliot,pGG_0.9_pBB_0.9,19,361,4,,,hipc_gilbert_elliott_drop_0_50_rho_0_8,,coverage,completed,,,00,103,0,91,13,0,0,0,1126,1966,1471,105,1021,208,918,0,collision_intent:105;hipc_entry:918;state:103
30,HIPC,gilbert_elliot,pGG_0.9_pBB_0.9,19,361,4,,,hipc_gilbert_elliott_drop_0_50_rho_0_8,,coverage,completed,,,01,100,0,70,31,0,0,0,1084,2071,1407,108,976,208,876,0,collision_intent:108;hipc_clear_bundle:1;hipc_entry:875;state:100
30,HIPC,gilbert_elliot,pGG_0.9_pBB_0.9,19,361,4,,,hipc_gilbert_elliott_drop_0_50_rho_0_8,,coverage,completed,,,02,272,0,117,156,0,0,0,1208,1804,1550,276,932,548,660,0,collision_intent:276;hipc_entry:660;state:272
30,HIPC,gilbert_elliot,pGG_0.9_pBB_0.9,19,361,4,,,hipc_gilbert_elliott_drop_0_50_rho_0_8,,coverage,completed,,,03,276,0,83,194,0,0,0,1145,1845,1573,279,866,555,590,0,collision_intent:279;hipc_entry:590;state:276
31,HIPC,gilbert_elliot,pGG_0.9_pBB_0.9,19,361,4,,,hipc_gilbert_elliott_drop_0_50_rho_0_8,,coverage,completed,,,00,208,0,97,112,0,0,0,922,1746,1020,212,710,420,502,0,collision_intent:212;hipc_clear_bundle:1;hipc_entry:501;state:208
31,HIPC,gilbert_elliot,pGG_0.9_pBB_0.9,19,361,4,,,hipc_gilbert_elliott_drop_0_50_rho_0_8,,coverage,completed,,,01,207,0,103,105,0,0,0,942,1610,1136,210,732,417,525,0,collision_intent:210;hipc_entry:525;state:207
31,HIPC,gilbert_elliot,pGG_0.9_pBB_0.9,19,361,4,,,hipc_gilbert_elliott_drop_0_50_rho_0_8,,coverage,completed,,,02,200,0,56,145,0,0,0,871,1745,1072,208,663,408,463,0,collision_intent:208;hipc_entry:463;state:200
31,HIPC,gilbert_elliot,pGG_0.9_pBB_0.9,19,361,4,,,hipc_gilbert_elliott_drop_0_50_rho_0_8,,coverage,completed,,,03,205,0,105,101,0,0,0,953,1726,1008,210,743,415,538,0,collision_intent:210;hipc_entry:538;state:205
32,HIPC,gilbert_elliot,pGG_0.9_pBB_0.9,19,361,4,,,hipc_gilbert_elliott_drop_0_50_rho_0_8,,coverage,completed,,,00,188,0,134,55,0,0,0,1045,1864,1121,194,851,382,663,0,collision_intent:194;hipc_entry:663;state:188
32,HIPC,gilbert_elliot,pGG_0.9_pBB_0.9,19,361,4,,,hipc_gilbert_elliott_drop_0_50_rho_0_8,,coverage,completed,,,01,224,0,73,152,0,0,0,995,1800,1236,230,765,454,541,0,collision_intent:230;hipc_entry:541;state:224
32,HIPC,gilbert_elliot,pGG_0.9_pBB_0.9,19,361,4,,,hipc_gilbert_elliott_drop_0_50_rho_0_8,,coverage,completed,,,02,193,0,95,99,0,0,0,1011,1895,1124,195,816,388,623,0,collision_intent:195;hipc_entry:623;state:193
32,HIPC,gilbert_elliot,pGG_0.9_pBB_0.9,19,361,4,,,hipc_gilbert_elliott_drop_0_50_rho_0_8,,coverage,completed,,,03,226,0,59,168,0,0,0,980,1737,1314,228,752,454,526,0,collision_intent:228;hipc_clear_bundle:1;hipc_entry:525;state:226
33,HIPC,gilbert_elliot,pGG_0.9_pBB_0.9,19,361,4,,,hipc_gilbert_elliott_drop_0_50_rho_0_8,,coverage,completed,,,00,2,0,3,0,0,0,0,984,2012,1589,4,980,6,978,0,collision_intent:4;hipc_entry:978;state:2
33,HIPC,gilbert_elliot,pGG_0.9_pBB_0.9,19,361,4,,,hipc_gilbert_elliott_drop_0_50_rho_0_8,,coverage,completed,,,01,3,0,4,0,0,0,0,997,2066,1522,4,993,7,990,0,collision_intent:4;hipc_entry:990;state:3
33,HIPC,gilbert_elliot,pGG_0.9_pBB_0.9,19,361,4,,,hipc_gilbert_elliott_drop_0_50_rho_0_8,,coverage,completed,,,02,273,0,137,137,0,0,0,1284,1603,1698,276,1008,549,735,0,collision_intent:276;hipc_entry:735;state:273
33,HIPC,gilbert_elliot,pGG_0.9_pBB_0.9,19,361,4,,,hipc_gilbert_elliott_drop_0_50_rho_0_8,,coverage,completed,,,03,274,0,217,58,0,0,0,1321,1819,1446,277,1044,551,770,0,collision_intent:277;hipc_entry:770;state:274
34,HIPC,gilbert_elliot,pGG_0.9_pBB_0.9,19,361,4,,,hipc_gilbert_elliott_drop_0_50_rho_0_8,,coverage,completed,,,00,197,0,76,122,0,0,0,890,1671,1045,204,686,401,489,0,collision_intent:204;hipc_entry:489;state:197
34,HIPC,gilbert_elliot,pGG_0.9_pBB_0.9,19,361,4,,,hipc_gilbert_elliott_drop_0_50_rho_0_8,,coverage,completed,,,01,200,0,91,110,0,0,0,886,1633,1088,202,684,402,484,0,collision_intent:202;hipc_clear_bundle:1;hipc_entry:483;state:200
34,HIPC,gilbert_elliot,pGG_0.9_pBB_0.9,19,361,4,,,hipc_gilbert_elliott_drop_0_50_rho_0_8,,coverage,completed,,,02,198,0,76,123,0,0,0,882,1703,1022,203,679,401,481,0,collision_intent:203;hipc_entry:481;state:198
34,HIPC,gilbert_elliot,pGG_0.9_pBB_0.9,19,361,4,,,hipc_gilbert_elliott_drop_0_50_rho_0_8,,coverage,completed,,,03,199,0,118,82,0,0,0,949,1728,929,205,744,404,545,0,collision_intent:205;hipc_clear_bundle:2;hipc_entry:543;state:199
35,HIPC,gilbert_elliot,pGG_0.9_pBB_0.9,19,361,4,,,hipc_gilbert_elliott_drop_0_50_rho_0_8,,coverage,failed,RuntimeError,Debug safety cap reached in trial 35. This usually means the allocator is stuck or returning no reachable goals.,00,,,,,,,,,,,,,,,,
35,HIPC,gilbert_elliot,pGG_0.9_pBB_0.9,19,361,4,,,hipc_gilbert_elliott_drop_0_50_rho_0_8,,coverage,failed,RuntimeError,Debug safety cap reached in trial 35. This usually means the allocator is stuck or returning no reachable goals.,01,,,,,,,,,,,,,,,,
35,HIPC,gilbert_elliot,pGG_0.9_pBB_0.9,19,361,4,,,hipc_gilbert_elliott_drop_0_50_rho_0_8,,coverage,failed,RuntimeError,Debug safety cap reached in trial 35. This usually means the allocator is stuck or returning no reachable goals.,02,,,,,,,,,,,,,,,,
35,HIPC,gilbert_elliot,pGG_0.9_pBB_0.9,19,361,4,,,hipc_gilbert_elliott_drop_0_50_rho_0_8,,coverage,failed,RuntimeError,Debug safety cap reached in trial 35. This usually means the allocator is stuck or returning no reachable goals.,03,,,,,,,,,,,,,,,,
36,HIPC,gilbert_elliot,pGG_0.9_pBB_0.9,19,361,4,,,hipc_gilbert_elliott_drop_0_50_rho_0_8,,coverage,completed,,,00,210,0,57,154,0,0,0,899,1760,1128,213,686,423,476,0,collision_intent:213;hipc_entry:476;state:210
36,HIPC,gilbert_elliot,pGG_0.9_pBB_0.9,19,361,4,,,hipc_gilbert_elliott_drop_0_50_rho_0_8,,coverage,completed,,,01,214,0,123,92,0,0,0,997,1764,1026,217,780,431,566,0,collision_intent:217;hipc_entry:566;state:214
36,HIPC,gilbert_elliot,pGG_0.9_pBB_0.9,19,361,4,,,hipc_gilbert_elliott_drop_0_50_rho_0_8,,coverage,completed,,,02,211,0,79,133,0,0,0,927,1731,1129,213,714,424,503,0,collision_intent:213;hipc_entry:503;state:211
36,HIPC,gilbert_elliot,pGG_0.9_pBB_0.9,19,361,4,,,hipc_gilbert_elliott_drop_0_50_rho_0_8,,coverage,completed,,,03,214,0,102,113,0,0,0,964,1742,1080,214,750,428,536,0,collision_intent:214;hipc_entry:536;state:214
37,HIPC,gilbert_elliot,pGG_0.9_pBB_0.9,19,361,4,,,hipc_gilbert_elliott_drop_0_50_rho_0_8,,coverage,completed,,,00,220,0,87,134,0,0,0,995,1799,1144,224,771,444,551,0,collision_intent:224;hipc_entry:551;state:220
37,HIPC,gilbert_elliot,pGG_0.9_pBB_0.9,19,361,4,,,hipc_gilbert_elliott_drop_0_50_rho_0_8,,coverage,completed,,,01,218,0,69,150,0,0,0,974,1718,1245,222,752,440,534,0,collision_intent:222;hipc_clear_bundle:1;hipc_entry:533;state:218
37,HIPC,gilbert_elliot,pGG_0.9_pBB_0.9,19,361,4,,,hipc_gilbert_elliott_drop_0_50_rho_0_8,,coverage,completed,,,02,210,0,94,117,0,0,0,998,1778,1162,223,775,433,565,0,collision_intent:223;hipc_clear_bundle:1;hipc_entry:564;state:210
37,HIPC,gilbert_elliot,pGG_0.9_pBB_0.9,19,361,4,,,hipc_gilbert_elliott_drop_0_50_rho_0_8,,coverage,completed,,,03,219,0,111,109,0,0,0,971,1899,1067,222,749,441,530,0,collision_intent:222;hipc_entry:530;state:219
38,HIPC,gilbert_elliot,pGG_0.9_pBB_0.9,19,361,4,,,hipc_gilbert_elliott_drop_0_50_rho_0_8,,coverage,completed,,,00,227,0,57,171,0,0,0,996,1850,1202,232,764,459,537,0,collision_intent:232;hipc_entry:537;state:227
38,HIPC,gilbert_elliot,pGG_0.9_pBB_0.9,19,361,4,,,hipc_gilbert_elliott_drop_0_50_rho_0_8,,coverage,completed,,,01,220,0,61,160,0,0,0,1015,1767,1265,234,781,454,561,0,collision_intent:234;hipc_entry:561;state:220
38,HIPC,gilbert_elliot,pGG_0.9_pBB_0.9,19,361,4,,,hipc_gilbert_elliott_drop_0_50_rho_0_8,,coverage,completed,,,02,229,0,120,110,0,0,0,999,1927,1121,231,768,460,539,0,collision_intent:231;hipc_clear_bundle:1;hipc_entry:538;state:229
38,HIPC,gilbert_elliot,pGG_0.9_pBB_0.9,19,361,4,,,hipc_gilbert_elliott_drop_0_50_rho_0_8,,coverage,completed,,,03,218,0,123,96,0,0,0,1038,1782,1228,227,811,445,593,0,collision_intent:227;hipc_entry:593;state:218
39,HIPC,gilbert_elliot,pGG_0.9_pBB_0.9,19,361,4,,,hipc_gilbert_elliott_drop_0_50_rho_0_8,,coverage,completed,,,00,206,0,116,91,0,0,0,965,1621,1095,207,758,413,552,0,collision_intent:207;hipc_entry:552;state:206
39,HIPC,gilbert_elliot,pGG_0.9_pBB_0.9,19,361,4,,,hipc_gilbert_elliott_drop_0_50_rho_0_8,,coverage,completed,,,01,202,0,94,109,0,0,0,926,1689,1067,208,718,410,516,0,collision_intent:208;hipc_entry:516;state:202
39,HIPC,gilbert_elliot,pGG_0.9_pBB_0.9,19,361,4,,,hipc_gilbert_elliott_drop_0_50_rho_0_8,,coverage,completed,,,02,206,0,82,125,0,0,0,900,1684,1098,210,690,416,484,0,collision_intent:210;hipc_entry:484;state:206
39,HIPC,gilbert_elliot,pGG_0.9_pBB_0.9,19,361,4,,,hipc_gilbert_elliott_drop_0_50_rho_0_8,,coverage,completed,,,03,205,0,69,137,0,0,0,891,1703,1088,209,682,414,477,0,collision_intent:209;hipc_entry:477;state:205
40,HIPC,gilbert_elliot,pGG_0.9_pBB_0.9,19,361,4,,,hipc_gilbert_elliott_drop_0_50_rho_0_8,,coverage,completed,,,00,215,0,92,124,0,0,0,983,1656,1230,223,760,438,545,0,collision_intent:223;hipc_clear_bundle:1;hipc_entry:544;state:215
40,HIPC,gilbert_elliot,pGG_0.9_pBB_0.9,19,361,4,,,hipc_gilbert_elliott_drop_0_50_rho_0_8,,coverage,completed,,,01,208,0,72,137,0,0,0,958,1716,1196,217,741,425,533,0,collision_intent:217;hipc_entry:533;state:208
40,HIPC,gilbert_elliot,pGG_0.9_pBB_0.9,19,361,4,,,hipc_gilbert_elliott_drop_0_50_rho_0_8,,coverage,completed,,,02,217,0,94,124,0,0,0,945,1801,1124,223,722,440,505,0,collision_intent:223;hipc_entry:505;state:217
40,HIPC,gilbert_elliot,pGG_0.9_pBB_0.9,19,361,4,,,hipc_gilbert_elliott_drop_0_50_rho_0_8,,coverage,completed,,,03,217,0,103,115,0,0,0,984,1756,1130,221,763,438,546,0,collision_intent:221;hipc_clear_bundle:1;hipc_entry:545;state:217
41,HIPC,gilbert_elliot,pGG_0.9_pBB_0.9,19,361,4,,,hipc_gilbert_elliott_drop_0_50_rho_0_8,,coverage,completed,,,00,195,0,126,70,0,0,0,956,1705,916,200,756,395,561,0,collision_intent:200;hipc_entry:561;state:195
41,HIPC,gilbert_elliot,pGG_0.9_pBB_0.9,19,361,4,,,hipc_gilbert_elliott_drop_0_50_rho_0_8,,coverage,completed,,,01,204,0,54,151,0,0,0,860,1517,1200,209,651,413,447,0,collision_intent:209;hipc_entry:447;state:204
41,HIPC,gilbert_elliot,pGG_0.9_pBB_0.9,19,361,4,,,hipc_gilbert_elliott_drop_0_50_rho_0_8,,coverage,completed,,,02,203,0,114,90,0,0,0,929,1753,896,204,725,407,522,0,collision_intent:204;hipc_clear_bundle:1;hipc_entry:521;state:203
41,HIPC,gilbert_elliot,pGG_0.9_pBB_0.9,19,361,4,,,hipc_gilbert_elliott_drop_0_50_rho_0_8,,coverage,completed,,,03,196,0,67,130,0,0,0,833,1694,1050,199,634,395,438,0,collision_intent:199;hipc_entry:438;state:196
42,HIPC,gilbert_elliot,pGG_0.9_pBB_0.9,19,361,4,,,hipc_gilbert_elliott_drop_0_50_rho_0_8,,coverage,completed,,,00,189,0,51,139,0,0,0,830,1594,992,197,633,386,444,0,collision_intent:197;hipc_entry:444;state:189
42,HIPC,gilbert_elliot,pGG_0.9_pBB_0.9,19,361,4,,,hipc_gilbert_elliott_drop_0_50_rho_0_8,,coverage,completed,,,01,189,0,88,102,0,0,0,844,1535,1037,193,651,382,462,0,collision_intent:193;hipc_clear_bundle:1;hipc_entry:461;state:189
42,HIPC,gilbert_elliot,pGG_0.9_pBB_0.9,19,361,4,,,hipc_gilbert_elliott_drop_0_50_rho_0_8,,coverage,completed,,,02,188,0,114,75,0,0,0,859,1595,963,194,665,382,477,0,collision_intent:194;hipc_entry:477;state:188
42,HIPC,gilbert_elliot,pGG_0.9_pBB_0.9,19,361,4,,,hipc_gilbert_elliott_drop_0_50_rho_0_8,,coverage,completed,,,03,185,0,108,78,0,0,0,884,1634,898,189,695,374,510,0,collision_intent:189;hipc_entry:510;state:185
43,HIPC,gilbert_elliot,pGG_0.9_pBB_0.9,19,361,4,,,hipc_gilbert_elliott_drop_0_50_rho_0_8,,coverage,completed,,,00,187,0,36,152,0,0,0,850,1569,1194,195,655,382,468,0,collision_intent:195;hipc_entry:468;state:187
43,HIPC,gilbert_elliot,pGG_0.9_pBB_0.9,19,361,4,,,hipc_gilbert_elliott_drop_0_50_rho_0_8,,coverage,completed,,,01,199,0,77,123,0,0,0,905,1609,1103,203,702,402,503,0,collision_intent:203;hipc_entry:503;state:199
43,HIPC,gilbert_elliot,pGG_0.9_pBB_0.9,19,361,4,,,hipc_gilbert_elliott_drop_0_50_rho_0_8,,coverage,completed,,,02,198,0,166,33,0,0,0,974,1633,1008,199,775,397,577,0,collision_intent:199;hipc_entry:577;state:198
43,HIPC,gilbert_elliot,pGG_0.9_pBB_0.9,19,361,4,,,hipc_gilbert_elliott_drop_0_50_rho_0_8,,coverage,completed,,,03,199,0,82,118,0,0,0,888,1642,1086,204,684,403,485,0,collision_intent:204;hipc_entry:485;state:199
44,HIPC,gilbert_elliot,pGG_0.9_pBB_0.9,19,361,4,,,hipc_gilbert_elliott_drop_0_50_rho_0_8,,coverage,completed,,,00,182,0,74,109,0,0,0,861,1515,1075,190,671,372,489,0,collision_intent:190;hipc_entry:489;state:182
44,HIPC,gilbert_elliot,pGG_0.9_pBB_0.9,19,361,4,,,hipc_gilbert_elliott_drop_0_50_rho_0_8,,coverage,completed,,,01,181,0,52,130,0,0,0,817,1635,1000,186,631,367,450,0,collision_intent:186;hipc_entry:450;state:181
44,HIPC,gilbert_elliot,pGG_0.9_pBB_0.9,19,361,4,,,hipc_gilbert_elliott_drop_0_50_rho_0_8,,coverage,completed,,,02,186,0,126,61,0,0,0,887,1704,861,189,698,375,512,0,collision_intent:189;hipc_entry:512;state:186
44,HIPC,gilbert_elliot,pGG_0.9_pBB_0.9,19,361,4,,,hipc_gilbert_elliott_drop_0_50_rho_0_8,,coverage,completed,,,03,190,0,109,82,0,0,0,887,1541,1024,191,696,381,506,0,collision_intent:191;hipc_clear_bundle:1;hipc_entry:505;state:190
45,HIPC,gilbert_elliot,pGG_0.9_pBB_0.9,19,361,4,,,hipc_gilbert_elliott_drop_0_50_rho_0_8,,coverage,completed,,,00,187,0,94,94,0,0,0,851,1651,919,189,662,376,475,0,collision_intent:189;hipc_entry:475;state:187
45,HIPC,gilbert_elliot,pGG_0.9_pBB_0.9,19,361,4,,,hipc_gilbert_elliott_drop_0_50_rho_0_8,,coverage,completed,,,01,181,0,70,112,0,0,0,813,1560,1048,191,622,372,441,0,collision_intent:191;hipc_entry:441;state:181
45,HIPC,gilbert_elliot,pGG_0.9_pBB_0.9,19,361,4,,,hipc_gilbert_elliott_drop_0_50_rho_0_8,,coverage,completed,,,02,185,0,68,118,0,0,0,857,1598,966,189,668,374,483,0,collision_intent:189;hipc_entry:483;state:185
45,HIPC,gilbert_elliot,pGG_0.9_pBB_0.9,19,361,4,,,hipc_gilbert_elliott_drop_0_50_rho_0_8,,coverage,completed,,,03,189,0,129,61,0,0,0,901,1563,958,193,708,382,519,0,collision_intent:193;hipc_entry:519;state:189
46,HIPC,gilbert_elliot,pGG_0.9_pBB_0.9,19,361,4,,,hipc_gilbert_elliott_drop_0_50_rho_0_8,,coverage,completed,,,00,190,0,158,33,0,0,0,935,1621,918,192,743,382,553,0,collision_intent:192;hipc_entry:553;state:190
46,HIPC,gilbert_elliot,pGG_0.9_pBB_0.9,19,361,4,,,hipc_gilbert_elliott_drop_0_50_rho_0_8,,coverage,completed,,,01,189,0,27,163,0,0,0,783,1581,1109,193,590,382,401,0,collision_intent:193;hipc_entry:401;state:189
46,HIPC,gilbert_elliot,pGG_0.9_pBB_0.9,19,361,4,,,hipc_gilbert_elliott_drop_0_50_rho_0_8,,coverage,completed,,,02,188,0,54,135,0,0,0,812,1607,1055,196,616,384,428,0,collision_intent:196;hipc_entry:428;state:188
46,HIPC,gilbert_elliot,pGG_0.9_pBB_0.9,19,361,4,,,hipc_gilbert_elliott_drop_0_50_rho_0_8,,coverage,completed,,,03,191,0,122,70,0,0,0,944,1518,1011,196,748,387,557,0,collision_intent:196;hipc_entry:557;state:191
47,HIPC,gilbert_elliot,pGG_0.9_pBB_0.9,19,361,4,,,hipc_gilbert_elliott_drop_0_50_rho_0_8,,coverage,completed,,,00,198,0,94,105,0,0,0,906,1677,976,204,702,402,504,0,collision_intent:204;hipc_entry:504;state:198
47,HIPC,gilbert_elliot,pGG_0.9_pBB_0.9,19,361,4,,,hipc_gilbert_elliott_drop_0_50_rho_0_8,,coverage,completed,,,01,199,0,54,146,0,0,0,870,1663,1025,201,669,400,470,0,collision_intent:201;hipc_entry:470;state:199
47,HIPC,gilbert_elliot,pGG_0.9_pBB_0.9,19,361,4,,,hipc_gilbert_elliott_drop_0_50_rho_0_8,,coverage,completed,,,02,197,0,114,84,0,0,0,909,1845,805,202,707,399,510,0,collision_intent:202;hipc_entry:510;state:197
47,HIPC,gilbert_elliot,pGG_0.9_pBB_0.9,19,361,4,,,hipc_gilbert_elliott_drop_0_50_rho_0_8,,coverage,completed,,,03,204,0,99,106,0,0,0,874,1686,999,207,667,411,463,0,collision_intent:207;hipc_clear_bundle:1;hipc_entry:462;state:204
48,HIPC,gilbert_elliot,pGG_0.9_pBB_0.9,19,361,4,,,hipc_gilbert_elliott_drop_0_50_rho_0_8,,coverage,completed,,,00,220,0,111,110,0,0,0,985,1815,1117,222,763,442,543,0,collision_intent:222;hipc_entry:543;state:220
48,HIPC,gilbert_elliot,pGG_0.9_pBB_0.9,19,361,4,,,hipc_gilbert_elliott_drop_0_50_rho_0_8,,coverage,completed,,,01,217,0,104,114,0,0,0,1025,1734,1158,222,803,439,586,0,collision_intent:222;hipc_clear_bundle:1;hipc_entry:585;state:217
48,HIPC,gilbert_elliot,pGG_0.9_pBB_0.9,19,361,4,,,hipc_gilbert_elliott_drop_0_50_rho_0_8,,coverage,completed,,,02,214,0,60,155,0,0,0,928,1850,1139,219,709,433,495,0,collision_intent:219;hipc_entry:495;state:214
48,HIPC,gilbert_elliot,pGG_0.9_pBB_0.9,19,361,4,,,hipc_gilbert_elliott_drop_0_50_rho_0_8,,coverage,completed,,,03,220,0,86,135,0,0,0,980,1662,1276,223,757,443,537,0,collision_intent:223;hipc_entry:537;state:220
49,HIPC,gilbert_elliot,pGG_0.9_pBB_0.9,19,361,4,,,hipc_gilbert_elliott_drop_0_50_rho_0_8,,coverage,completed,,,00,207,0,89,119,0,0,0,965,1711,1065,213,752,420,545,0,collision_intent:213;hipc_entry:545;state:207
49,HIPC,gilbert_elliot,pGG_0.9_pBB_0.9,19,361,4,,,hipc_gilbert_elliott_drop_0_50_rho_0_8,,coverage,completed,,,01,201,0,101,101,0,0,0,933,1672,1137,215,718,416,517,0,collision_intent:215;hipc_clear_bundle:1;hipc_entry:516;state:201
49,HIPC,gilbert_elliot,pGG_0.9_pBB_0.9,19,361,4,,,hipc_gilbert_elliott_drop_0_50_rho_0_8,,coverage,completed,,,02,212,0,87,126,0,0,0,908,1757,1076,213,695,425,483,0,collision_intent:213;hipc_entry:483;state:212
49,HIPC,gilbert_elliot,pGG_0.9_pBB_0.9,19,361,4,,,hipc_gilbert_elliott_drop_0_50_rho_0_8,,coverage,completed,,,03,211,0,84,128,0,0,0,936,1815,990,217,719,428,508,0,collision_intent:217;hipc_clear_bundle:1;hipc_entry:507;state:211
50,HIPC,gilbert_elliot,pGG_0.9_pBB_0.9,19,361,4,,,hipc_gilbert_elliott_drop_0_50_rho_0_8,,coverage,completed,,,00,190,0,82,109,0,0,0,855,1564,1029,199,656,389,466,0,collision_intent:199;hipc_entry:466;state:190
50,HIPC,gilbert_elliot,pGG_0.9_pBB_0.9,19,361,4,,,hipc_gilbert_elliott_drop_0_50_rho_0_8,,coverage,completed,,,01,191,0,103,89,0,0,0,863,1563,1022,194,669,385,478,0,collision_intent:194;hipc_entry:478;state:191
50,HIPC,gilbert_elliot,pGG_0.9_pBB_0.9,19,361,4,,,hipc_gilbert_elliott_drop_0_50_rho_0_8,,coverage,completed,,,02,187,0,65,123,0,0,0,850,1633,965,195,655,382,468,0,collision_intent:195;hipc_entry:468;state:187
50,HIPC,gilbert_elliot,pGG_0.9_pBB_0.9,19,361,4,,,hipc_gilbert_elliott_drop_0_50_rho_0_8,,coverage,completed,,,03,193,0,111,83,0,0,0,880,1521,1046,196,684,389,491,0,collision_intent:196;hipc_entry:491;state:193
51,HIPC,gilbert_elliot,pGG_0.9_pBB_0.9,19,361,4,,,hipc_gilbert_elliott_drop_0_50_rho_0_8,,coverage,completed,,,00,277,0,148,130,0,0,0,1296,1920,1501,286,1010,563,733,0,collision_intent:286;hipc_entry:733;state:277
51,HIPC,gilbert_elliot,pGG_0.9_pBB_0.9,19,361,4,,,hipc_gilbert_elliott_drop_0_50_rho_0_8,,coverage,completed,,,01,113,0,40,74,0,0,0,1064,2242,1407,115,949,228,836,0,collision_intent:115;hipc_entry:836;state:113
51,HIPC,gilbert_elliot,pGG_0.9_pBB_0.9,19,361,4,,,hipc_gilbert_elliott_drop_0_50_rho_0_8,,coverage,completed,,,02,282,0,123,160,0,0,0,1229,1782,1706,286,943,568,661,0,collision_intent:286;hipc_entry:661;state:282
51,HIPC,gilbert_elliot,pGG_0.9_pBB_0.9,19,361,4,,,hipc_gilbert_elliott_drop_0_50_rho_0_8,,coverage,completed,,,03,110,0,50,61,0,0,0,1128,2227,1361,113,1015,223,905,0,collision_intent:113;hipc_entry:905;state:110
52,HIPC,gilbert_elliot,pGG_0.9_pBB_0.9,19,361,4,,,hipc_gilbert_elliott_drop_0_50_rho_0_8,,coverage,failed,RuntimeError,Debug safety cap reached in trial 52. This usually means the allocator is stuck or returning no reachable goals.,00,,,,,,,,,,,,,,,,
52,HIPC,gilbert_elliot,pGG_0.9_pBB_0.9,19,361,4,,,hipc_gilbert_elliott_drop_0_50_rho_0_8,,coverage,failed,RuntimeError,Debug safety cap reached in trial 52. This usually means the allocator is stuck or returning no reachable goals.,01,,,,,,,,,,,,,,,,
52,HIPC,gilbert_elliot,pGG_0.9_pBB_0.9,19,361,4,,,hipc_gilbert_elliott_drop_0_50_rho_0_8,,coverage,failed,RuntimeError,Debug safety cap reached in trial 52. This usually means the allocator is stuck or returning no reachable goals.,02,,,,,,,,,,,,,,,,
52,HIPC,gilbert_elliot,pGG_0.9_pBB_0.9,19,361,4,,,hipc_gilbert_elliott_drop_0_50_rho_0_8,,coverage,failed,RuntimeError,Debug safety cap reached in trial 52. This usually means the allocator is stuck or returning no reachable goals.,03,,,,,,,,,,,,,,,,
53,HIPC,gilbert_elliot,pGG_0.9_pBB_0.9,19,361,4,,,hipc_gilbert_elliott_drop_0_50_rho_0_8,,coverage,completed,,,00,210,0,63,148,0,0,0,836,1845,1012,216,620,426,410,0,collision_intent:216;hipc_entry:410;state:210
53,HIPC,gilbert_elliot,pGG_0.9_pBB_0.9,19,361,4,,,hipc_gilbert_elliott_drop_0_50_rho_0_8,,coverage,completed,,,01,212,0,56,157,0,0,0,912,1537,1244,213,699,425,487,0,collision_intent:213;hipc_entry:487;state:212
53,HIPC,gilbert_elliot,pGG_0.9_pBB_0.9,19,361,4,,,hipc_gilbert_elliott_drop_0_50_rho_0_8,,coverage,completed,,,02,209,0,97,113,0,0,0,953,1724,1015,211,742,420,533,0,collision_intent:211;hipc_entry:533;state:209
53,HIPC,gilbert_elliot,pGG_0.9_pBB_0.9,19,361,4,,,hipc_gilbert_elliott_drop_0_50_rho_0_8,,coverage,completed,,,03,208,0,145,64,0,0,0,993,1783,918,213,780,421,572,0,collision_intent:213;hipc_entry:572;state:208
54,HIPC,gilbert_elliot,pGG_0.9_pBB_0.9,19,361,4,,,hipc_gilbert_elliott_drop_0_50_rho_0_8,,coverage,completed,,,00,260,0,68,193,0,0,0,1113,1792,1531,264,849,524,589,0,collision_intent:264;hipc_entry:589;state:260
54,HIPC,gilbert_elliot,pGG_0.9_pBB_0.9,19,361,4,,,hipc_gilbert_elliott_drop_0_50_rho_0_8,,coverage,completed,,,01,265,0,159,107,0,0,0,1209,1859,1368,268,941,533,676,0,collision_intent:268;hipc_clear_bundle:1;hipc_entry:675;state:265
54,HIPC,gilbert_elliot,pGG_0.9_pBB_0.9,19,361,4,,,hipc_gilbert_elliott_drop_0_50_rho_0_8,,coverage,completed,,,02,119,0,44,76,0,0,0,1048,1990,1397,122,926,241,807,0,collision_intent:122;hipc_entry:807;state:119
54,HIPC,gilbert_elliot,pGG_0.9_pBB_0.9,19,361,4,,,hipc_gilbert_elliott_drop_0_50_rho_0_8,,coverage,completed,,,03,122,0,90,33,0,0,0,1066,2087,1281,125,941,247,819,0,collision_intent:125;hipc_entry:819;state:122
55,HIPC,gilbert_elliot,pGG_0.9_pBB_0.9,19,361,4,,,hipc_gilbert_elliott_drop_0_50_rho_0_8,,coverage,completed,,,00,184,0,74,111,0,0,0,821,1540,985,189,632,373,448,0,collision_intent:189;hipc_entry:448;state:184
55,HIPC,gilbert_elliot,pGG_0.9_pBB_0.9,19,361,4,,,hipc_gilbert_elliott_drop_0_50_rho_0_8,,coverage,completed,,,01,183,0,82,102,0,0,0,792,1649,904,192,600,375,417,0,collision_intent:192;hipc_clear_bundle:1;hipc_entry:416;state:183
55,HIPC,gilbert_elliot,pGG_0.9_pBB_0.9,19,361,4,,,hipc_gilbert_elliott_drop_0_50_rho_0_8,,coverage,completed,,,02,187,0,82,106,0,0,0,839,1518,988,189,650,376,463,0,collision_intent:189;hipc_entry:463;state:187
55,HIPC,gilbert_elliot,pGG_0.9_pBB_0.9,19,361,4,,,hipc_gilbert_elliott_drop_0_50_rho_0_8,,coverage,completed,,,03,186,0,123,64,0,0,0,894,1471,981,187,707,373,521,0,collision_intent:187;hipc_entry:521;state:186
56,HIPC,gilbert_elliot,pGG_0.9_pBB_0.9,19,361,4,,,hipc_gilbert_elliott_drop_0_50_rho_0_8,,coverage,completed,,,00,194,0,89,106,0,0,0,930,1501,1200,202,728,396,534,0,collision_intent:202;hipc_entry:534;state:194
56,HIPC,gilbert_elliot,pGG_0.9_pBB_0.9,19,361,4,,,hipc_gilbert_elliott_drop_0_50_rho_0_8,,coverage,completed,,,01,200,0,48,153,0,0,0,828,1605,1198,204,624,404,424,0,collision_intent:204;hipc_clear_bundle:1;hipc_entry:423;state:200
56,HIPC,gilbert_elliot,pGG_0.9_pBB_0.9,19,361,4,,,hipc_gilbert_elliott_drop_0_50_rho_0_8,,coverage,completed,,,02,203,0,123,81,0,0,0,955,1627,1048,203,752,406,549,0,collision_intent:203;hipc_entry:549;state:203
56,HIPC,gilbert_elliot,pGG_0.9_pBB_0.9,19,361,4,,,hipc_gilbert_elliott_drop_0_50_rho_0_8,,coverage,completed,,,03,195,0,101,95,0,0,0,918,1778,934,203,715,398,520,0,collision_intent:203;hipc_entry:520;state:195
57,HIPC,gilbert_elliot,pGG_0.9_pBB_0.9,19,361,4,,,hipc_gilbert_elliott_drop_0_50_rho_0_8,,coverage,completed,,,00,247,0,150,98,0,0,0,1186,1829,1340,251,935,498,688,0,collision_intent:251;hipc_clear_bundle:1;hipc_entry:687;state:247
57,HIPC,gilbert_elliot,pGG_0.9_pBB_0.9,19,361,4,,,hipc_gilbert_elliott_drop_0_50_rho_0_8,,coverage,completed,,,01,248,0,75,174,0,0,0,1128,1850,1376,252,876,500,628,0,collision_intent:252;hipc_entry:628;state:248
57,HIPC,gilbert_elliot,pGG_0.9_pBB_0.9,19,361,4,,,hipc_gilbert_elliott_drop_0_50_rho_0_8,,coverage,completed,,,02,129,0,49,81,0,0,0,1021,1937,1396,134,887,263,758,0,collision_intent:134;hipc_clear_bundle:1;hipc_entry:757;state:129
57,HIPC,gilbert_elliot,pGG_0.9_pBB_0.9,19,361,4,,,hipc_gilbert_elliott_drop_0_50_rho_0_8,,coverage,completed,,,03,128,0,87,42,0,0,0,1020,2034,1300,133,887,261,759,0,collision_intent:133;hipc_entry:759;state:128
58,HIPC,gilbert_elliot,pGG_0.9_pBB_0.9,19,361,4,,,hipc_gilbert_elliott_drop_0_50_rho_0_8,,coverage,completed,,,00,204,0,87,118,0,0,0,921,1657,1135,208,713,412,509,0,collision_intent:208;hipc_clear_bundle:1;hipc_entry:508;state:204
58,HIPC,gilbert_elliot,pGG_0.9_pBB_0.9,19,361,4,,,hipc_gilbert_elliott_drop_0_50_rho_0_8,,coverage,completed,,,01,195,0,79,117,0,0,0,920,1702,1088,203,717,398,522,0,collision_intent:203;hipc_entry:522;state:195
58,HIPC,gilbert_elliot,pGG_0.9_pBB_0.9,19,361,4,,,hipc_gilbert_elliott_drop_0_50_rho_0_8,,coverage,completed,,,02,205,0,111,95,0,0,0,950,1659,1102,210,740,415,535,0,collision_intent:210;hipc_entry:535;state:205
58,HIPC,gilbert_elliot,pGG_0.9_pBB_0.9,19,361,4,,,hipc_gilbert_elliott_drop_0_50_rho_0_8,,coverage,completed,,,03,203,0,84,120,0,0,0,924,1644,1146,206,718,409,515,0,collision_intent:206;hipc_entry:515;state:203
59,HIPC,gilbert_elliot,pGG_0.9_pBB_0.9,19,361,4,,,hipc_gilbert_elliott_drop_0_50_rho_0_8,,coverage,failed,RuntimeError,Debug safety cap reached in trial 59. This usually means the allocator is stuck or returning no reachable goals.,00,,,,,,,,,,,,,,,,
59,HIPC,gilbert_elliot,pGG_0.9_pBB_0.9,19,361,4,,,hipc_gilbert_elliott_drop_0_50_rho_0_8,,coverage,failed,RuntimeError,Debug safety cap reached in trial 59. This usually means the allocator is stuck or returning no reachable goals.,01,,,,,,,,,,,,,,,,
59,HIPC,gilbert_elliot,pGG_0.9_pBB_0.9,19,361,4,,,hipc_gilbert_elliott_drop_0_50_rho_0_8,,coverage,failed,RuntimeError,Debug safety cap reached in trial 59. This usually means the allocator is stuck or returning no reachable goals.,02,,,,,,,,,,,,,,,,
59,HIPC,gilbert_elliot,pGG_0.9_pBB_0.9,19,361,4,,,hipc_gilbert_elliott_drop_0_50_rho_0_8,,coverage,failed,RuntimeError,Debug safety cap reached in trial 59. This usually means the allocator is stuck or returning no reachable goals.,03,,,,,,,,,,,,,,,,
60,HIPC,gilbert_elliot,pGG_0.9_pBB_0.9,19,361,4,,,hipc_gilbert_elliott_drop_0_50_rho_0_8,,coverage,completed,,,00,208,0,78,131,0,0,0,941,1614,1176,210,731,418,523,0,collision_intent:210;hipc_clear_bundle:1;hipc_entry:522;state:208
60,HIPC,gilbert_elliot,pGG_0.9_pBB_0.9,19,361,4,,,hipc_gilbert_elliott_drop_0_50_rho_0_8,,coverage,completed,,,01,208,0,147,62,0,0,0,1004,1625,1103,213,791,421,583,0,collision_intent:213;hipc_entry:583;state:208
60,HIPC,gilbert_elliot,pGG_0.9_pBB_0.9,19,361,4,,,hipc_gilbert_elliott_drop_0_50_rho_0_8,,coverage,completed,,,02,207,0,44,164,0,0,0,868,1662,1201,209,659,416,452,0,collision_intent:209;hipc_entry:452;state:207
60,HIPC,gilbert_elliot,pGG_0.9_pBB_0.9,19,361,4,,,hipc_gilbert_elliott_drop_0_50_rho_0_8,,coverage,completed,,,03,213,0,92,122,0,0,0,919,1771,1041,216,703,429,490,0,collision_intent:216;hipc_entry:490;state:213
61,HIPC,gilbert_elliot,pGG_0.9_pBB_0.9,19,361,4,,,hipc_gilbert_elliott_drop_0_50_rho_0_8,,coverage,completed,,,00,192,0,58,135,0,0,0,951,1671,1228,198,753,390,561,0,collision_intent:198;hipc_entry:561;state:192
61,HIPC,gilbert_elliot,pGG_0.9_pBB_0.9,19,361,4,,,hipc_gilbert_elliott_drop_0_50_rho_0_8,,coverage,completed,,,01,194,0,83,112,0,0,0,940,1896,1015,202,738,396,544,0,collision_intent:202;hipc_entry:544;state:194
61,HIPC,gilbert_elliot,pGG_0.9_pBB_0.9,19,361,4,,,hipc_gilbert_elliott_drop_0_50_rho_0_8,,coverage,completed,,,02,217,0,100,118,0,0,0,975,1753,1122,220,755,437,538,0,collision_intent:220;hipc_clear_bundle:1;hipc_entry:537;state:217
61,HIPC,gilbert_elliot,pGG_0.9_pBB_0.9,19,361,4,,,hipc_gilbert_elliott_drop_0_50_rho_0_8,,coverage,completed,,,03,213,0,120,94,0,0,0,985,1762,1104,219,766,432,553,0,collision_intent:219;hipc_clear_bundle:1;hipc_entry:552;state:213
62,HIPC,gilbert_elliot,pGG_0.9_pBB_0.9,19,361,4,,,hipc_gilbert_elliott_drop_0_50_rho_0_8,,coverage,completed,,,00,214,0,84,131,0,0,0,961,1631,1218,219,742,433,528,0,collision_intent:219;hipc_entry:528;state:214
62,HIPC,gilbert_elliot,pGG_0.9_pBB_0.9,19,361,4,,,hipc_gilbert_elliott_drop_0_50_rho_0_8,,coverage,completed,,,01,116,0,53,64,0,0,0,901,1747,1163,118,783,234,667,0,collision_intent:118;hipc_clear_bundle:1;hipc_entry:666;state:116
62,HIPC,gilbert_elliot,pGG_0.9_pBB_0.9,19,361,4,,,hipc_gilbert_elliott_drop_0_50_rho_0_8,,coverage,completed,,,02,115,0,71,45,0,0,0,908,1732,1171,118,790,233,675,0,collision_intent:118;hipc_entry:675;state:115
62,HIPC,gilbert_elliot,pGG_0.9_pBB_0.9,19,361,4,,,hipc_gilbert_elliott_drop_0_50_rho_0_8,,coverage,completed,,,03,215,0,153,63,0,0,0,1041,1734,1036,217,824,432,609,0,collision_intent:217;hipc_entry:609;state:215
63,HIPC,gilbert_elliot,pGG_0.9_pBB_0.9,19,361,4,,,hipc_gilbert_elliott_drop_0_50_rho_0_8,,coverage,completed,,,00,204,0,103,102,0,0,0,936,1700,1047,207,729,411,525,0,collision_intent:207;hipc_entry:525;state:204
63,HIPC,gilbert_elliot,pGG_0.9_pBB_0.9,19,361,4,,,hipc_gilbert_elliott_drop_0_50_rho_0_8,,coverage,completed,,,01,171,0,87,85,0,0,0,922,1668,1093,177,745,348,574,0,collision_intent:177;hipc_entry:574;state:171
63,HIPC,gilbert_elliot,pGG_0.9_pBB_0.9,19,361,4,,,hipc_gilbert_elliott_drop_0_50_rho_0_8,,coverage,completed,,,02,202,0,87,116,0,0,0,875,1725,1082,208,667,410,465,0,collision_intent:208;hipc_entry:465;state:202
63,HIPC,gilbert_elliot,pGG_0.9_pBB_0.9,19,361,4,,,hipc_gilbert_elliott_drop_0_50_rho_0_8,,coverage,completed,,,03,168,0,84,85,0,0,0,950,1681,1052,173,777,341,609,0,collision_intent:173;hipc_clear_bundle:1;hipc_entry:608;state:168
64,HIPC,gilbert_elliot,pGG_0.9_pBB_0.9,19,361,4,,,hipc_gilbert_elliott_drop_0_50_rho_0_8,,coverage,completed,,,00,80,0,42,39,0,0,0,1101,2147,1377,85,1016,165,936,0,collision_intent:85;hipc_entry:936;state:80
64,HIPC,gilbert_elliot,pGG_0.9_pBB_0.9,19,361,4,,,hipc_gilbert_elliott_drop_0_50_rho_0_8,,coverage,completed,,,01,254,0,135,120,0,0,0,1233,1821,1572,262,971,516,717,0,collision_intent:262;hipc_entry:717;state:254
64,HIPC,gilbert_elliot,pGG_0.9_pBB_0.9,19,361,4,,,hipc_gilbert_elliott_drop_0_50_rho_0_8,,coverage,completed,,,02,81,0,48,34,0,0,0,1065,2038,1523,84,981,165,900,0,collision_intent:84;hipc_entry:900;state:81
64,HIPC,gilbert_elliot,pGG_0.9_pBB_0.9,19,361,4,,,hipc_gilbert_elliott_drop_0_50_rho_0_8,,coverage,completed,,,03,239,0,136,104,0,0,0,1227,1946,1452,245,982,484,743,0,collision_intent:245;hipc_entry:743;state:239
65,HIPC,gilbert_elliot,pGG_0.9_pBB_0.9,19,361,4,,,hipc_gilbert_elliott_drop_0_50_rho_0_8,,coverage,completed,,,00,207,0,109,99,0,0,0,931,1756,988,209,722,416,515,0,collision_intent:209;hipc_entry:515;state:207
65,HIPC,gilbert_elliot,pGG_0.9_pBB_0.9,19,361,4,,,hipc_gilbert_elliott_drop_0_50_rho_0_8,,coverage,completed,,,01,199,0,62,138,0,0,0,916,1619,1140,207,709,406,510,0,collision_intent:207;hipc_entry:510;state:199
65,HIPC,gilbert_elliot,pGG_0.9_pBB_0.9,19,361,4,,,hipc_gilbert_elliott_drop_0_50_rho_0_8,,coverage,completed,,,02,199,0,55,145,0,0,0,876,1676,1123,210,666,409,467,0,collision_intent:210;hipc_clear_bundle:1;hipc_entry:466;state:199
65,HIPC,gilbert_elliot,pGG_0.9_pBB_0.9,19,361,4,,,hipc_gilbert_elliott_drop_0_50_rho_0_8,,coverage,completed,,,03,202,0,135,68,0,0,0,953,1689,1034,208,745,410,543,0,collision_intent:208;hipc_entry:543;state:202
66,HIPC,gilbert_elliot,pGG_0.9_pBB_0.9,19,361,4,,,hipc_gilbert_elliott_drop_0_50_rho_0_8,,coverage,completed,,,00,76,0,33,44,0,0,0,1075,2126,1575,82,993,158,917,0,collision_intent:82;hipc_entry:917;state:76
66,HIPC,gilbert_elliot,pGG_0.9_pBB_0.9,19,361,4,,,hipc_gilbert_elliott_drop_0_50_rho_0_8,,coverage,completed,,,01,285,0,187,99,0,0,0,1285,2051,1441,289,996,574,711,0,collision_intent:289;hipc_entry:711;state:285
66,HIPC,gilbert_elliot,pGG_0.9_pBB_0.9,19,361,4,,,hipc_gilbert_elliott_drop_0_50_rho_0_8,,coverage,completed,,,02,282,0,112,171,0,0,0,1283,1977,1517,287,996,569,714,0,collision_intent:287;hipc_entry:714;state:282
66,HIPC,gilbert_elliot,pGG_0.9_pBB_0.9,19,361,4,,,hipc_gilbert_elliott_drop_0_50_rho_0_8,,coverage,completed,,,03,75,0,29,47,0,0,0,1134,2155,1487,78,1056,153,981,0,collision_intent:78;hipc_entry:981;state:75
67,HIPC,gilbert_elliot,pGG_0.9_pBB_0.9,19,361,4,,,hipc_gilbert_elliott_drop_0_50_rho_0_8,,coverage,completed,,,00,209,0,95,115,0,0,0,984,1646,1063,214,770,423,561,0,collision_intent:214;hipc_entry:561;state:209
67,HIPC,gilbert_elliot,pGG_0.9_pBB_0.9,19,361,4,,,hipc_gilbert_elliott_drop_0_50_rho_0_8,,coverage,completed,,,01,206,0,110,97,0,0,0,935,1823,936,212,723,418,517,0,collision_intent:212;hipc_entry:517;state:206
67,HIPC,gilbert_elliot,pGG_0.9_pBB_0.9,19,361,4,,,hipc_gilbert_elliott_drop_0_50_rho_0_8,,coverage,completed,,,02,210,0,71,140,0,0,0,830,1688,1176,213,617,423,407,0,collision_intent:213;hipc_entry:407;state:210
67,HIPC,gilbert_elliot,pGG_0.9_pBB_0.9,19,361,4,,,hipc_gilbert_elliott_drop_0_50_rho_0_8,,coverage,completed,,,03,212,0,85,128,0,0,0,945,1774,975,213,732,425,520,0,collision_intent:213;hipc_entry:520;state:212
68,HIPC,gilbert_elliot,pGG_0.9_pBB_0.9,19,361,4,,,hipc_gilbert_elliott_drop_0_50_rho_0_8,,coverage,completed,,,00,283,0,186,98,0,0,0,1316,1935,1385,283,1033,566,750,0,collision_intent:283;hipc_entry:750;state:283
68,HIPC,gilbert_elliot,pGG_0.9_pBB_0.9,19,361,4,,,hipc_gilbert_elliott_drop_0_50_rho_0_8,,coverage,completed,,,01,9,0,8,2,0,0,0,1053,2159,1424,11,1042,20,1033,0,collision_intent:11;hipc_entry:1033;state:9
68,HIPC,gilbert_elliot,pGG_0.9_pBB_0.9,19,361,4,,,hipc_gilbert_elliott_drop_0_50_rho_0_8,,coverage,completed,,,02,10,0,9,2,0,0,0,990,2033,1613,12,978,22,968,0,collision_intent:12;hipc_entry:968;state:10
68,HIPC,gilbert_elliot,pGG_0.9_pBB_0.9,19,361,4,,,hipc_gilbert_elliott_drop_0_50_rho_0_8,,coverage,completed,,,03,284,0,158,127,0,0,0,1277,1794,1565,286,991,570,707,0,collision_intent:286;hipc_entry:707;state:284
69,HIPC,gilbert_elliot,pGG_0.9_pBB_0.9,19,361,4,,,hipc_gilbert_elliott_drop_0_50_rho_0_8,,coverage,completed,,,00,183,0,75,109,0,0,0,847,1523,1089,186,661,369,478,0,collision_intent:186;hipc_entry:478;state:183
69,HIPC,gilbert_elliot,pGG_0.9_pBB_0.9,19,361,4,,,hipc_gilbert_elliott_drop_0_50_rho_0_8,,coverage,completed,,,01,188,0,113,76,0,0,0,874,1628,957,192,682,380,494,0,collision_intent:192;hipc_clear_bundle:1;hipc_entry:493;state:188
69,HIPC,gilbert_elliot,pGG_0.9_pBB_0.9,19,361,4,,,hipc_gilbert_elliott_drop_0_50_rho_0_8,,coverage,completed,,,02,176,0,112,65,0,0,0,881,1672,907,180,701,356,525,0,collision_intent:180;hipc_entry:525;state:176
69,HIPC,gilbert_elliot,pGG_0.9_pBB_0.9,19,361,4,,,hipc_gilbert_elliott_drop_0_50_rho_0_8,,coverage,completed,,,03,176,0,61,116,0,0,0,858,1604,998,180,678,356,502,0,collision_intent:180;hipc_entry:502;state:176
70,HIPC,gilbert_elliot,pGG_0.9_pBB_0.9,19,361,4,,,hipc_gilbert_elliott_drop_0_50_rho_0_8,,coverage,completed,,,00,218,0,90,129,0,0,0,993,1894,1200,233,760,451,542,0,collision_intent:233;hipc_entry:542;state:218
70,HIPC,gilbert_elliot,pGG_0.9_pBB_0.9,19,361,4,,,hipc_gilbert_elliott_drop_0_50_rho_0_8,,coverage,completed,,,01,229,0,108,122,0,0,0,1025,1856,1205,242,783,471,554,0,collision_intent:242;hipc_entry:554;state:229
70,HIPC,gilbert_elliot,pGG_0.9_pBB_0.9,19,361,4,,,hipc_gilbert_elliott_drop_0_50_rho_0_8,,coverage,completed,,,02,229,0,57,173,0,0,0,1023,1792,1271,234,789,463,560,0,collision_intent:234;hipc_entry:560;state:229
70,HIPC,gilbert_elliot,pGG_0.9_pBB_0.9,19,361,4,,,hipc_gilbert_elliott_drop_0_50_rho_0_8,,coverage,completed,,,03,229,0,106,124,0,0,0,1046,1799,1241,241,805,470,576,0,collision_intent:241;hipc_clear_bundle:1;hipc_entry:575;state:229
71,HIPC,gilbert_elliot,pGG_0.9_pBB_0.9,19,361,4,,,hipc_gilbert_elliott_drop_0_50_rho_0_8,,coverage,completed,,,00,214,0,63,152,0,0,0,958,1761,1139,225,733,439,519,0,collision_intent:225;hipc_entry:519;state:214
71,HIPC,gilbert_elliot,pGG_0.9_pBB_0.9,19,361,4,,,hipc_gilbert_elliott_drop_0_50_rho_0_8,,coverage,completed,,,01,216,0,62,155,0,0,0,943,1783,1132,221,722,437,506,0,collision_intent:221;hipc_entry:506;state:216
71,HIPC,gilbert_elliot,pGG_0.9_pBB_0.9,19,361,4,,,hipc_gilbert_elliott_drop_0_50_rho_0_8,,coverage,completed,,,02,224,0,142,83,0,0,0,986,1818,1054,225,761,449,537,0,collision_intent:225;hipc_entry:537;state:224
71,HIPC,gilbert_elliot,pGG_0.9_pBB_0.9,19,361,4,,,hipc_gilbert_elliott_drop_0_50_rho_0_8,,coverage,completed,,,03,217,0,94,124,0,0,0,971,1770,1117,220,751,437,534,0,collision_intent:220;hipc_entry:534;state:217
72,HIPC,gilbert_elliot,pGG_0.9_pBB_0.9,19,361,4,,,hipc_gilbert_elliott_drop_0_50_rho_0_8,,coverage,completed,,,00,241,0,104,138,0,0,0,1074,1637,1483,247,827,488,586,0,collision_intent:247;hipc_entry:586;state:241
72,HIPC,gilbert_elliot,pGG_0.9_pBB_0.9,19,361,4,,,hipc_gilbert_elliott_drop_0_50_rho_0_8,,coverage,completed,,,01,69,0,34,36,0,0,0,1007,2030,1157,71,936,140,867,0,collision_intent:71;hipc_entry:867;state:69
72,HIPC,gilbert_elliot,pGG_0.9_pBB_0.9,19,361,4,,,hipc_gilbert_elliott_drop_0_50_rho_0_8,,coverage,completed,,,02,66,0,39,28,0,0,0,912,1994,1289,70,842,136,776,0,collision_intent:70;hipc_entry:776;state:66
72,HIPC,gilbert_elliot,pGG_0.9_pBB_0.9,19,361,4,,,hipc_gilbert_elliott_drop_0_50_rho_0_8,,coverage,completed,,,03,244,0,184,61,0,0,0,1202,1718,1275,247,955,491,711,0,collision_intent:247;hipc_entry:711;state:244
73,HIPC,gilbert_elliot,pGG_0.9_pBB_0.9,19,361,4,,,hipc_gilbert_elliott_drop_0_50_rho_0_8,,coverage,completed,,,00,184,0,74,111,0,0,0,860,1575,1018,189,671,373,487,0,collision_intent:189;hipc_entry:487;state:184
73,HIPC,gilbert_elliot,pGG_0.9_pBB_0.9,19,361,4,,,hipc_gilbert_elliott_drop_0_50_rho_0_8,,coverage,completed,,,01,188,0,78,111,0,0,0,819,1590,1044,193,626,381,438,0,collision_intent:193;hipc_clear_bundle:1;hipc_entry:437;state:188
73,HIPC,gilbert_elliot,pGG_0.9_pBB_0.9,19,361,4,,,hipc_gilbert_elliott_drop_0_50_rho_0_8,,coverage,completed,,,02,187,0,132,56,0,0,0,893,1507,1053,190,703,377,516,0,collision_intent:190;hipc_entry:516;state:187
73,HIPC,gilbert_elliot,pGG_0.9_pBB_0.9,19,361,4,,,hipc_gilbert_elliott_drop_0_50_rho_0_8,,coverage,completed,,,03,186,0,77,110,0,0,0,881,1590,981,190,691,376,505,0,collision_intent:190;hipc_clear_bundle:1;hipc_entry:504;state:186
74,HIPC,gilbert_elliot,pGG_0.9_pBB_0.9,19,361,4,,,hipc_gilbert_elliott_drop_0_50_rho_0_8,,coverage,completed,,,00,202,0,113,90,0,0,0,964,1756,1028,207,757,409,555,0,collision_intent:207;hipc_entry:555;state:202
74,HIPC,gilbert_elliot,pGG_0.9_pBB_0.9,19,361,4,,,hipc_gilbert_elliott_drop_0_50_rho_0_8,,coverage,completed,,,01,207,0,101,107,0,0,0,964,1736,1049,212,752,419,545,0,collision_intent:212;hipc_clear_bundle:2;hipc_entry:543;state:207
74,HIPC,gilbert_elliot,pGG_0.9_pBB_0.9,19,361,4,,,hipc_gilbert_elliott_drop_0_50_rho_0_8,,coverage,completed,,,02,206,0,62,145,0,0,0,892,1648,1209,207,685,413,479,0,collision_intent:207;hipc_entry:479;state:206
74,HIPC,gilbert_elliot,pGG_0.9_pBB_0.9,19,361,4,,,hipc_gilbert_elliott_drop_0_50_rho_0_8,,coverage,completed,,,03,208,0,85,124,0,0,0,930,1696,1122,209,721,417,513,0,collision_intent:209;hipc_clear_bundle:1;hipc_entry:512;state:208
75,HIPC,gilbert_elliot,pGG_0.9_pBB_0.9,19,361,4,,,hipc_gilbert_elliott_drop_0_50_rho_0_8,,coverage,completed,,,00,196,0,73,124,0,0,0,869,1649,1002,201,668,397,472,0,collision_intent:201;hipc_entry:472;state:196
75,HIPC,gilbert_elliot,pGG_0.9_pBB_0.9,19,361,4,,,hipc_gilbert_elliott_drop_0_50_rho_0_8,,coverage,completed,,,01,196,0,115,82,0,0,0,898,1675,947,198,700,394,504,0,collision_intent:198;hipc_entry:504;state:196
75,HIPC,gilbert_elliot,pGG_0.9_pBB_0.9,19,361,4,,,hipc_gilbert_elliott_drop_0_50_rho_0_8,,coverage,completed,,,02,196,0,91,106,0,0,0,893,1608,1019,199,694,395,498,0,collision_intent:199;hipc_clear_bundle:1;hipc_entry:497;state:196
75,HIPC,gilbert_elliot,pGG_0.9_pBB_0.9,19,361,4,,,hipc_gilbert_elliott_drop_0_50_rho_0_8,,coverage,completed,,,03,197,0,82,116,0,0,0,860,1709,950,202,658,399,461,0,collision_intent:202;hipc_entry:461;state:197
76,HIPC,gilbert_elliot,pGG_0.9_pBB_0.9,19,361,4,,,hipc_gilbert_elliott_drop_0_50_rho_0_8,,coverage,completed,,,00,67,0,54,14,0,0,0,1104,2108,1491,71,1033,138,966,0,collision_intent:71;hipc_entry:966;state:67
76,HIPC,gilbert_elliot,pGG_0.9_pBB_0.9,19,361,4,,,hipc_gilbert_elliott_drop_0_50_rho_0_8,,coverage,completed,,,01,70,0,25,46,0,0,0,1058,2160,1486,74,984,144,914,0,collision_intent:74;hipc_entry:914;state:70
76,HIPC,gilbert_elliot,pGG_0.9_pBB_0.9,19,361,4,,,hipc_gilbert_elliott_drop_0_50_rho_0_8,,coverage,completed,,,02,282,0,80,203,0,0,0,1223,1872,1609,284,939,566,657,0,collision_intent:284;hipc_entry:657;state:282
76,HIPC,gilbert_elliot,pGG_0.9_pBB_0.9,19,361,4,,,hipc_gilbert_elliott_drop_0_50_rho_0_8,,coverage,completed,,,03,284,0,202,83,0,0,0,1319,1931,1453,289,1030,573,746,0,collision_intent:289;hipc_entry:746;state:284
77,HIPC,gilbert_elliot,pGG_0.9_pBB_0.9,19,361,4,,,hipc_gilbert_elliott_drop_0_50_rho_0_8,,coverage,completed,,,00,9,0,7,3,0,0,0,1234,2342,1741,13,1221,22,1212,0,collision_intent:13;hipc_entry:1212;state:9
77,HIPC,gilbert_elliot,pGG_0.9_pBB_0.9,19,361,4,,,hipc_gilbert_elliott_drop_0_50_rho_0_8,,coverage,completed,,,01,308,0,157,152,0,0,0,1399,2077,1841,309,1090,617,782,0,collision_intent:309;hipc_clear_bundle:1;hipc_entry:781;state:308
77,HIPC,gilbert_elliot,pGG_0.9_pBB_0.9,19,361,4,,,hipc_gilbert_elliott_drop_0_50_rho_0_8,,coverage,completed,,,02,10,0,10,1,0,0,0,1166,2427,1725,13,1153,23,1143,0,collision_intent:13;hipc_entry:1143;state:10
77,HIPC,gilbert_elliot,pGG_0.9_pBB_0.9,19,361,4,,,hipc_gilbert_elliott_drop_0_50_rho_0_8,,coverage,completed,,,03,351,0,187,165,0,0,0,1519,2035,1764,351,1168,702,817,0,collision_intent:351;hipc_entry:817;state:351
78,HIPC,gilbert_elliot,pGG_0.9_pBB_0.9,19,361,4,,,hipc_gilbert_elliott_drop_0_50_rho_0_8,,coverage,completed,,,00,216,0,76,141,0,0,0,948,1683,1177,217,731,433,515,0,collision_intent:217;hipc_entry:515;state:216
78,HIPC,gilbert_elliot,pGG_0.9_pBB_0.9,19,361,4,,,hipc_gilbert_elliott_drop_0_50_rho_0_8,,coverage,completed,,,01,213,0,102,112,0,0,0,944,1772,1091,220,724,433,511,0,collision_intent:220;hipc_entry:511;state:213
78,HIPC,gilbert_elliot,pGG_0.9_pBB_0.9,19,361,4,,,hipc_gilbert_elliott_drop_0_50_rho_0_8,,coverage,completed,,,02,212,0,122,91,0,0,0,978,1803,1027,216,762,428,550,0,collision_intent:216;hipc_entry:550;state:212
78,HIPC,gilbert_elliot,pGG_0.9_pBB_0.9,19,361,4,,,hipc_gilbert_elliott_drop_0_50_rho_0_8,,coverage,completed,,,03,215,0,61,155,0,0,0,938,1680,1189,218,720,433,505,0,collision_intent:218;hipc_entry:505;state:215
79,HIPC,gilbert_elliot,pGG_0.9_pBB_0.9,19,361,4,,,hipc_gilbert_elliott_drop_0_50_rho_0_8,,coverage,completed,,,00,39,0,23,17,0,0,0,1063,2047,1470,46,1017,85,978,0,collision_intent:46;hipc_entry:978;state:39
79,HIPC,gilbert_elliot,pGG_0.9_pBB_0.9,19,361,4,,,hipc_gilbert_elliott_drop_0_50_rho_0_8,,coverage,completed,,,01,38,0,18,21,0,0,0,987,2196,1398,41,946,79,908,0,collision_intent:41;hipc_entry:908;state:38
79,HIPC,gilbert_elliot,pGG_0.9_pBB_0.9,19,361,4,,,hipc_gilbert_elliott_drop_0_50_rho_0_8,,coverage,completed,,,02,277,0,198,80,0,0,0,1294,1989,1297,279,1015,556,738,0,collision_intent:279;hipc_entry:738;state:277
79,HIPC,gilbert_elliot,pGG_0.9_pBB_0.9,19,361,4,,,hipc_gilbert_elliott_drop_0_50_rho_0_8,,coverage,completed,,,03,282,0,122,161,0,0,0,1237,1879,1465,282,955,564,673,0,collision_intent:282;hipc_entry:673;state:282
80,HIPC,gilbert_elliot,pGG_0.9_pBB_0.9,19,361,4,,,hipc_gilbert_elliott_drop_0_50_rho_0_8,,coverage,completed,,,00,226,0,106,121,0,0,0,987,1924,1045,232,755,458,529,0,collision_intent:232;hipc_entry:529;state:226
80,HIPC,gilbert_elliot,pGG_0.9_pBB_0.9,19,361,4,,,hipc_gilbert_elliott_drop_0_50_rho_0_8,,coverage,completed,,,01,222,0,44,179,0,0,0,949,1859,1149,232,717,454,495,0,collision_intent:232;hipc_entry:495;state:222
80,HIPC,gilbert_elliot,pGG_0.9_pBB_0.9,19,361,4,,,hipc_gilbert_elliott_drop_0_50_rho_0_8,,coverage,completed,,,02,235,0,115,121,0,0,0,1024,1973,959,237,787,472,552,0,collision_intent:237;hipc_entry:552;state:235
80,HIPC,gilbert_elliot,pGG_0.9_pBB_0.9,19,361,4,,,hipc_gilbert_elliott_drop_0_50_rho_0_8,,coverage,completed,,,03,228,0,96,133,0,0,0,997,1860,1100,233,764,461,536,0,collision_intent:233;hipc_entry:536;state:228
81,HIPC,gilbert_elliot,pGG_0.9_pBB_0.9,19,361,4,,,hipc_gilbert_elliott_drop_0_50_rho_0_8,,coverage,completed,,,00,199,0,76,124,0,0,0,891,1632,1011,200,691,399,492,0,collision_intent:200;hipc_entry:492;state:199
81,HIPC,gilbert_elliot,pGG_0.9_pBB_0.9,19,361,4,,,hipc_gilbert_elliott_drop_0_50_rho_0_8,,coverage,completed,,,01,197,0,62,136,0,0,0,859,1600,1074,201,658,398,461,0,collision_intent:201;hipc_entry:461;state:197
81,HIPC,gilbert_elliot,pGG_0.9_pBB_0.9,19,361,4,,,hipc_gilbert_elliott_drop_0_50_rho_0_8,,coverage,completed,,,02,196,0,134,63,0,0,0,918,1598,1018,199,719,395,523,0,collision_intent:199;hipc_entry:523;state:196
81,HIPC,gilbert_elliot,pGG_0.9_pBB_0.9,19,361,4,,,hipc_gilbert_elliott_drop_0_50_rho_0_8,,coverage,completed,,,03,199,0,89,111,0,0,0,866,1665,1002,201,665,400,466,0,collision_intent:201;hipc_entry:466;state:199
82,HIPC,gilbert_elliot,pGG_0.9_pBB_0.9,19,361,4,,,hipc_gilbert_elliott_drop_0_50_rho_0_8,,coverage,completed,,,00,218,0,84,135,0,0,0,936,1839,1079,222,714,440,496,0,collision_intent:222;hipc_entry:496;state:218
82,HIPC,gilbert_elliot,pGG_0.9_pBB_0.9,19,361,4,,,hipc_gilbert_elliott_drop_0_50_rho_0_8,,coverage,completed,,,01,221,0,69,153,0,0,0,924,1752,1177,222,702,443,481,0,collision_intent:222;hipc_entry:481;state:221
82,HIPC,gilbert_elliot,pGG_0.9_pBB_0.9,19,361,4,,,hipc_gilbert_elliott_drop_0_50_rho_0_8,,coverage,completed,,,02,217,0,68,150,0,0,0,966,1756,1131,223,743,440,526,0,collision_intent:223;hipc_entry:526;state:217
82,HIPC,gilbert_elliot,pGG_0.9_pBB_0.9,19,361,4,,,hipc_gilbert_elliott_drop_0_50_rho_0_8,,coverage,completed,,,03,224,0,140,85,0,0,0,1028,1811,1014,225,803,449,579,0,collision_intent:225;hipc_entry:579;state:224
83,HIPC,gilbert_elliot,pGG_0.9_pBB_0.9,19,361,4,,,hipc_gilbert_elliott_drop_0_50_rho_0_8,,coverage,completed,,,00,170,0,98,73,0,0,0,795,1514,908,176,619,346,449,0,collision_intent:176;hipc_clear_bundle:1;hipc_entry:448;state:170
83,HIPC,gilbert_elliot,pGG_0.9_pBB_0.9,19,361,4,,,hipc_gilbert_elliott_drop_0_50_rho_0_8,,coverage,completed,,,01,161,0,60,102,0,0,0,817,1404,995,166,651,327,490,0,collision_intent:166;hipc_clear_bundle:1;hipc_entry:489;state:161
83,HIPC,gilbert_elliot,pGG_0.9_pBB_0.9,19,361,4,,,hipc_gilbert_elliott_drop_0_50_rho_0_8,,coverage,completed,,,02,164,0,81,84,0,0,0,787,1427,1002,171,616,335,452,0,collision_intent:171;hipc_entry:452;state:164
83,HIPC,gilbert_elliot,pGG_0.9_pBB_0.9,19,361,4,,,hipc_gilbert_elliott_drop_0_50_rho_0_8,,coverage,completed,,,03,174,0,122,53,0,0,0,818,1426,973,176,642,350,468,0,collision_intent:176;hipc_entry:468;state:174
84,HIPC,gilbert_elliot,pGG_0.9_pBB_0.9,19,361,4,,,hipc_gilbert_elliott_drop_0_50_rho_0_8,,coverage,failed,RuntimeError,Debug safety cap reached in trial 84. This usually means the allocator is stuck or returning no reachable goals.,00,,,,,,,,,,,,,,,,
84,HIPC,gilbert_elliot,pGG_0.9_pBB_0.9,19,361,4,,,hipc_gilbert_elliott_drop_0_50_rho_0_8,,coverage,failed,RuntimeError,Debug safety cap reached in trial 84. This usually means the allocator is stuck or returning no reachable goals.,01,,,,,,,,,,,,,,,,
84,HIPC,gilbert_elliot,pGG_0.9_pBB_0.9,19,361,4,,,hipc_gilbert_elliott_drop_0_50_rho_0_8,,coverage,failed,RuntimeError,Debug safety cap reached in trial 84. This usually means the allocator is stuck or returning no reachable goals.,02,,,,,,,,,,,,,,,,
84,HIPC,gilbert_elliot,pGG_0.9_pBB_0.9,19,361,4,,,hipc_gilbert_elliott_drop_0_50_rho_0_8,,coverage,failed,RuntimeError,Debug safety cap reached in trial 84. This usually means the allocator is stuck or returning no reachable goals.,03,,,,,,,,,,,,,,,,
85,HIPC,gilbert_elliot,pGG_0.9_pBB_0.9,19,361,4,,,hipc_gilbert_elliott_drop_0_50_rho_0_8,,coverage,completed,,,00,277,0,155,123,0,0,0,1304,1732,1568,280,1024,557,747,0,collision_intent:280;hipc_entry:747;state:277
85,HIPC,gilbert_elliot,pGG_0.9_pBB_0.9,19,361,4,,,hipc_gilbert_elliott_drop_0_50_rho_0_8,,coverage,completed,,,01,7,0,8,0,0,0,0,977,2022,1605,9,968,16,961,0,collision_intent:9;hipc_clear_bundle:1;hipc_entry:960;state:7
85,HIPC,gilbert_elliot,pGG_0.9_pBB_0.9,19,361,4,,,hipc_gilbert_elliott_drop_0_50_rho_0_8,,coverage,completed,,,02,278,0,192,87,0,0,0,1330,1774,1500,284,1046,562,768,0,collision_intent:284;hipc_clear_bundle:1;hipc_entry:767;state:278
85,HIPC,gilbert_elliot,pGG_0.9_pBB_0.9,19,361,4,,,hipc_gilbert_elliott_drop_0_50_rho_0_8,,coverage,completed,,,03,10,0,6,5,0,0,0,993,2180,1430,11,982,21,972,0,collision_intent:11;hipc_entry:972;state:10
86,HIPC,gilbert_elliot,pGG_0.9_pBB_0.9,19,361,4,,,hipc_gilbert_elliott_drop_0_50_rho_0_8,,coverage,completed,,,00,191,0,96,96,0,0,0,876,1682,963,195,681,386,490,0,collision_intent:195;hipc_clear_bundle:1;hipc_entry:489;state:191
86,HIPC,gilbert_elliot,pGG_0.9_pBB_0.9,19,361,4,,,hipc_gilbert_elliott_drop_0_50_rho_0_8,,coverage,completed,,,01,194,0,128,67,0,0,0,902,1623,996,195,707,389,513,0,collision_intent:195;hipc_entry:513;state:194
86,HIPC,gilbert_elliot,pGG_0.9_pBB_0.9,19,361,4,,,hipc_gilbert_elliott_drop_0_50_rho_0_8,,coverage,completed,,,02,186,0,52,135,0,0,0,854,1594,1073,191,663,377,477,0,collision_intent:191;hipc_entry:477;state:186
86,HIPC,gilbert_elliot,pGG_0.9_pBB_0.9,19,361,4,,,hipc_gilbert_elliott_drop_0_50_rho_0_8,,coverage,completed,,,03,190,0,85,106,0,0,0,889,1521,1111,193,696,383,506,0,collision_intent:193;hipc_entry:506;state:190
87,HIPC,gilbert_elliot,pGG_0.9_pBB_0.9,19,361,4,,,hipc_gilbert_elliott_drop_0_50_rho_0_8,,coverage,completed,,,00,231,0,88,144,0,0,0,1033,1765,1233,232,801,463,570,0,collision_intent:232;hipc_entry:570;state:231
87,HIPC,gilbert_elliot,pGG_0.9_pBB_0.9,19,361,4,,,hipc_gilbert_elliott_drop_0_50_rho_0_8,,coverage,completed,,,01,223,0,101,123,0,0,0,1014,1928,1090,233,781,456,558,0,collision_intent:233;hipc_clear_bundle:1;hipc_entry:557;state:223
87,HIPC,gilbert_elliot,pGG_0.9_pBB_0.9,19,361,4,,,hipc_gilbert_elliott_drop_0_50_rho_0_8,,coverage,completed,,,02,167,0,75,93,0,0,0,998,1817,1216,171,827,338,660,0,collision_intent:171;hipc_entry:660;state:167
87,HIPC,gilbert_elliot,pGG_0.9_pBB_0.9,19,361,4,,,hipc_gilbert_elliott_drop_0_50_rho_0_8,,coverage,completed,,,03,170,0,97,74,0,0,0,987,1868,1177,177,810,347,640,0,collision_intent:177;hipc_clear_bundle:1;hipc_entry:639;state:170
88,HIPC,gilbert_elliot,pGG_0.9_pBB_0.9,19,361,4,,,hipc_gilbert_elliott_drop_0_50_rho_0_8,,coverage,completed,,,00,212,0,93,120,0,0,0,961,1739,1042,219,742,431,530,0,collision_intent:219;hipc_clear_bundle:1;hipc_entry:529;state:212
88,HIPC,gilbert_elliot,pGG_0.9_pBB_0.9,19,361,4,,,hipc_gilbert_elliott_drop_0_50_rho_0_8,,coverage,completed,,,01,213,0,88,126,0,0,0,913,1786,1043,218,695,431,482,0,collision_intent:218;hipc_entry:482;state:213
88,HIPC,gilbert_elliot,pGG_0.9_pBB_0.9,19,361,4,,,hipc_gilbert_elliott_drop_0_50_rho_0_8,,coverage,completed,,,02,217,0,80,138,0,0,0,889,1799,1054,226,663,443,446,0,collision_intent:226;hipc_entry:446;state:217
88,HIPC,gilbert_elliot,pGG_0.9_pBB_0.9,19,361,4,,,hipc_gilbert_elliott_drop_0_50_rho_0_8,,coverage,completed,,,03,212,0,100,113,0,0,0,979,1722,1041,217,762,429,550,0,collision_intent:217;hipc_clear_bundle:1;hipc_entry:549;state:212
89,HIPC,gilbert_elliot,pGG_0.9_pBB_0.9,19,361,4,,,hipc_gilbert_elliott_drop_0_50_rho_0_8,,coverage,completed,,,00,206,0,113,94,0,0,0,935,1579,1163,211,724,417,518,0,collision_intent:211;hipc_entry:518;state:206
89,HIPC,gilbert_elliot,pGG_0.9_pBB_0.9,19,361,4,,,hipc_gilbert_elliott_drop_0_50_rho_0_8,,coverage,completed,,,01,165,0,57,109,0,0,0,894,1703,1080,169,725,334,560,0,collision_intent:169;hipc_clear_bundle:1;hipc_entry:559;state:165
89,HIPC,gilbert_elliot,pGG_0.9_pBB_0.9,19,361,4,,,hipc_gilbert_elliott_drop_0_50_rho_0_8,,coverage,completed,,,02,214,0,125,90,0,0,0,968,1626,1083,217,751,431,537,0,collision_intent:217;hipc_entry:537;state:214
89,HIPC,gilbert_elliot,pGG_0.9_pBB_0.9,19,361,4,,,hipc_gilbert_elliott_drop_0_50_rho_0_8,,coverage,completed,,,03,170,0,66,105,0,0,0,880,1756,1040,173,707,343,537,0,collision_intent:173;hipc_entry:537;state:170
90,HIPC,gilbert_elliot,pGG_0.9_pBB_0.9,19,361,4,,,hipc_gilbert_elliott_drop_0_50_rho_0_8,,coverage,completed,,,00,174,0,68,107,0,0,0,794,1523,926,182,612,356,438,0,collision_intent:182;hipc_entry:438;state:174
90,HIPC,gilbert_elliot,pGG_0.9_pBB_0.9,19,361,4,,,hipc_gilbert_elliott_drop_0_50_rho_0_8,,coverage,completed,,,01,180,0,121,60,0,0,0,861,1524,859,183,678,363,498,0,collision_intent:183;hipc_entry:498;state:180
90,HIPC,gilbert_elliot,pGG_0.9_pBB_0.9,19,361,4,,,hipc_gilbert_elliott_drop_0_50_rho_0_8,,coverage,completed,,,02,177,0,103,75,0,0,0,830,1478,935,183,647,360,470,0,collision_intent:183;hipc_clear_bundle:3;hipc_entry:467;state:177
90,HIPC,gilbert_elliot,pGG_0.9_pBB_0.9,19,361,4,,,hipc_gilbert_elliott_drop_0_50_rho_0_8,,coverage,completed,,,03,177,0,69,109,0,0,0,759,1552,933,181,578,358,401,0,collision_intent:181;hipc_entry:401;state:177
91,HIPC,gilbert_elliot,pGG_0.9_pBB_0.9,19,361,4,,,hipc_gilbert_elliott_drop_0_50_rho_0_8,,coverage,completed,,,00,195,0,75,121,0,0,0,857,1688,1042,204,653,399,458,0,collision_intent:204;hipc_entry:458;state:195
91,HIPC,gilbert_elliot,pGG_0.9_pBB_0.9,19,361,4,,,hipc_gilbert_elliott_drop_0_50_rho_0_8,,coverage,completed,,,01,202,0,93,110,0,0,0,909,1705,974,209,700,411,498,0,collision_intent:209;hipc_entry:498;state:202
91,HIPC,gilbert_elliot,pGG_0.9_pBB_0.9,19,361,4,,,hipc_gilbert_elliott_drop_0_50_rho_0_8,,coverage,completed,,,02,202,0,137,66,0,0,0,960,1671,957,207,753,409,551,0,collision_intent:207;hipc_entry:551;state:202
91,HIPC,gilbert_elliot,pGG_0.9_pBB_0.9,19,361,4,,,hipc_gilbert_elliott_drop_0_50_rho_0_8,,coverage,completed,,,03,206,0,56,151,0,0,0,862,1623,1103,211,651,417,445,0,collision_intent:211;hipc_entry:445;state:206
92,HIPC,gilbert_elliot,pGG_0.9_pBB_0.9,19,361,4,,,hipc_gilbert_elliott_drop_0_50_rho_0_8,,coverage,completed,,,00,344,0,338,7,0,0,0,1705,1421,985,344,1361,688,1017,0,collision_intent:344;hipc_entry:1017;state:344
92,HIPC,gilbert_elliot,pGG_0.9_pBB_0.9,19,361,4,,,hipc_gilbert_elliott_drop_0_50_rho_0_8,,coverage,completed,,,01,6,0,6,1,0,0,0,1127,1553,1432,9,1118,15,1112,0,collision_intent:9;hipc_entry:1112;state:6
92,HIPC,gilbert_elliot,pGG_0.9_pBB_0.9,19,361,4,,,hipc_gilbert_elliott_drop_0_50_rho_0_8,,coverage,completed,,,02,9,0,8,2,0,0,0,1218,1594,1299,10,1208,19,1199,0,collision_intent:10;hipc_entry:1199;state:9
92,HIPC,gilbert_elliot,pGG_0.9_pBB_0.9,19,361,4,,,hipc_gilbert_elliott_drop_0_50_rho_0_8,,coverage,completed,,,03,15,0,9,7,0,0,0,62,2334,1716,16,46,31,31,0,collision_intent:16;hipc_clear_bundle:1;hipc_entry:30;state:15
93,HIPC,gilbert_elliot,pGG_0.9_pBB_0.9,19,361,4,,,hipc_gilbert_elliott_drop_0_50_rho_0_8,,coverage,completed,,,00,220,0,62,159,0,0,0,943,1889,1130,230,713,450,493,0,collision_intent:230;hipc_entry:493;state:220
93,HIPC,gilbert_elliot,pGG_0.9_pBB_0.9,19,361,4,,,hipc_gilbert_elliott_drop_0_50_rho_0_8,,coverage,completed,,,01,227,0,77,151,0,0,0,987,1896,1078,231,756,458,529,0,collision_intent:231;hipc_entry:529;state:227
93,HIPC,gilbert_elliot,pGG_0.9_pBB_0.9,19,361,4,,,hipc_gilbert_elliott_drop_0_50_rho_0_8,,coverage,completed,,,02,222,0,110,113,0,0,0,982,1793,1187,227,755,449,533,0,collision_intent:227;hipc_entry:533;state:222
93,HIPC,gilbert_elliot,pGG_0.9_pBB_0.9,19,361,4,,,hipc_gilbert_elliott_drop_0_50_rho_0_8,,coverage,completed,,,03,231,0,112,120,0,0,0,1050,1799,1113,232,818,463,587,0,collision_intent:232;hipc_entry:587;state:231
94,HIPC,gilbert_elliot,pGG_0.9_pBB_0.9,19,361,4,,,hipc_gilbert_elliott_drop_0_50_rho_0_8,,coverage,failed,RuntimeError,Debug safety cap reached in trial 94. This usually means the allocator is stuck or returning no reachable goals.,00,,,,,,,,,,,,,,,,
94,HIPC,gilbert_elliot,pGG_0.9_pBB_0.9,19,361,4,,,hipc_gilbert_elliott_drop_0_50_rho_0_8,,coverage,failed,RuntimeError,Debug safety cap reached in trial 94. This usually means the allocator is stuck or returning no reachable goals.,01,,,,,,,,,,,,,,,,
94,HIPC,gilbert_elliot,pGG_0.9_pBB_0.9,19,361,4,,,hipc_gilbert_elliott_drop_0_50_rho_0_8,,coverage,failed,RuntimeError,Debug safety cap reached in trial 94. This usually means the allocator is stuck or returning no reachable goals.,02,,,,,,,,,,,,,,,,
94,HIPC,gilbert_elliot,pGG_0.9_pBB_0.9,19,361,4,,,hipc_gilbert_elliott_drop_0_50_rho_0_8,,coverage,failed,RuntimeError,Debug safety cap reached in trial 94. This usually means the allocator is stuck or returning no reachable goals.,03,,,,,,,,,,,,,,,,
95,HIPC,gilbert_elliot,pGG_0.9_pBB_0.9,19,361,4,,,hipc_gilbert_elliott_drop_0_50_rho_0_8,,coverage,completed,,,00,217,0,117,101,0,0,0,1107,2059,1087,224,883,441,666,0,collision_intent:224;hipc_entry:666;state:217
95,HIPC,gilbert_elliot,pGG_0.9_pBB_0.9,19,361,4,,,hipc_gilbert_elliott_drop_0_50_rho_0_8,,coverage,completed,,,01,248,0,59,190,0,0,0,1013,2004,1237,259,754,507,506,0,collision_intent:259;hipc_clear_bundle:2;hipc_entry:504;state:248
95,HIPC,gilbert_elliot,pGG_0.9_pBB_0.9,19,361,4,,,hipc_gilbert_elliott_drop_0_50_rho_0_8,,coverage,completed,,,02,251,0,102,150,0,0,0,1021,2032,1200,252,769,503,518,0,collision_intent:252;hipc_clear_bundle:1;hipc_entry:517;state:251
95,HIPC,gilbert_elliot,pGG_0.9_pBB_0.9,19,361,4,,,hipc_gilbert_elliott_drop_0_50_rho_0_8,,coverage,completed,,,03,220,0,83,138,0,0,0,1113,1901,1239,225,888,445,668,0,collision_intent:225;hipc_entry:668;state:220
96,HIPC,gilbert_elliot,pGG_0.9_pBB_0.9,19,361,4,,,hipc_gilbert_elliott_drop_0_50_rho_0_8,,coverage,completed,,,00,192,0,77,116,0,0,0,846,1725,1028,202,644,394,452,0,collision_intent:202;hipc_clear_bundle:2;hipc_entry:450;state:192
96,HIPC,gilbert_elliot,pGG_0.9_pBB_0.9,19,361,4,,,hipc_gilbert_elliott_drop_0_50_rho_0_8,,coverage,completed,,,01,198,0,146,53,0,0,0,946,1664,989,200,746,398,548,0,collision_intent:200;hipc_entry:548;state:198
96,HIPC,gilbert_elliot,pGG_0.9_pBB_0.9,19,361,4,,,hipc_gilbert_elliott_drop_0_50_rho_0_8,,coverage,completed,,,02,192,0,67,126,0,0,0,884,1636,1079,197,687,389,495,0,collision_intent:197;hipc_entry:495;state:192
96,HIPC,gilbert_elliot,pGG_0.9_pBB_0.9,19,361,4,,,hipc_gilbert_elliott_drop_0_50_rho_0_8,,coverage,completed,,,03,196,0,71,126,0,0,0,923,1555,1120,202,721,398,525,0,collision_intent:202;hipc_entry:525;state:196
97,HIPC,gilbert_elliot,pGG_0.9_pBB_0.9,19,361,4,,,hipc_gilbert_elliott_drop_0_50_rho_0_8,,coverage,completed,,,00,5,0,4,2,0,0,0,1080,2309,1516,7,1073,12,1068,0,collision_intent:7;hipc_entry:1068;state:5
97,HIPC,gilbert_elliot,pGG_0.9_pBB_0.9,19,361,4,,,hipc_gilbert_elliott_drop_0_50_rho_0_8,,coverage,completed,,,01,290,0,190,101,0,0,0,1371,1961,1569,295,1076,585,786,0,collision_intent:295;hipc_entry:786;state:290
97,HIPC,gilbert_elliot,pGG_0.9_pBB_0.9,19,361,4,,,hipc_gilbert_elliott_drop_0_50_rho_0_8,,coverage,completed,,,02,6,0,6,1,0,0,0,1105,2181,1618,8,1097,14,1091,0,collision_intent:8;hipc_entry:1091;state:6
97,HIPC,gilbert_elliot,pGG_0.9_pBB_0.9,19,361,4,,,hipc_gilbert_elliott_drop_0_50_rho_0_8,,coverage,completed,,,03,290,0,161,130,0,0,0,1349,1755,1801,298,1051,588,761,0,collision_intent:298;hipc_entry:761;state:290
98,HIPC,gilbert_elliot,pGG_0.9_pBB_0.9,19,361,4,,,hipc_gilbert_elliott_drop_0_50_rho_0_8,,coverage,failed,RuntimeError,Debug safety cap reached in trial 98. This usually means the allocator is stuck or returning no reachable goals.,00,,,,,,,,,,,,,,,,
98,HIPC,gilbert_elliot,pGG_0.9_pBB_0.9,19,361,4,,,hipc_gilbert_elliott_drop_0_50_rho_0_8,,coverage,failed,RuntimeError,Debug safety cap reached in trial 98. This usually means the allocator is stuck or returning no reachable goals.,01,,,,,,,,,,,,,,,,
98,HIPC,gilbert_elliot,pGG_0.9_pBB_0.9,19,361,4,,,hipc_gilbert_elliott_drop_0_50_rho_0_8,,coverage,failed,RuntimeError,Debug safety cap reached in trial 98. This usually means the allocator is stuck or returning no reachable goals.,02,,,,,,,,,,,,,,,,
98,HIPC,gilbert_elliot,pGG_0.9_pBB_0.9,19,361,4,,,hipc_gilbert_elliott_drop_0_50_rho_0_8,,coverage,failed,RuntimeError,Debug safety cap reached in trial 98. This usually means the allocator is stuck or returning no reachable goals.,03,,,,,,,,,,,,,,,,
99,HIPC,gilbert_elliot,pGG_0.9_pBB_0.9,19,361,4,,,hipc_gilbert_elliott_drop_0_50_rho_0_8,,coverage,completed,,,00,222,0,84,139,0,0,0,994,1790,1198,231,763,453,541,0,collision_intent:231;hipc_entry:541;state:222
99,HIPC,gilbert_elliot,pGG_0.9_pBB_0.9,19,361,4,,,hipc_gilbert_elliott_drop_0_50_rho_0_8,,coverage,completed,,,01,226,0,41,186,0,0,0,966,1735,1281,231,735,457,509,0,collision_intent:231;hipc_entry:509;state:226
99,HIPC,gilbert_elliot,pGG_0.9_pBB_0.9,19,361,4,,,hipc_gilbert_elliott_drop_0_50_rho_0_8,,coverage,completed,,,02,219,0,111,109,0,0,0,998,1919,1065,224,774,443,555,0,collision_intent:224;hipc_clear_bundle:1;hipc_entry:554;state:219
99,HIPC,gilbert_elliot,pGG_0.9_pBB_0.9,19,361,4,,,hipc_gilbert_elliott_drop_0_50_rho_0_8,,coverage,completed,,,03,229,0,125,105,0,0,0,1024,1832,1125,234,790,463,561,0,collision_intent:234;hipc_entry:561;state:229
