trial_id,trial_mode,algorithm,comm_model,comm_level,grid_size,grid_cells,robot_count,target_count,condition_id,scenario_file,target_locations,completed_target_count,all_targets_visited,final_target_completion_time_s,final_target_completion_sim_time_s,targets_found_by_robot,robot_start_locations,robot_end_locations,events_processed,stall_recoveries_total,trial_status
0,known_visit,ACBBA,bernoulli,drop_0.25,14,196,3,10,acbba_g14_d85_bernoulli_drop_0_25,reruns\grid_density\scenarios\cv\known_visit_grid14_targets10_trials50.csv,"(1,3);(11,7);(6,7);(5,8);(6,3);(13,10);(0,8);(0,10);(4,3);(4,9)",10,True,46.64513274528425,46.64513274528425,00:5;01:3;02:2,"(0,0);(0,6);(0,13)","(13,10);(4,10);(7,3)",197,0,completed
1,known_visit,ACBBA,bernoulli,drop_0.25,14,196,3,10,acbba_g14_d85_bernoulli_drop_0_25,reruns\grid_density\scenarios\cv\known_visit_grid14_targets10_trials50.csv,"(10,8);(3,9);(6,2);(13,10);(10,2);(11,2);(1,5);(11,3);(8,3);(3,4)",10,True,32.85106077987788,32.85106077987788,00:4;01:3;02:3,"(0,0);(0,6);(0,13)","(11,3);(12,4);(13,10)",137,0,completed
2,known_visit,ACBBA,bernoulli,drop_0.25,14,196,3,10,acbba_g14_d85_bernoulli_drop_0_25,reruns\grid_density\scenarios\cv\known_visit_grid14_targets10_trials50.csv,"(9,5);(1,6);(3,2);(12,7);(9,13);(9,10);(4,1);(2,13);(2,2);(1,11)",10,True,36.20881750613434,36.20881750613434,00:5;01:1;02:4,"(0,0);(0,6);(0,13)","(12,7);(2,11);(10,11)",146,0,completed
3,known_visit,ACBBA,bernoulli,drop_0.25,14,196,3,10,acbba_g14_d85_bernoulli_drop_0_25,reruns\grid_density\scenarios\cv\known_visit_grid14_targets10_trials50.csv,"(0,12);(7,11);(9,6);(12,13);(1,5);(8,8);(12,6);(5,2);(13,11);(9,8)",10,True,43.074309922546924,43.074309922546924,00:3;01:4;02:3,"(0,0);(0,6);(0,13)","(9,8);(12,13);(9,11)",175,0,completed
4,known_visit,ACBBA,bernoulli,drop_0.25,14,196,3,10,acbba_g14_d85_bernoulli_drop_0_25,reruns\grid_density\scenarios\cv\known_visit_grid14_targets10_trials50.csv,"(6,0);(12,4);(0,10);(6,10);(10,8);(7,2);(3,0);(2,1);(6,9);(3,5)",10,True,35.47632789649742,35.47632789649742,00:2;01:3;02:5,"(0,0);(0,6);(0,13)","(1,11);(7,8);(12,4)",140,0,completed
5,known_visit,ACBBA,bernoulli,drop_0.25,14,196,3,10,acbba_g14_d85_bernoulli_drop_0_25,reruns\grid_density\scenarios\cv\known_visit_grid14_targets10_trials50.csv,"(6,3);(11,2);(4,7);(0,7);(8,0);(1,0);(5,12);(10,9);(7,2);(12,5)",10,True,36.23651105880876,36.23651105880876,00:5;01:3;02:2,"(0,0);(0,6);(0,13)","(12,5);(1,0);(5,7)",143,0,completed
6,known_visit,ACBBA,bernoulli,drop_0.25,14,196,3,10,acbba_g14_d85_bernoulli_drop_0_25,reruns\grid_density\scenarios\cv\known_visit_grid14_targets10_trials50.csv,"(8,9);(2,9);(1,9);(5,3);(2,10);(1,0);(2,0);(1,11);(0,5);(4,6)",10,True,36.03473020585093,36.03473020585093,00:3;01:3;02:4,"(0,0);(0,6);(0,13)","(1,7);(8,9);(0,5)",154,0,completed
7,known_visit,ACBBA,bernoulli,drop_0.25,14,196,3,10,acbba_g14_d85_bernoulli_drop_0_25,reruns\grid_density\scenarios\cv\known_visit_grid14_targets10_trials50.csv,"(4,0);(2,13);(8,0);(6,13);(4,6);(9,12);(3,0);(6,12);(1,11);(7,9)",10,True,24.38808029770045,24.38808029770045,00:3;01:3;02:4,"(0,0);(0,6);(0,13)","(8,6);(9,12);(6,13)",94,0,completed
8,known_visit,ACBBA,bernoulli,drop_0.25,14,196,3,10,acbba_g14_d85_bernoulli_drop_0_25,reruns\grid_density\scenarios\cv\known_visit_grid14_targets10_trials50.csv,"(11,5);(1,6);(5,7);(13,5);(4,2);(11,0);(1,7);(8,13);(7,1);(12,13)",10,True,26.89601159178294,26.89601159178294,00:3;01:5;02:2,"(0,0);(0,6);(0,13)","(11,0);(13,5);(12,9)",104,0,completed
9,known_visit,ACBBA,bernoulli,drop_0.25,14,196,3,10,acbba_g14_d85_bernoulli_drop_0_25,reruns\grid_density\scenarios\cv\known_visit_grid14_targets10_trials50.csv,"(10,8);(8,13);(2,13);(10,6);(13,4);(13,7);(6,7);(9,2);(6,2);(7,9)",10,True,34.20372479196675,34.20372479196675,00:3;01:5;02:2,"(0,0);(0,6);(0,13)","(13,4);(13,7);(10,5)",138,0,completed
10,known_visit,ACBBA,bernoulli,drop_0.25,14,196,3,10,acbba_g14_d85_bernoulli_drop_0_25,reruns\grid_density\scenarios\cv\known_visit_grid14_targets10_trials50.csv,"(2,4);(12,12);(11,9);(7,13);(9,8);(4,10);(2,8);(3,2);(12,9);(5,6)",10,True,37.13730404278143,37.13730404278143,00:4;01:3;02:3,"(0,0);(0,6);(0,13)","(11,9);(5,5);(12,9)",151,0,completed
11,known_visit,ACBBA,bernoulli,drop_0.25,14,196,3,10,acbba_g14_d85_bernoulli_drop_0_25,reruns\grid_density\scenarios\cv\known_visit_grid14_targets10_trials50.csv,"(5,6);(11,1);(7,4);(7,5);(2,4);(13,2);(12,13);(5,11);(10,10);(4,5)",10,True,37.007564770784235,37.007564770784235,00:2;01:5;02:3,"(0,0);(0,6);(0,13)","(6,7);(13,2);(12,13)",158,0,completed
12,known_visit,ACBBA,bernoulli,drop_0.25,14,196,3,10,acbba_g14_d85_bernoulli_drop_0_25,reruns\grid_density\scenarios\cv\known_visit_grid14_targets10_trials50.csv,"(11,0);(6,2);(6,7);(9,9);(10,7);(1,7);(12,4);(6,9);(1,12);(4,6)",10,True,34.07238683173794,34.07238683173794,00:3;01:6;02:1,"(0,0);(0,6);(0,13)","(12,4);(10,5);(9,9)",134,0,completed
13,known_visit,ACBBA,bernoulli,drop_0.25,14,196,3,10,acbba_g14_d85_bernoulli_drop_0_25,reruns\grid_density\scenarios\cv\known_visit_grid14_targets10_trials50.csv,"(5,13);(11,13);(13,13);(8,10);(2,7);(6,3);(12,3);(5,3);(8,11);(3,6)",10,True,28.493328257410273,28.493328257410273,00:3;01:3;02:4,"(0,0);(0,6);(0,13)","(12,4);(8,7);(13,13)",113,0,completed
14,known_visit,ACBBA,bernoulli,drop_0.25,14,196,3,10,acbba_g14_d85_bernoulli_drop_0_25,reruns\grid_density\scenarios\cv\known_visit_grid14_targets10_trials50.csv,"(9,0);(8,8);(0,11);(1,3);(2,2);(7,10);(7,13);(3,4);(0,5);(9,1)",10,True,36.32105590203215,36.32105590203215,00:4;01:2;02:4,"(0,0);(0,6);(0,13)","(10,5);(1,3);(7,13)",160,0,completed
15,known_visit,ACBBA,bernoulli,drop_0.25,14,196,3,10,acbba_g14_d85_bernoulli_drop_0_25,reruns\grid_density\scenarios\cv\known_visit_grid14_targets10_trials50.csv,"(5,0);(2,10);(7,8);(9,1);(12,1);(12,0);(9,6);(4,2);(11,10);(10,7)",10,True,46.58615978371246,46.58615978371246,00:4;01:4;02:2,"(0,0);(0,6);(0,13)","(10,6);(12,0);(12,7)",194,0,completed
16,known_visit,ACBBA,bernoulli,drop_0.25,14,196,3,10,acbba_g14_d85_bernoulli_drop_0_25,reruns\grid_density\scenarios\cv\known_visit_grid14_targets10_trials50.csv,"(7,12);(0,12);(9,0);(9,1);(11,10);(12,3);(4,9);(9,4);(5,13);(7,7)",10,True,31.99381211111793,31.99381211111793,00:4;01:3;02:3,"(0,0);(0,6);(0,13)","(13,3);(11,10);(5,8)",129,0,completed
17,known_visit,ACBBA,bernoulli,drop_0.25,14,196,3,10,acbba_g14_d85_bernoulli_drop_0_25,reruns\grid_density\scenarios\cv\known_visit_grid14_targets10_trials50.csv,"(6,9);(0,5);(4,4);(9,9);(12,11);(4,0);(2,1);(10,11);(12,8);(13,8)",10,True,42.1350095900887,42.1350095900887,00:4;01:4;02:2,"(0,0);(0,6);(0,13)","(9,9);(13,8);(13,9)",181,0,completed
18,known_visit,ACBBA,bernoulli,drop_0.25,14,196,3,10,acbba_g14_d85_bernoulli_drop_0_25,reruns\grid_density\scenarios\cv\known_visit_grid14_targets10_trials50.csv,"(2,4);(6,13);(10,11);(2,3);(3,10);(0,12);(10,5);(2,9);(8,0);(8,13)",10,True,36.44952674421736,36.44952674421736,00:3;01:3;02:4,"(0,0);(0,6);(0,13)","(10,5);(8,13);(10,6)",150,0,completed
19,known_visit,ACBBA,bernoulli,drop_0.25,14,196,3,10,acbba_g14_d85_bernoulli_drop_0_25,reruns\grid_density\scenarios\cv\known_visit_grid14_targets10_trials50.csv,"(12,11);(9,2);(8,8);(4,9);(2,8);(12,10);(10,10);(0,2);(7,12);(2,10)",10,True,28.895556504134916,28.895556504134916,00:2;01:4;02:4,"(0,0);(0,6);(0,13)","(10,7);(7,12);(12,12)",114,0,completed
20,known_visit,ACBBA,bernoulli,drop_0.25,14,196,3,10,acbba_g14_d85_bernoulli_drop_0_25,reruns\grid_density\scenarios\cv\known_visit_grid14_targets10_trials50.csv,"(6,13);(7,2);(1,5);(10,1);(13,1);(0,3);(13,12);(6,11);(11,13);(7,5)",10,True,30.872737669656008,30.872737669656008,00:4;01:2;02:4,"(0,0);(0,6);(0,13)","(13,1);(6,12);(13,12)",122,0,completed
21,known_visit,ACBBA,bernoulli,drop_0.25,14,196,3,10,acbba_g14_d85_bernoulli_drop_0_25,reruns\grid_density\scenarios\cv\known_visit_grid14_targets10_trials50.csv,"(11,13);(11,4);(10,4);(3,13);(3,4);(1,8);(6,6);(4,13);(4,6);(4,7)",10,True,38.33139990081922,38.33139990081922,00:3;01:3;02:4,"(0,0);(0,6);(0,13)","(6,6);(11,13);(12,4)",151,0,completed
22,known_visit,ACBBA,bernoulli,drop_0.25,14,196,3,10,acbba_g14_d85_bernoulli_drop_0_25,reruns\grid_density\scenarios\cv\known_visit_grid14_targets10_trials50.csv,"(9,3);(6,13);(6,9);(7,1);(9,10);(7,13);(11,3);(13,12);(8,3);(1,3)",10,True,34.00449775345452,34.00449775345452,00:5;01:1;02:4,"(0,0);(0,6);(0,13)","(7,1);(8,4);(13,12)",135,0,completed
23,known_visit,ACBBA,bernoulli,drop_0.25,14,196,3,10,acbba_g14_d85_bernoulli_drop_0_25,reruns\grid_density\scenarios\cv\known_visit_grid14_targets10_trials50.csv,"(1,12);(12,4);(13,3);(7,10);(11,8);(10,5);(5,12);(8,6);(1,4);(10,9)",10,True,35.164478659610545,35.164478659610545,00:3;01:2;02:5,"(0,0);(0,6);(0,13)","(13,3);(11,7);(11,8)",151,0,completed
24,known_visit,ACBBA,bernoulli,drop_0.25,14,196,3,10,acbba_g14_d85_bernoulli_drop_0_25,reruns\grid_density\scenarios\cv\known_visit_grid14_targets10_trials50.csv,"(12,9);(8,2);(6,8);(2,3);(5,13);(4,1);(9,13);(2,12);(7,10);(13,1)",10,True,50.86608000081227,50.86608000081227,00:1;01:4;02:5,"(0,0);(0,6);(0,13)","(7,6);(12,9);(8,8)",210,0,completed
25,known_visit,ACBBA,bernoulli,drop_0.25,14,196,3,10,acbba_g14_d85_bernoulli_drop_0_25,reruns\grid_density\scenarios\cv\known_visit_grid14_targets10_trials50.csv,"(10,0);(10,12);(7,13);(6,5);(11,7);(2,13);(5,0);(7,10);(4,5);(11,10)",10,True,40.66438994940326,40.66438994940326,00:3;01:2;02:5,"(0,0);(0,6);(0,13)","(10,12);(5,10);(12,11)",158,0,completed
26,known_visit,ACBBA,bernoulli,drop_0.25,14,196,3,10,acbba_g14_d85_bernoulli_drop_0_25,reruns\grid_density\scenarios\cv\known_visit_grid14_targets10_trials50.csv,"(12,11);(13,2);(11,1);(4,5);(5,4);(5,2);(13,8);(11,11);(9,3);(6,2)",10,True,32.85372385685984,32.85372385685984,00:5;01:2;02:3,"(0,0);(0,6);(0,13)","(13,2);(10,3);(13,7)",135,0,completed
27,known_visit,ACBBA,bernoulli,drop_0.25,14,196,3,10,acbba_g14_d85_bernoulli_drop_0_25,reruns\grid_density\scenarios\cv\known_visit_grid14_targets10_trials50.csv,"(3,1);(2,9);(5,12);(0,7);(10,6);(8,2);(6,4);(6,6);(5,7);(7,7)",10,True,35.05434379532086,35.05434379532086,00:4;01:4;02:2,"(0,0);(0,6);(0,13)","(7,7);(8,2);(9,4)",148,0,completed
28,known_visit,ACBBA,bernoulli,drop_0.25,14,196,3,10,acbba_g14_d85_bernoulli_drop_0_25,reruns\grid_density\scenarios\cv\known_visit_grid14_targets10_trials50.csv,"(5,13);(1,1);(2,13);(0,3);(13,0);(12,8);(2,4);(3,6);(8,13);(8,5)",10,True,43.99948594207594,43.99948594207594,00:3;01:2;02:5,"(0,0);(0,6);(0,13)","(5,4);(8,13);(13,0)",171,0,completed
29,known_visit,ACBBA,bernoulli,drop_0.25,14,196,3,10,acbba_g14_d85_bernoulli_drop_0_25,reruns\grid_density\scenarios\cv\known_visit_grid14_targets10_trials50.csv,"(12,8);(9,11);(4,4);(4,6);(13,0);(11,10);(6,7);(2,3);(4,8);(1,4)",10,True,46.590580829273435,46.590580829273435,00:3;01:5;02:2,"(0,0);(0,6);(0,13)","(12,7);(13,0);(4,7)",185,0,completed
30,known_visit,ACBBA,bernoulli,drop_0.25,14,196,3,10,acbba_g14_d85_bernoulli_drop_0_25,reruns\grid_density\scenarios\cv\known_visit_grid14_targets10_trials50.csv,"(1,12);(10,2);(10,12);(11,9);(3,8);(0,5);(7,13);(11,1);(6,0);(12,8)",10,True,33.02816458757636,33.02816458757636,00:3;01:2;02:5,"(0,0);(0,6);(0,13)","(10,5);(6,13);(12,8)",134,0,completed
31,known_visit,ACBBA,bernoulli,drop_0.25,14,196,3,10,acbba_g14_d85_bernoulli_drop_0_25,reruns\grid_density\scenarios\cv\known_visit_grid14_targets10_trials50.csv,"(4,6);(2,5);(13,10);(8,8);(11,10);(5,8);(4,7);(12,6);(3,4);(9,11)",10,True,50.54086092729326,50.54086092729326,00:3;01:4;02:3,"(0,0);(0,6);(0,13)","(8,8);(12,6);(4,7)",218,0,completed
32,known_visit,ACBBA,bernoulli,drop_0.25,14,196,3,10,acbba_g14_d85_bernoulli_drop_0_25,reruns\grid_density\scenarios\cv\known_visit_grid14_targets10_trials50.csv,"(4,1);(1,11);(4,7);(3,6);(13,6);(6,6);(2,0);(7,2);(9,13);(9,1)",10,True,25.170781415376602,25.170781415376602,00:4;01:4;02:2,"(0,0);(0,6);(0,13)","(10,2);(13,6);(10,13)",100,0,completed
33,known_visit,ACBBA,bernoulli,drop_0.25,14,196,3,10,acbba_g14_d85_bernoulli_drop_0_25,reruns\grid_density\scenarios\cv\known_visit_grid14_targets10_trials50.csv,"(6,9);(12,0);(11,9);(11,1);(10,10);(8,8);(4,0);(11,12);(4,5);(4,1)",10,True,31.105444865145394,31.105444865145394,00:4;01:4;02:2,"(0,0);(0,6);(0,13)","(13,2);(10,10);(10,7)",123,0,completed
34,known_visit,ACBBA,bernoulli,drop_0.25,14,196,3,10,acbba_g14_d85_bernoulli_drop_0_25,reruns\grid_density\scenarios\cv\known_visit_grid14_targets10_trials50.csv,"(12,13);(12,9);(5,10);(3,11);(7,5);(8,4);(6,1);(3,2);(3,6);(0,2)",10,True,47.90425372961227,47.90425372961227,00:3;01:3;02:4,"(0,0);(0,6);(0,13)","(8,4);(3,10);(12,13)",203,0,completed
35,known_visit,ACBBA,bernoulli,drop_0.25,14,196,3,10,acbba_g14_d85_bernoulli_drop_0_25,reruns\grid_density\scenarios\cv\known_visit_grid14_targets10_trials50.csv,"(4,12);(13,13);(2,3);(5,8);(8,7);(10,5);(9,12);(2,2);(12,4);(0,5)",10,True,41.64859305913302,41.64859305913302,00:4;01:3;02:3,"(0,0);(0,6);(0,13)","(12,4);(8,7);(5,12)",174,0,completed
36,known_visit,ACBBA,bernoulli,drop_0.25,14,196,3,10,acbba_g14_d85_bernoulli_drop_0_25,reruns\grid_density\scenarios\cv\known_visit_grid14_targets10_trials50.csv,"(3,6);(0,7);(13,2);(7,4);(10,9);(5,12);(7,6);(4,6);(9,9);(2,1)",10,True,31.453004958325362,31.453004958325362,00:3;01:4;02:3,"(0,0);(0,6);(0,13)","(13,2);(9,2);(9,6)",129,0,completed
37,known_visit,ACBBA,bernoulli,drop_0.25,14,196,3,10,acbba_g14_d85_bernoulli_drop_0_25,reruns\grid_density\scenarios\cv\known_visit_grid14_targets10_trials50.csv,"(0,7);(9,11);(1,13);(7,11);(1,11);(9,9);(7,5);(6,1);(8,8);(11,0)",10,True,41.29258423057296,41.29258423057296,00:2;01:3;02:5,"(0,0);(0,6);(0,13)","(8,5);(1,11);(11,0)",176,0,completed
38,known_visit,ACBBA,bernoulli,drop_0.25,14,196,3,10,acbba_g14_d85_bernoulli_drop_0_25,reruns\grid_density\scenarios\cv\known_visit_grid14_targets10_trials50.csv,"(7,6);(0,7);(5,10);(11,13);(3,9);(13,2);(7,4);(8,0);(12,1);(9,12)",10,True,32.05160496571426,32.05160496571426,00:3;01:3;02:4,"(0,0);(0,6);(0,13)","(13,3);(9,3);(11,13)",128,0,completed
39,known_visit,ACBBA,bernoulli,drop_0.25,14,196,3,10,acbba_g14_d85_bernoulli_drop_0_25,reruns\grid_density\scenarios\cv\known_visit_grid14_targets10_trials50.csv,"(2,10);(6,5);(0,10);(0,7);(8,2);(9,8);(9,12);(2,11);(8,13);(6,13)",10,True,35.36320740848598,35.36320740848598,00:3;01:5;02:2,"(0,0);(0,6);(0,13)","(9,8);(9,12);(6,9)",142,0,completed
40,known_visit,ACBBA,bernoulli,drop_0.25,14,196,3,10,acbba_g14_d85_bernoulli_drop_0_25,reruns\grid_density\scenarios\cv\known_visit_grid14_targets10_trials50.csv,"(3,7);(0,7);(3,10);(8,3);(3,13);(13,8);(12,6);(7,9);(3,11);(0,11)",10,True,35.81404492136381,35.81404492136381,00:3;01:4;02:3,"(0,0);(0,6);(0,13)","(13,8);(5,13);(3,10)",154,0,completed
41,known_visit,ACBBA,bernoulli,drop_0.25,14,196,3,10,acbba_g14_d85_bernoulli_drop_0_25,reruns\grid_density\scenarios\cv\known_visit_grid14_targets10_trials50.csv,"(8,8);(4,5);(1,2);(8,4);(5,1);(12,13);(0,11);(6,4);(8,12);(0,1)",10,True,31.36971425830556,31.36971425830556,00:6;01:1;02:3,"(0,0);(0,6);(0,13)","(8,8);(4,6);(12,13)",131,0,completed
42,known_visit,ACBBA,bernoulli,drop_0.25,14,196,3,10,acbba_g14_d85_bernoulli_drop_0_25,reruns\grid_density\scenarios\cv\known_visit_grid14_targets10_trials50.csv,"(4,10);(1,2);(0,5);(12,9);(11,12);(12,5);(2,11);(2,9);(11,3);(10,9)",10,True,43.16984025235373,43.16984025235373,00:3;01:1;02:6,"(0,0);(0,6);(0,13)","(11,12);(2,9);(11,3)",175,0,completed
43,known_visit,ACBBA,bernoulli,drop_0.25,14,196,3,10,acbba_g14_d85_bernoulli_drop_0_25,reruns\grid_density\scenarios\cv\known_visit_grid14_targets10_trials50.csv,"(10,3);(7,8);(2,10);(9,0);(6,10);(12,0);(4,9);(1,1);(13,13);(10,9)",10,True,37.44026408885275,37.44026408885275,00:4;01:4;02:2,"(0,0);(0,6);(0,13)","(8,3);(13,13);(4,4)",147,0,completed
44,known_visit,ACBBA,bernoulli,drop_0.25,14,196,3,10,acbba_g14_d85_bernoulli_drop_0_25,reruns\grid_density\scenarios\cv\known_visit_grid14_targets10_trials50.csv,"(2,10);(7,12);(9,9);(2,1);(6,5);(9,13);(1,13);(13,10);(12,1);(8,6)",10,True,32.26429639586485,32.26429639586485,00:2;01:4;02:4,"(0,0);(0,6);(0,13)","(13,2);(13,10);(9,13)",134,0,completed
45,known_visit,ACBBA,bernoulli,drop_0.25,14,196,3,10,acbba_g14_d85_bernoulli_drop_0_25,reruns\grid_density\scenarios\cv\known_visit_grid14_targets10_trials50.csv,"(12,12);(6,8);(8,8);(2,10);(8,1);(0,1);(4,13);(11,0);(2,1);(3,3)",10,True,29.119390502902704,29.119390502902704,00:5;01:3;02:2,"(0,0);(0,6);(0,13)","(11,0);(11,8);(12,12)",120,0,completed
46,known_visit,ACBBA,bernoulli,drop_0.25,14,196,3,10,acbba_g14_d85_bernoulli_drop_0_25,reruns\grid_density\scenarios\cv\known_visit_grid14_targets10_trials50.csv,"(13,3);(10,11);(4,13);(3,12);(11,9);(9,1);(4,3);(12,6);(6,9);(13,11)",10,True,43.92401091967618,43.92401091967618,00:2;01:2;02:6,"(0,0);(0,6);(0,13)","(5,6);(10,9);(13,11)",177,0,completed
47,known_visit,ACBBA,bernoulli,drop_0.25,14,196,3,10,acbba_g14_d85_bernoulli_drop_0_25,reruns\grid_density\scenarios\cv\known_visit_grid14_targets10_trials50.csv,"(3,2);(7,13);(2,5);(4,2);(0,10);(11,0);(10,1);(9,5);(2,2);(10,10)",10,True,59.529115611986995,59.529115611986995,00:5;01:3;02:2,"(0,0);(0,6);(0,13)","(11,0);(7,13);(10,1)",270,0,completed
48,known_visit,ACBBA,bernoulli,drop_0.25,14,196,3,10,acbba_g14_d85_bernoulli_drop_0_25,reruns\grid_density\scenarios\cv\known_visit_grid14_targets10_trials50.csv,"(1,2);(4,0);(6,0);(9,13);(5,13);(6,7);(13,1);(2,11);(6,12);(11,1)",10,True,30.77930236509171,30.77930236509171,00:5;01:2;02:3,"(0,0);(0,6);(0,13)","(13,1);(7,12);(9,13)",132,0,completed
49,known_visit,ACBBA,bernoulli,drop_0.25,14,196,3,10,acbba_g14_d85_bernoulli_drop_0_25,reruns\grid_density\scenarios\cv\known_visit_grid14_targets10_trials50.csv,"(3,12);(2,1);(5,3);(7,11);(8,5);(1,0);(5,12);(11,0);(2,5);(1,8)",10,True,45.77708437303242,45.77708437303242,00:3;01:4;02:3,"(0,0);(0,6);(0,13)","(7,5);(11,0);(7,0)",178,0,completed
