trial_id,algorithm,comm_model,comm_level,grid_size,grid_cells,robot_count,target_cells_per_robot,actual_cells_per_robot,condition_id,scenario_file,trial_mode,target_x,target_y,clue_locations,first_clue_robot,first_clue_x,first_clue_y,robot_start_locations,robot_end_locations,clues_detected_by_robot,target_found_by_robot,trial_status,failure_type,failure_message
0,CBAA,gilbert_elliot,pGG_0.92_pBB_0.88,19,361,4,,,cbaa_gilbert_elliott_drop_0_40_rho_0_8,,coverage,,,,,,,"00:(0,0);01:(0,6);02:(0,12);03:(0,18)","00:(18,11);01:(6,0);02:(7,17);03:(7,18)",00:0;01:0;02:0;03:0,,completed,,
1,CBAA,gilbert_elliot,pGG_0.92_pBB_0.88,19,361,4,,,cbaa_gilbert_elliott_drop_0_40_rho_0_8,,coverage,,,,,,,"00:(0,0);01:(0,6);02:(0,12);03:(0,18)","00:(16,10);01:(18,4);02:(9,5);03:(9,4)",00:0;01:0;02:0;03:0,,completed,,
2,CBAA,gilbert_elliot,pGG_0.92_pBB_0.88,19,361,4,,,cbaa_gilbert_elliott_drop_0_40_rho_0_8,,coverage,,,,,,,"00:(0,0);01:(0,6);02:(0,12);03:(0,18)","00:(17,14);01:(5,8);02:(18,18);03:(5,9)",00:0;01:0;02:0;03:0,,completed,,
3,CBAA,gilbert_elliot,pGG_0.92_pBB_0.88,19,361,4,,,cbaa_gilbert_elliott_drop_0_40_rho_0_8,,coverage,,,,,,,"00:(0,0);01:(0,6);02:(0,12);03:(0,18)","00:(7,7);01:(11,12);02:(12,12);03:(18,18)",00:0;01:0;02:0;03:0,,completed,,
4,CBAA,gilbert_elliot,pGG_0.92_pBB_0.88,19,361,4,,,cbaa_gilbert_elliott_drop_0_40_rho_0_8,,coverage,,,,,,,"00:(0,0);01:(0,6);02:(0,12);03:(0,18)","00:(18,7);01:(3,12);02:(18,14);03:(3,13)",00:0;01:0;02:0;03:0,,completed,,
5,CBAA,gilbert_elliot,pGG_0.92_pBB_0.88,19,361,4,,,cbaa_gilbert_elliott_drop_0_40_rho_0_8,,coverage,,,,,,,"00:(0,0);01:(0,6);02:(0,12);03:(0,18)","00:(5,1);01:(5,0);02:(18,18);03:(17,15)",00:0;01:0;02:0;03:0,,completed,,
6,CBAA,gilbert_elliot,pGG_0.92_pBB_0.88,19,361,4,,,cbaa_gilbert_elliott_drop_0_40_rho_0_8,,coverage,,,,,,,"00:(0,0);01:(0,6);02:(0,12);03:(0,18)","00:(18,14);01:(18,15);02:(17,17);03:(18,16)",00:0;01:0;02:0;03:0,,completed,,
7,CBAA,gilbert_elliot,pGG_0.92_pBB_0.88,19,361,4,,,cbaa_gilbert_elliott_drop_0_40_rho_0_8,,coverage,,,,,,,"00:(0,0);01:(0,6);02:(0,12);03:(0,18)","00:(18,18);01:(13,13);02:(13,14);03:(15,1)",00:0;01:0;02:0;03:0,,completed,,
8,CBAA,gilbert_elliot,pGG_0.92_pBB_0.88,19,361,4,,,cbaa_gilbert_elliott_drop_0_40_rho_0_8,,coverage,,,,,,,"00:(0,0);01:(0,6);02:(0,12);03:(0,18)","00:(0,10);01:(18,10);02:(18,8);03:(17,15)",00:0;01:0;02:0;03:0,,completed,,
9,CBAA,gilbert_elliot,pGG_0.92_pBB_0.88,19,361,4,,,cbaa_gilbert_elliott_drop_0_40_rho_0_8,,coverage,,,,,,,"00:(0,0);01:(0,6);02:(0,12);03:(0,18)","00:(18,1);01:(17,9);02:(18,0);03:(18,18)",00:0;01:0;02:0;03:0,,completed,,
10,CBAA,gilbert_elliot,pGG_0.92_pBB_0.88,19,361,4,,,cbaa_gilbert_elliott_drop_0_40_rho_0_8,,coverage,,,,,,,"00:(0,0);01:(0,6);02:(0,12);03:(0,18)","00:(7,6);01:(6,6);02:(6,5);03:(18,18)",00:0;01:0;02:0;03:0,,completed,,
11,CBAA,gilbert_elliot,pGG_0.92_pBB_0.88,19,361,4,,,cbaa_gilbert_elliott_drop_0_40_rho_0_8,,coverage,,,,,,,"00:(0,0);01:(0,6);02:(0,12);03:(0,18)","00:(14,17);01:(14,6);02:(17,18);03:(14,7)",00:0;01:0;02:0;03:0,,completed,,
12,CBAA,gilbert_elliot,pGG_0.92_pBB_0.88,19,361,4,,,cbaa_gilbert_elliott_drop_0_40_rho_0_8,,coverage,,,,,,,"00:(0,0);01:(0,6);02:(0,12);03:(0,18)","00:(11,0);01:(11,1);02:(12,16);03:(18,18)",00:0;01:0;02:0;03:0,,completed,,
13,CBAA,gilbert_elliot,pGG_0.92_pBB_0.88,19,361,4,,,cbaa_gilbert_elliott_drop_0_40_rho_0_8,,coverage,,,,,,,"00:(0,0);01:(0,6);02:(0,12);03:(0,18)","00:(1,6);01:(18,0);02:(2,7);03:(1,7)",00:0;01:0;02:0;03:0,,completed,,
14,CBAA,gilbert_elliot,pGG_0.92_pBB_0.88,19,361,4,,,cbaa_gilbert_elliott_drop_0_40_rho_0_8,,coverage,,,,,,,"00:(0,0);01:(0,6);02:(0,12);03:(0,18)","00:(18,16);01:(12,18);02:(18,18);03:(15,7)",00:0;01:0;02:0;03:0,,completed,,
15,CBAA,gilbert_elliot,pGG_0.92_pBB_0.88,19,361,4,,,cbaa_gilbert_elliott_drop_0_40_rho_0_8,,coverage,,,,,,,"00:(0,0);01:(0,6);02:(0,12);03:(0,18)","00:(0,3);01:(0,4);02:(18,18);03:(1,4)",00:0;01:0;02:0;03:0,,completed,,
16,CBAA,gilbert_elliot,pGG_0.92_pBB_0.88,19,361,4,,,cbaa_gilbert_elliott_drop_0_40_rho_0_8,,coverage,,,,,,,"00:(0,0);01:(0,6);02:(0,12);03:(0,18)","00:(17,6);01:(17,7);02:(16,6);03:(18,18)",00:0;01:0;02:0;03:0,,completed,,
17,CBAA,gilbert_elliot,pGG_0.92_pBB_0.88,19,361,4,,,cbaa_gilbert_elliott_drop_0_40_rho_0_8,,coverage,,,,,,,"00:(0,0);01:(0,6);02:(0,12);03:(0,18)","00:(4,3);01:(5,3);02:(17,16);03:(18,17)",00:0;01:0;02:0;03:0,,completed,,
18,CBAA,gilbert_elliot,pGG_0.92_pBB_0.88,19,361,4,,,cbaa_gilbert_elliott_drop_0_40_rho_0_8,,coverage,,,,,,,"00:(0,0);01:(0,6);02:(0,12);03:(0,18)","00:(13,3);01:(12,3);02:(17,18);03:(16,2)",00:0;01:0;02:0;03:0,,completed,,
19,CBAA,gilbert_elliot,pGG_0.92_pBB_0.88,19,361,4,,,cbaa_gilbert_elliott_drop_0_40_rho_0_8,,coverage,,,,,,,"00:(0,0);01:(0,6);02:(0,12);03:(0,18)","00:(18,15);01:(14,7);02:(15,12);03:(18,17)",00:0;01:0;02:0;03:0,,completed,,
20,CBAA,gilbert_elliot,pGG_0.92_pBB_0.88,19,361,4,,,cbaa_gilbert_elliott_drop_0_40_rho_0_8,,coverage,,,,,,,"00:(0,0);01:(0,6);02:(0,12);03:(0,18)","00:(9,5);01:(18,18);02:(14,18);03:(9,4)",00:0;01:0;02:0;03:0,,completed,,
21,CBAA,gilbert_elliot,pGG_0.92_pBB_0.88,19,361,4,,,cbaa_gilbert_elliott_drop_0_40_rho_0_8,,coverage,,,,,,,"00:(0,0);01:(0,6);02:(0,12);03:(0,18)","00:(16,18);01:(3,2);02:(2,2);03:(18,18)",00:0;01:0;02:0;03:0,,completed,,
22,CBAA,gilbert_elliot,pGG_0.92_pBB_0.88,19,361,4,,,cbaa_gilbert_elliott_drop_0_40_rho_0_8,,coverage,,,,,,,"00:(0,0);01:(0,6);02:(0,12);03:(0,18)","00:(6,3);01:(6,4);02:(5,0);03:(18,18)",00:0;01:0;02:0;03:0,,completed,,
23,CBAA,gilbert_elliot,pGG_0.92_pBB_0.88,19,361,4,,,cbaa_gilbert_elliott_drop_0_40_rho_0_8,,coverage,,,,,,,"00:(0,0);01:(0,6);02:(0,12);03:(0,18)","00:(13,1);01:(18,15);02:(18,13);03:(18,14)",00:0;01:0;02:0;03:0,,completed,,
24,CBAA,gilbert_elliot,pGG_0.92_pBB_0.88,19,361,4,,,cbaa_gilbert_elliott_drop_0_40_rho_0_8,,coverage,,,,,,,"00:(0,0);01:(0,6);02:(0,12);03:(0,18)","00:(4,3);01:(4,4);02:(17,18);03:(18,18)",00:0;01:0;02:0;03:0,,completed,,
25,CBAA,gilbert_elliot,pGG_0.92_pBB_0.88,19,361,4,,,cbaa_gilbert_elliott_drop_0_40_rho_0_8,,coverage,,,,,,,"00:(0,0);01:(0,6);02:(0,12);03:(0,18)","00:(12,1);01:(17,18);02:(16,18);03:(4,1)",00:0;01:0;02:0;03:0,,completed,,
26,CBAA,gilbert_elliot,pGG_0.92_pBB_0.88,19,361,4,,,cbaa_gilbert_elliott_drop_0_40_rho_0_8,,coverage,,,,,,,"00:(0,0);01:(0,6);02:(0,12);03:(0,18)","00:(10,1);01:(18,13);02:(10,0);03:(17,13)",00:0;01:0;02:0;03:0,,completed,,
27,CBAA,gilbert_elliot,pGG_0.92_pBB_0.88,19,361,4,,,cbaa_gilbert_elliott_drop_0_40_rho_0_8,,coverage,,,,,,,"00:(0,0);01:(0,6);02:(0,12);03:(0,18)","00:(2,3);01:(13,13);02:(1,3);03:(18,18)",00:0;01:0;02:0;03:0,,completed,,
28,CBAA,gilbert_elliot,pGG_0.92_pBB_0.88,19,361,4,,,cbaa_gilbert_elliott_drop_0_40_rho_0_8,,coverage,,,,,,,"00:(0,0);01:(0,6);02:(0,12);03:(0,18)","00:(0,2);01:(0,3);02:(15,18);03:(18,18)",00:0;01:0;02:0;03:0,,completed,,
29,CBAA,gilbert_elliot,pGG_0.92_pBB_0.88,19,361,4,,,cbaa_gilbert_elliott_drop_0_40_rho_0_8,,coverage,,,,,,,"00:(0,0);01:(0,6);02:(0,12);03:(0,18)","00:(2,15);01:(18,18);02:(15,0);03:(2,16)",00:0;01:0;02:0;03:0,,completed,,
30,CBAA,gilbert_elliot,pGG_0.92_pBB_0.88,19,361,4,,,cbaa_gilbert_elliott_drop_0_40_rho_0_8,,coverage,,,,,,,"00:(0,0);01:(0,6);02:(0,12);03:(0,18)","00:(2,4);01:(18,18);02:(2,5);03:(1,5)",00:0;01:0;02:0;03:0,,completed,,
31,CBAA,gilbert_elliot,pGG_0.92_pBB_0.88,19,361,4,,,cbaa_gilbert_elliott_drop_0_40_rho_0_8,,coverage,,,,,,,"00:(0,0);01:(0,6);02:(0,12);03:(0,18)","00:(18,7);01:(18,18);02:(17,18);03:(11,8)",00:0;01:0;02:0;03:0,,completed,,
32,CBAA,gilbert_elliot,pGG_0.92_pBB_0.88,19,361,4,,,cbaa_gilbert_elliott_drop_0_40_rho_0_8,,coverage,,,,,,,"00:(0,0);01:(0,6);02:(0,12);03:(0,18)",,,,failed,RuntimeError,Debug safety cap reached in trial 32. This usually means the allocator is stuck or returning no reachable goals.
33,CBAA,gilbert_elliot,pGG_0.92_pBB_0.88,19,361,4,,,cbaa_gilbert_elliott_drop_0_40_rho_0_8,,coverage,,,,,,,"00:(0,0);01:(0,6);02:(0,12);03:(0,18)","00:(16,11);01:(18,18);02:(16,9);03:(16,10)",00:0;01:0;02:0;03:0,,completed,,
34,CBAA,gilbert_elliot,pGG_0.92_pBB_0.88,19,361,4,,,cbaa_gilbert_elliott_drop_0_40_rho_0_8,,coverage,,,,,,,"00:(0,0);01:(0,6);02:(0,12);03:(0,18)","00:(0,2);01:(0,3);02:(1,2);03:(18,0)",00:0;01:0;02:0;03:0,,completed,,
35,CBAA,gilbert_elliot,pGG_0.92_pBB_0.88,19,361,4,,,cbaa_gilbert_elliott_drop_0_40_rho_0_8,,coverage,,,,,,,"00:(0,0);01:(0,6);02:(0,12);03:(0,18)","00:(0,3);01:(1,3);02:(0,4);03:(18,0)",00:0;01:0;02:0;03:0,,completed,,
36,CBAA,gilbert_elliot,pGG_0.92_pBB_0.88,19,361,4,,,cbaa_gilbert_elliott_drop_0_40_rho_0_8,,coverage,,,,,,,"00:(0,0);01:(0,6);02:(0,12);03:(0,18)","00:(4,12);01:(18,17);02:(18,13);03:(8,14)",00:0;01:0;02:0;03:0,,completed,,
37,CBAA,gilbert_elliot,pGG_0.92_pBB_0.88,19,361,4,,,cbaa_gilbert_elliott_drop_0_40_rho_0_8,,coverage,,,,,,,"00:(0,0);01:(0,6);02:(0,12);03:(0,18)","00:(16,15);01:(17,17);02:(18,18);03:(17,18)",00:0;01:0;02:0;03:0,,completed,,
38,CBAA,gilbert_elliot,pGG_0.92_pBB_0.88,19,361,4,,,cbaa_gilbert_elliott_drop_0_40_rho_0_8,,coverage,,,,,,,"00:(0,0);01:(0,6);02:(0,12);03:(0,18)","00:(4,3);01:(17,18);02:(4,2);03:(4,4)",00:0;01:0;02:0;03:0,,completed,,
39,CBAA,gilbert_elliot,pGG_0.92_pBB_0.88,19,361,4,,,cbaa_gilbert_elliott_drop_0_40_rho_0_8,,coverage,,,,,,,"00:(0,0);01:(0,6);02:(0,12);03:(0,18)","00:(4,10);01:(4,12);02:(4,11);03:(18,0)",00:0;01:0;02:0;03:0,,completed,,
40,CBAA,gilbert_elliot,pGG_0.92_pBB_0.88,19,361,4,,,cbaa_gilbert_elliott_drop_0_40_rho_0_8,,coverage,,,,,,,"00:(0,0);01:(0,6);02:(0,12);03:(0,18)","00:(7,4);01:(12,8);02:(17,18);03:(8,2)",00:0;01:0;02:0;03:0,,completed,,
41,CBAA,gilbert_elliot,pGG_0.92_pBB_0.88,19,361,4,,,cbaa_gilbert_elliott_drop_0_40_rho_0_8,,coverage,,,,,,,"00:(0,0);01:(0,6);02:(0,12);03:(0,18)","00:(16,12);01:(18,18);02:(0,2);03:(17,18)",00:0;01:0;02:0;03:0,,completed,,
42,CBAA,gilbert_elliot,pGG_0.92_pBB_0.88,19,361,4,,,cbaa_gilbert_elliott_drop_0_40_rho_0_8,,coverage,,,,,,,"00:(0,0);01:(0,6);02:(0,12);03:(0,18)","00:(18,15);01:(16,7);02:(18,0);03:(18,14)",00:0;01:0;02:0;03:0,,completed,,
43,CBAA,gilbert_elliot,pGG_0.92_pBB_0.88,19,361,4,,,cbaa_gilbert_elliott_drop_0_40_rho_0_8,,coverage,,,,,,,"00:(0,0);01:(0,6);02:(0,12);03:(0,18)","00:(3,10);01:(4,10);02:(18,0);03:(3,11)",00:0;01:0;02:0;03:0,,completed,,
44,CBAA,gilbert_elliot,pGG_0.92_pBB_0.88,19,361,4,,,cbaa_gilbert_elliott_drop_0_40_rho_0_8,,coverage,,,,,,,"00:(0,0);01:(0,6);02:(0,12);03:(0,18)","00:(3,3);01:(18,14);02:(3,4);03:(17,3)",00:0;01:0;02:0;03:0,,completed,,
45,CBAA,gilbert_elliot,pGG_0.92_pBB_0.88,19,361,4,,,cbaa_gilbert_elliott_drop_0_40_rho_0_8,,coverage,,,,,,,"00:(0,0);01:(0,6);02:(0,12);03:(0,18)","00:(9,12);01:(17,18);02:(8,12);03:(9,13)",00:0;01:0;02:0;03:0,,completed,,
46,CBAA,gilbert_elliot,pGG_0.92_pBB_0.88,19,361,4,,,cbaa_gilbert_elliott_drop_0_40_rho_0_8,,coverage,,,,,,,"00:(0,0);01:(0,6);02:(0,12);03:(0,18)","00:(9,1);01:(18,14);02:(8,2);03:(8,1)",00:0;01:0;02:0;03:0,,completed,,
47,CBAA,gilbert_elliot,pGG_0.92_pBB_0.88,19,361,4,,,cbaa_gilbert_elliott_drop_0_40_rho_0_8,,coverage,,,,,,,"00:(0,0);01:(0,6);02:(0,12);03:(0,18)","00:(14,10);01:(11,3);02:(15,15);03:(18,4)",00:0;01:0;02:0;03:0,,completed,,
48,CBAA,gilbert_elliot,pGG_0.92_pBB_0.88,19,361,4,,,cbaa_gilbert_elliott_drop_0_40_rho_0_8,,coverage,,,,,,,"00:(0,0);01:(0,6);02:(0,12);03:(0,18)","00:(10,6);01:(18,17);02:(13,10);03:(15,18)",00:0;01:0;02:0;03:0,,completed,,
49,CBAA,gilbert_elliot,pGG_0.92_pBB_0.88,19,361,4,,,cbaa_gilbert_elliott_drop_0_40_rho_0_8,,coverage,,,,,,,"00:(0,0);01:(0,6);02:(0,12);03:(0,18)","00:(17,9);01:(18,10);02:(12,15);03:(15,17)",00:0;01:0;02:0;03:0,,completed,,
50,CBAA,gilbert_elliot,pGG_0.92_pBB_0.88,19,361,4,,,cbaa_gilbert_elliott_drop_0_40_rho_0_8,,coverage,,,,,,,"00:(0,0);01:(0,6);02:(0,12);03:(0,18)","00:(18,13);01:(9,10);02:(9,11);03:(10,11)",00:0;01:0;02:0;03:0,,completed,,
51,CBAA,gilbert_elliot,pGG_0.92_pBB_0.88,19,361,4,,,cbaa_gilbert_elliott_drop_0_40_rho_0_8,,coverage,,,,,,,"00:(0,0);01:(0,6);02:(0,12);03:(0,18)","00:(4,14);01:(3,14);02:(3,13);03:(18,18)",00:0;01:0;02:0;03:0,,completed,,
52,CBAA,gilbert_elliot,pGG_0.92_pBB_0.88,19,361,4,,,cbaa_gilbert_elliott_drop_0_40_rho_0_8,,coverage,,,,,,,"00:(0,0);01:(0,6);02:(0,12);03:(0,18)","00:(6,3);01:(14,16);02:(14,17);03:(18,18)",00:0;01:0;02:0;03:0,,completed,,
53,CBAA,gilbert_elliot,pGG_0.92_pBB_0.88,19,361,4,,,cbaa_gilbert_elliott_drop_0_40_rho_0_8,,coverage,,,,,,,"00:(0,0);01:(0,6);02:(0,12);03:(0,18)","00:(7,14);01:(17,18);02:(7,13);03:(7,12)",00:0;01:0;02:0;03:0,,completed,,
54,CBAA,gilbert_elliot,pGG_0.92_pBB_0.88,19,361,4,,,cbaa_gilbert_elliott_drop_0_40_rho_0_8,,coverage,,,,,,,"00:(0,0);01:(0,6);02:(0,12);03:(0,18)","00:(5,6);01:(18,16);02:(18,15);03:(5,7)",00:0;01:0;02:0;03:0,,completed,,
55,CBAA,gilbert_elliot,pGG_0.92_pBB_0.88,19,361,4,,,cbaa_gilbert_elliott_drop_0_40_rho_0_8,,coverage,,,,,,,"00:(0,0);01:(0,6);02:(0,12);03:(0,18)","00:(18,10);01:(1,2);02:(18,12);03:(17,15)",00:0;01:0;02:0;03:0,,completed,,
56,CBAA,gilbert_elliot,pGG_0.92_pBB_0.88,19,361,4,,,cbaa_gilbert_elliott_drop_0_40_rho_0_8,,coverage,,,,,,,"00:(0,0);01:(0,6);02:(0,12);03:(0,18)","00:(16,18);01:(14,15);02:(18,7);03:(15,12)",00:0;01:0;02:0;03:0,,completed,,
57,CBAA,gilbert_elliot,pGG_0.92_pBB_0.88,19,361,4,,,cbaa_gilbert_elliott_drop_0_40_rho_0_8,,coverage,,,,,,,"00:(0,0);01:(0,6);02:(0,12);03:(0,18)","00:(16,7);01:(3,14);02:(18,0);03:(2,14)",00:0;01:0;02:0;03:0,,completed,,
58,CBAA,gilbert_elliot,pGG_0.92_pBB_0.88,19,361,4,,,cbaa_gilbert_elliott_drop_0_40_rho_0_8,,coverage,,,,,,,"00:(0,0);01:(0,6);02:(0,12);03:(0,18)","00:(14,4);01:(18,18);02:(14,5);03:(14,3)",00:0;01:0;02:0;03:0,,completed,,
59,CBAA,gilbert_elliot,pGG_0.92_pBB_0.88,19,361,4,,,cbaa_gilbert_elliott_drop_0_40_rho_0_8,,coverage,,,,,,,"00:(0,0);01:(0,6);02:(0,12);03:(0,18)","00:(2,3);01:(18,18);02:(2,4);03:(17,10)",00:0;01:0;02:0;03:0,,completed,,
60,CBAA,gilbert_elliot,pGG_0.92_pBB_0.88,19,361,4,,,cbaa_gilbert_elliott_drop_0_40_rho_0_8,,coverage,,,,,,,"00:(0,0);01:(0,6);02:(0,12);03:(0,18)",,,,failed,RuntimeError,Debug safety cap reached in trial 60. This usually means the allocator is stuck or returning no reachable goals.
61,CBAA,gilbert_elliot,pGG_0.92_pBB_0.88,19,361,4,,,cbaa_gilbert_elliott_drop_0_40_rho_0_8,,coverage,,,,,,,"00:(0,0);01:(0,6);02:(0,12);03:(0,18)","00:(12,14);01:(11,14);02:(11,15);03:(18,15)",00:0;01:0;02:0;03:0,,completed,,
62,CBAA,gilbert_elliot,pGG_0.92_pBB_0.88,19,361,4,,,cbaa_gilbert_elliott_drop_0_40_rho_0_8,,coverage,,,,,,,"00:(0,0);01:(0,6);02:(0,12);03:(0,18)","00:(18,18);01:(8,17);02:(11,3);03:(8,9)",00:0;01:0;02:0;03:0,,completed,,
63,CBAA,gilbert_elliot,pGG_0.92_pBB_0.88,19,361,4,,,cbaa_gilbert_elliott_drop_0_40_rho_0_8,,coverage,,,,,,,"00:(0,0);01:(0,6);02:(0,12);03:(0,18)","00:(3,5);01:(3,6);02:(18,0);03:(4,6)",00:0;01:0;02:0;03:0,,completed,,
64,CBAA,gilbert_elliot,pGG_0.92_pBB_0.88,19,361,4,,,cbaa_gilbert_elliott_drop_0_40_rho_0_8,,coverage,,,,,,,"00:(0,0);01:(0,6);02:(0,12);03:(0,18)",,,,failed,RuntimeError,Debug safety cap reached in trial 64. This usually means the allocator is stuck or returning no reachable goals.
65,CBAA,gilbert_elliot,pGG_0.92_pBB_0.88,19,361,4,,,cbaa_gilbert_elliott_drop_0_40_rho_0_8,,coverage,,,,,,,"00:(0,0);01:(0,6);02:(0,12);03:(0,18)","00:(18,12);01:(18,18);02:(18,10);03:(18,11)",00:0;01:0;02:0;03:0,,completed,,
66,CBAA,gilbert_elliot,pGG_0.92_pBB_0.88,19,361,4,,,cbaa_gilbert_elliott_drop_0_40_rho_0_8,,coverage,,,,,,,"00:(0,0);01:(0,6);02:(0,12);03:(0,18)","00:(7,4);01:(7,5);02:(18,15);03:(18,16)",00:0;01:0;02:0;03:0,,completed,,
67,CBAA,gilbert_elliot,pGG_0.92_pBB_0.88,19,361,4,,,cbaa_gilbert_elliott_drop_0_40_rho_0_8,,coverage,,,,,,,"00:(0,0);01:(0,6);02:(0,12);03:(0,18)","00:(8,4);01:(9,4);02:(18,18);03:(9,5)",00:0;01:0;02:0;03:0,,completed,,
68,CBAA,gilbert_elliot,pGG_0.92_pBB_0.88,19,361,4,,,cbaa_gilbert_elliott_drop_0_40_rho_0_8,,coverage,,,,,,,"00:(0,0);01:(0,6);02:(0,12);03:(0,18)",,,,failed,RuntimeError,Debug safety cap reached in trial 68. This usually means the allocator is stuck or returning no reachable goals.
69,CBAA,gilbert_elliot,pGG_0.92_pBB_0.88,19,361,4,,,cbaa_gilbert_elliott_drop_0_40_rho_0_8,,coverage,,,,,,,"00:(0,0);01:(0,6);02:(0,12);03:(0,18)","00:(18,9);01:(18,18);02:(18,4);03:(18,7)",00:0;01:0;02:0;03:0,,completed,,
70,CBAA,gilbert_elliot,pGG_0.92_pBB_0.88,19,361,4,,,cbaa_gilbert_elliott_drop_0_40_rho_0_8,,coverage,,,,,,,"00:(0,0);01:(0,6);02:(0,12);03:(0,18)","00:(12,15);01:(13,15);02:(18,18);03:(13,14)",00:0;01:0;02:0;03:0,,completed,,
71,CBAA,gilbert_elliot,pGG_0.92_pBB_0.88,19,361,4,,,cbaa_gilbert_elliott_drop_0_40_rho_0_8,,coverage,,,,,,,"00:(0,0);01:(0,6);02:(0,12);03:(0,18)","00:(0,2);01:(0,3);02:(0,4);03:(18,18)",00:0;01:0;02:0;03:0,,completed,,
72,CBAA,gilbert_elliot,pGG_0.92_pBB_0.88,19,361,4,,,cbaa_gilbert_elliott_drop_0_40_rho_0_8,,coverage,,,,,,,"00:(0,0);01:(0,6);02:(0,12);03:(0,18)","00:(0,3);01:(0,4);02:(9,5);03:(18,14)",00:0;01:0;02:0;03:0,,completed,,
73,CBAA,gilbert_elliot,pGG_0.92_pBB_0.88,19,361,4,,,cbaa_gilbert_elliott_drop_0_40_rho_0_8,,coverage,,,,,,,"00:(0,0);01:(0,6);02:(0,12);03:(0,18)","00:(12,4);01:(12,5);02:(10,4);03:(18,18)",00:0;01:0;02:0;03:0,,completed,,
74,CBAA,gilbert_elliot,pGG_0.92_pBB_0.88,19,361,4,,,cbaa_gilbert_elliott_drop_0_40_rho_0_8,,coverage,,,,,,,"00:(0,0);01:(0,6);02:(0,12);03:(0,18)","00:(17,8);01:(2,1);02:(2,2);03:(18,13)",00:0;01:0;02:0;03:0,,completed,,
75,CBAA,gilbert_elliot,pGG_0.92_pBB_0.88,19,361,4,,,cbaa_gilbert_elliott_drop_0_40_rho_0_8,,coverage,,,,,,,"00:(0,0);01:(0,6);02:(0,12);03:(0,18)",,,,failed,RuntimeError,Debug safety cap reached in trial 75. This usually means the allocator is stuck or returning no reachable goals.
76,CBAA,gilbert_elliot,pGG_0.92_pBB_0.88,19,361,4,,,cbaa_gilbert_elliott_drop_0_40_rho_0_8,,coverage,,,,,,,"00:(0,0);01:(0,6);02:(0,12);03:(0,18)","00:(4,10);01:(18,15);02:(5,10);03:(4,1)",00:0;01:0;02:0;03:0,,completed,,
77,CBAA,gilbert_elliot,pGG_0.92_pBB_0.88,19,361,4,,,cbaa_gilbert_elliott_drop_0_40_rho_0_8,,coverage,,,,,,,"00:(0,0);01:(0,6);02:(0,12);03:(0,18)","00:(1,2);01:(2,1);02:(2,2);03:(18,18)",00:0;01:0;02:0;03:0,,completed,,
78,CBAA,gilbert_elliot,pGG_0.92_pBB_0.88,19,361,4,,,cbaa_gilbert_elliott_drop_0_40_rho_0_8,,coverage,,,,,,,"00:(0,0);01:(0,6);02:(0,12);03:(0,18)",,,,failed,RuntimeError,Debug safety cap reached in trial 78. This usually means the allocator is stuck or returning no reachable goals.
79,CBAA,gilbert_elliot,pGG_0.92_pBB_0.88,19,361,4,,,cbaa_gilbert_elliott_drop_0_40_rho_0_8,,coverage,,,,,,,"00:(0,0);01:(0,6);02:(0,12);03:(0,18)",,,,failed,RuntimeError,Debug safety cap reached in trial 79. This usually means the allocator is stuck or returning no reachable goals.
80,CBAA,gilbert_elliot,pGG_0.92_pBB_0.88,19,361,4,,,cbaa_gilbert_elliott_drop_0_40_rho_0_8,,coverage,,,,,,,"00:(0,0);01:(0,6);02:(0,12);03:(0,18)","00:(2,5);01:(2,4);02:(2,6);03:(18,18)",00:0;01:0;02:0;03:0,,completed,,
81,CBAA,gilbert_elliot,pGG_0.92_pBB_0.88,19,361,4,,,cbaa_gilbert_elliott_drop_0_40_rho_0_8,,coverage,,,,,,,"00:(0,0);01:(0,6);02:(0,12);03:(0,18)","00:(2,17);01:(1,17);02:(18,18);03:(1,18)",00:0;01:0;02:0;03:0,,completed,,
82,CBAA,gilbert_elliot,pGG_0.92_pBB_0.88,19,361,4,,,cbaa_gilbert_elliott_drop_0_40_rho_0_8,,coverage,,,,,,,"00:(0,0);01:(0,6);02:(0,12);03:(0,18)","00:(18,18);01:(1,2);02:(1,3);03:(1,4)",00:0;01:0;02:0;03:0,,completed,,
83,CBAA,gilbert_elliot,pGG_0.92_pBB_0.88,19,361,4,,,cbaa_gilbert_elliott_drop_0_40_rho_0_8,,coverage,,,,,,,"00:(0,0);01:(0,6);02:(0,12);03:(0,18)","00:(16,2);01:(18,18);02:(16,3);03:(18,15)",00:0;01:0;02:0;03:0,,completed,,
84,CBAA,gilbert_elliot,pGG_0.92_pBB_0.88,19,361,4,,,cbaa_gilbert_elliott_drop_0_40_rho_0_8,,coverage,,,,,,,"00:(0,0);01:(0,6);02:(0,12);03:(0,18)","00:(18,15);01:(7,0);02:(6,0);03:(5,0)",00:0;01:0;02:0;03:0,,completed,,
85,CBAA,gilbert_elliot,pGG_0.92_pBB_0.88,19,361,4,,,cbaa_gilbert_elliott_drop_0_40_rho_0_8,,coverage,,,,,,,"00:(0,0);01:(0,6);02:(0,12);03:(0,18)","00:(18,15);01:(1,8);02:(2,8);03:(1,9)",00:0;01:0;02:0;03:0,,completed,,
86,CBAA,gilbert_elliot,pGG_0.92_pBB_0.88,19,361,4,,,cbaa_gilbert_elliott_drop_0_40_rho_0_8,,coverage,,,,,,,"00:(0,0);01:(0,6);02:(0,12);03:(0,18)","00:(4,5);01:(18,13);02:(4,4);03:(3,4)",00:0;01:0;02:0;03:0,,completed,,
87,CBAA,gilbert_elliot,pGG_0.92_pBB_0.88,19,361,4,,,cbaa_gilbert_elliott_drop_0_40_rho_0_8,,coverage,,,,,,,"00:(0,0);01:(0,6);02:(0,12);03:(0,18)",,,,failed,RuntimeError,Debug safety cap reached in trial 87. This usually means the allocator is stuck or returning no reachable goals.
88,CBAA,gilbert_elliot,pGG_0.92_pBB_0.88,19,361,4,,,cbaa_gilbert_elliott_drop_0_40_rho_0_8,,coverage,,,,,,,"00:(0,0);01:(0,6);02:(0,12);03:(0,18)","00:(7,17);01:(5,17);02:(18,18);03:(6,17)",00:0;01:0;02:0;03:0,,completed,,
89,CBAA,gilbert_elliot,pGG_0.92_pBB_0.88,19,361,4,,,cbaa_gilbert_elliott_drop_0_40_rho_0_8,,coverage,,,,,,,"00:(0,0);01:(0,6);02:(0,12);03:(0,18)","00:(3,7);01:(18,18);02:(3,8);03:(2,8)",00:0;01:0;02:0;03:0,,completed,,
90,CBAA,gilbert_elliot,pGG_0.92_pBB_0.88,19,361,4,,,cbaa_gilbert_elliott_drop_0_40_rho_0_8,,coverage,,,,,,,"00:(0,0);01:(0,6);02:(0,12);03:(0,18)",,,,failed,RuntimeError,Debug safety cap reached in trial 90. This usually means the allocator is stuck or returning no reachable goals.
91,CBAA,gilbert_elliot,pGG_0.92_pBB_0.88,19,361,4,,,cbaa_gilbert_elliott_drop_0_40_rho_0_8,,coverage,,,,,,,"00:(0,0);01:(0,6);02:(0,12);03:(0,18)","00:(3,1);01:(3,2);02:(18,18);03:(2,1)",00:0;01:0;02:0;03:0,,completed,,
92,CBAA,gilbert_elliot,pGG_0.92_pBB_0.88,19,361,4,,,cbaa_gilbert_elliott_drop_0_40_rho_0_8,,coverage,,,,,,,"00:(0,0);01:(0,6);02:(0,12);03:(0,18)","00:(4,3);01:(4,4);02:(16,12);03:(17,18)",00:0;01:0;02:0;03:0,,completed,,
93,CBAA,gilbert_elliot,pGG_0.92_pBB_0.88,19,361,4,,,cbaa_gilbert_elliott_drop_0_40_rho_0_8,,coverage,,,,,,,"00:(0,0);01:(0,6);02:(0,12);03:(0,18)","00:(17,9);01:(16,12);02:(18,5);03:(18,17)",00:0;01:0;02:0;03:0,,completed,,
94,CBAA,gilbert_elliot,pGG_0.92_pBB_0.88,19,361,4,,,cbaa_gilbert_elliott_drop_0_40_rho_0_8,,coverage,,,,,,,"00:(0,0);01:(0,6);02:(0,12);03:(0,18)","00:(4,2);01:(18,18);02:(4,3);03:(16,11)",00:0;01:0;02:0;03:0,,completed,,
95,CBAA,gilbert_elliot,pGG_0.92_pBB_0.88,19,361,4,,,cbaa_gilbert_elliott_drop_0_40_rho_0_8,,coverage,,,,,,,"00:(0,0);01:(0,6);02:(0,12);03:(0,18)","00:(0,3);01:(0,4);02:(1,3);03:(18,17)",00:0;01:0;02:0;03:0,,completed,,
96,CBAA,gilbert_elliot,pGG_0.92_pBB_0.88,19,361,4,,,cbaa_gilbert_elliott_drop_0_40_rho_0_8,,coverage,,,,,,,"00:(0,0);01:(0,6);02:(0,12);03:(0,18)","00:(0,2);01:(0,3);02:(18,13);03:(13,12)",00:0;01:0;02:0;03:0,,completed,,
97,CBAA,gilbert_elliot,pGG_0.92_pBB_0.88,19,361,4,,,cbaa_gilbert_elliott_drop_0_40_rho_0_8,,coverage,,,,,,,"00:(0,0);01:(0,6);02:(0,12);03:(0,18)","00:(2,5);01:(1,5);02:(18,18);03:(18,14)",00:0;01:0;02:0;03:0,,completed,,
98,CBAA,gilbert_elliot,pGG_0.92_pBB_0.88,19,361,4,,,cbaa_gilbert_elliott_drop_0_40_rho_0_8,,coverage,,,,,,,"00:(0,0);01:(0,6);02:(0,12);03:(0,18)","00:(4,16);01:(18,18);02:(10,4);03:(4,17)",00:0;01:0;02:0;03:0,,completed,,
99,CBAA,gilbert_elliot,pGG_0.92_pBB_0.88,19,361,4,,,cbaa_gilbert_elliott_drop_0_40_rho_0_8,,coverage,,,,,,,"00:(0,0);01:(0,6);02:(0,12);03:(0,18)","00:(0,3);01:(0,4);02:(18,17);03:(17,16)",00:0;01:0;02:0;03:0,,completed,,
