trial_id,logic_revision,study_profile,scenario_file_sha256,scenario_selection_sha256,algorithm,comm_model,comm_level,grid_size,grid_cells,robot_count,target_cells_per_robot,actual_cells_per_robot,condition_id,scenario_file,trial_mode,robot_id,steps_total,steps_after_first_clue,unique_cells_contributed,system_revisits_by_robot,task_cell_replans,path_replans,collision_prevention_events,messages_sent,protected_messages_sent,unprotected_messages_sent,core_messages_sent,allocation_messages_sent,post_clue_messages_sent,messages_sent_by_topic,messages_delivered_to_robot,messages_dropped_to_robot,trial_status
0,dcta_parity_v1,custom,95fe4e46f3c15da64ab8656605a5093c082d79e6c7f43859e3752dc255ac3760,2e16b45d85197d093ced9da2c3d2ff8f1d35a252c10278fc936bff1dcc2782e6,PI,ideal,1.0,14,196,4,50.0,49.0,pi_g14_d50_ideal,reruns\grid_density\scenarios\clips\scaling_grid14_trials50.csv,clue_search,00,32,27,31,2,0,0,0,100,32,68,66,34,90,clue:2;collision_intent:32;pi_entry:34;state:32,298,0,completed
0,dcta_parity_v1,custom,95fe4e46f3c15da64ab8656605a5093c082d79e6c7f43859e3752dc255ac3760,2e16b45d85197d093ced9da2c3d2ff8f1d35a252c10278fc936bff1dcc2782e6,PI,ideal,1.0,14,196,4,50.0,49.0,pi_g14_d50_ideal,reruns\grid_density\scenarios\clips\scaling_grid14_trials50.csv,clue_search,01,32,28,25,8,1,0,0,96,33,63,67,29,87,clue:2;collision_intent:32;pi_entry:29;state:32;target:1,302,0,completed
0,dcta_parity_v1,custom,95fe4e46f3c15da64ab8656605a5093c082d79e6c7f43859e3752dc255ac3760,2e16b45d85197d093ced9da2c3d2ff8f1d35a252c10278fc936bff1dcc2782e6,PI,ideal,1.0,14,196,4,50.0,49.0,pi_g14_d50_ideal,reruns\grid_density\scenarios\clips\scaling_grid14_trials50.csv,clue_search,02,32,28,33,0,0,0,0,107,32,75,66,41,99,clue:2;collision_intent:32;pi_entry:41;state:32,291,0,completed
0,dcta_parity_v1,custom,95fe4e46f3c15da64ab8656605a5093c082d79e6c7f43859e3752dc255ac3760,2e16b45d85197d093ced9da2c3d2ff8f1d35a252c10278fc936bff1dcc2782e6,PI,ideal,1.0,14,196,4,50.0,49.0,pi_g14_d50_ideal,reruns\grid_density\scenarios\clips\scaling_grid14_trials50.csv,clue_search,03,33,29,28,6,0,0,0,95,33,62,68,27,87,clue:2;collision_intent:33;pi_entry:27;state:33,302,0,completed
1,dcta_parity_v1,custom,95fe4e46f3c15da64ab8656605a5093c082d79e6c7f43859e3752dc255ac3760,2e16b45d85197d093ced9da2c3d2ff8f1d35a252c10278fc936bff1dcc2782e6,PI,ideal,1.0,14,196,4,50.0,49.0,pi_g14_d50_ideal,reruns\grid_density\scenarios\clips\scaling_grid14_trials50.csv,clue_search,00,48,46,37,12,0,0,0,155,48,107,100,55,151,clue:4;collision_intent:48;pi_entry:55;state:48,492,0,completed
1,dcta_parity_v1,custom,95fe4e46f3c15da64ab8656605a5093c082d79e6c7f43859e3752dc255ac3760,2e16b45d85197d093ced9da2c3d2ff8f1d35a252c10278fc936bff1dcc2782e6,PI,ideal,1.0,14,196,4,50.0,49.0,pi_g14_d50_ideal,reruns\grid_density\scenarios\clips\scaling_grid14_trials50.csv,clue_search,01,48,46,49,0,1,0,0,164,48,116,100,64,160,clue:4;collision_intent:48;pi_entry:64;state:48,482,0,completed
1,dcta_parity_v1,custom,95fe4e46f3c15da64ab8656605a5093c082d79e6c7f43859e3752dc255ac3760,2e16b45d85197d093ced9da2c3d2ff8f1d35a252c10278fc936bff1dcc2782e6,PI,ideal,1.0,14,196,4,50.0,49.0,pi_g14_d50_ideal,reruns\grid_density\scenarios\clips\scaling_grid14_trials50.csv,clue_search,02,48,47,45,4,0,2,2,169,50,119,102,67,167,clue:4;collision_intent:50;pi_clear_path:1;pi_entry:66;state:48,478,0,completed
1,dcta_parity_v1,custom,95fe4e46f3c15da64ab8656605a5093c082d79e6c7f43859e3752dc255ac3760,2e16b45d85197d093ced9da2c3d2ff8f1d35a252c10278fc936bff1dcc2782e6,PI,ideal,1.0,14,196,4,50.0,49.0,pi_g14_d50_ideal,reruns\grid_density\scenarios\clips\scaling_grid14_trials50.csv,clue_search,03,49,47,46,4,0,0,0,159,50,109,103,56,155,clue:4;collision_intent:49;pi_entry:56;state:49;target:1,488,0,completed
2,dcta_parity_v1,custom,95fe4e46f3c15da64ab8656605a5093c082d79e6c7f43859e3752dc255ac3760,2e16b45d85197d093ced9da2c3d2ff8f1d35a252c10278fc936bff1dcc2782e6,PI,ideal,1.0,14,196,4,50.0,49.0,pi_g14_d50_ideal,reruns\grid_density\scenarios\clips\scaling_grid14_trials50.csv,clue_search,00,52,43,41,12,0,0,0,143,53,90,108,35,125,clue:3;collision_intent:53;pi_entry:35;state:52,462,0,completed
2,dcta_parity_v1,custom,95fe4e46f3c15da64ab8656605a5093c082d79e6c7f43859e3752dc255ac3760,2e16b45d85197d093ced9da2c3d2ff8f1d35a252c10278fc936bff1dcc2782e6,PI,ideal,1.0,14,196,4,50.0,49.0,pi_g14_d50_ideal,reruns\grid_density\scenarios\clips\scaling_grid14_trials50.csv,clue_search,01,53,44,51,3,0,0,0,169,54,115,110,59,151,clue:3;collision_intent:53;pi_entry:59;state:53;target:1,436,0,completed
2,dcta_parity_v1,custom,95fe4e46f3c15da64ab8656605a5093c082d79e6c7f43859e3752dc255ac3760,2e16b45d85197d093ced9da2c3d2ff8f1d35a252c10278fc936bff1dcc2782e6,PI,ideal,1.0,14,196,4,50.0,49.0,pi_g14_d50_ideal,reruns\grid_density\scenarios\clips\scaling_grid14_trials50.csv,clue_search,02,49,40,36,14,0,0,0,140,49,91,101,39,122,clue:3;collision_intent:49;pi_entry:39;state:49,464,0,completed
2,dcta_parity_v1,custom,95fe4e46f3c15da64ab8656605a5093c082d79e6c7f43859e3752dc255ac3760,2e16b45d85197d093ced9da2c3d2ff8f1d35a252c10278fc936bff1dcc2782e6,PI,ideal,1.0,14,196,4,50.0,49.0,pi_g14_d50_ideal,reruns\grid_density\scenarios\clips\scaling_grid14_trials50.csv,clue_search,03,51,42,48,4,0,0,0,153,51,102,105,48,135,clue:3;collision_intent:51;pi_entry:48;state:51,452,0,completed
3,dcta_parity_v1,custom,95fe4e46f3c15da64ab8656605a5093c082d79e6c7f43859e3752dc255ac3760,2e16b45d85197d093ced9da2c3d2ff8f1d35a252c10278fc936bff1dcc2782e6,PI,ideal,1.0,14,196,4,50.0,49.0,pi_g14_d50_ideal,reruns\grid_density\scenarios\clips\scaling_grid14_trials50.csv,clue_search,00,21,8,22,0,0,0,0,55,21,34,44,11,28,clue:2;collision_intent:21;pi_entry:11;state:21,155,0,completed
3,dcta_parity_v1,custom,95fe4e46f3c15da64ab8656605a5093c082d79e6c7f43859e3752dc255ac3760,2e16b45d85197d093ced9da2c3d2ff8f1d35a252c10278fc936bff1dcc2782e6,PI,ideal,1.0,14,196,4,50.0,49.0,pi_g14_d50_ideal,reruns\grid_density\scenarios\clips\scaling_grid14_trials50.csv,clue_search,01,21,8,22,0,0,0,0,54,21,33,44,10,27,clue:2;collision_intent:21;pi_entry:10;state:21,156,0,completed
3,dcta_parity_v1,custom,95fe4e46f3c15da64ab8656605a5093c082d79e6c7f43859e3752dc255ac3760,2e16b45d85197d093ced9da2c3d2ff8f1d35a252c10278fc936bff1dcc2782e6,PI,ideal,1.0,14,196,4,50.0,49.0,pi_g14_d50_ideal,reruns\grid_density\scenarios\clips\scaling_grid14_trials50.csv,clue_search,02,21,7,20,2,0,1,1,55,23,32,46,9,27,clue:2;collision_intent:22;pi_entry:9;state:21;target:1,156,0,completed
3,dcta_parity_v1,custom,95fe4e46f3c15da64ab8656605a5093c082d79e6c7f43859e3752dc255ac3760,2e16b45d85197d093ced9da2c3d2ff8f1d35a252c10278fc936bff1dcc2782e6,PI,ideal,1.0,14,196,4,50.0,49.0,pi_g14_d50_ideal,reruns\grid_density\scenarios\clips\scaling_grid14_trials50.csv,clue_search,03,21,8,19,3,1,0,0,47,21,26,44,3,20,clue:2;collision_intent:21;pi_entry:3;state:21,162,0,completed
4,dcta_parity_v1,custom,95fe4e46f3c15da64ab8656605a5093c082d79e6c7f43859e3752dc255ac3760,2e16b45d85197d093ced9da2c3d2ff8f1d35a252c10278fc936bff1dcc2782e6,PI,ideal,1.0,14,196,4,50.0,49.0,pi_g14_d50_ideal,reruns\grid_density\scenarios\clips\scaling_grid14_trials50.csv,clue_search,00,19,15,18,2,0,0,0,56,20,36,40,16,48,clue:1;collision_intent:19;pi_entry:16;state:19;target:1,157,0,completed
4,dcta_parity_v1,custom,95fe4e46f3c15da64ab8656605a5093c082d79e6c7f43859e3752dc255ac3760,2e16b45d85197d093ced9da2c3d2ff8f1d35a252c10278fc936bff1dcc2782e6,PI,ideal,1.0,14,196,4,50.0,49.0,pi_g14_d50_ideal,reruns\grid_density\scenarios\clips\scaling_grid14_trials50.csv,clue_search,01,18,14,17,2,1,0,0,47,18,29,37,10,39,clue:1;collision_intent:18;pi_entry:10;state:18,165,0,completed
4,dcta_parity_v1,custom,95fe4e46f3c15da64ab8656605a5093c082d79e6c7f43859e3752dc255ac3760,2e16b45d85197d093ced9da2c3d2ff8f1d35a252c10278fc936bff1dcc2782e6,PI,ideal,1.0,14,196,4,50.0,49.0,pi_g14_d50_ideal,reruns\grid_density\scenarios\clips\scaling_grid14_trials50.csv,clue_search,02,17,13,17,1,0,0,0,53,18,35,36,17,45,clue:1;collision_intent:18;pi_entry:17;state:17,159,0,completed
4,dcta_parity_v1,custom,95fe4e46f3c15da64ab8656605a5093c082d79e6c7f43859e3752dc255ac3760,2e16b45d85197d093ced9da2c3d2ff8f1d35a252c10278fc936bff1dcc2782e6,PI,ideal,1.0,14,196,4,50.0,49.0,pi_g14_d50_ideal,reruns\grid_density\scenarios\clips\scaling_grid14_trials50.csv,clue_search,03,18,14,14,5,1,0,0,57,18,39,37,20,49,clue:1;collision_intent:18;pi_entry:20;state:18,155,0,completed
5,dcta_parity_v1,custom,95fe4e46f3c15da64ab8656605a5093c082d79e6c7f43859e3752dc255ac3760,2e16b45d85197d093ced9da2c3d2ff8f1d35a252c10278fc936bff1dcc2782e6,PI,ideal,1.0,14,196,4,50.0,49.0,pi_g14_d50_ideal,reruns\grid_density\scenarios\clips\scaling_grid14_trials50.csv,clue_search,00,44,42,43,2,0,0,0,147,44,103,90,57,143,clue:2;collision_intent:44;pi_entry:57;state:44,427,0,completed
5,dcta_parity_v1,custom,95fe4e46f3c15da64ab8656605a5093c082d79e6c7f43859e3752dc255ac3760,2e16b45d85197d093ced9da2c3d2ff8f1d35a252c10278fc936bff1dcc2782e6,PI,ideal,1.0,14,196,4,50.0,49.0,pi_g14_d50_ideal,reruns\grid_density\scenarios\clips\scaling_grid14_trials50.csv,clue_search,01,46,44,39,8,0,2,2,147,49,98,97,50,143,clue:2;collision_intent:48;pi_entry:50;state:46;target:1,428,0,completed
5,dcta_parity_v1,custom,95fe4e46f3c15da64ab8656605a5093c082d79e6c7f43859e3752dc255ac3760,2e16b45d85197d093ced9da2c3d2ff8f1d35a252c10278fc936bff1dcc2782e6,PI,ideal,1.0,14,196,4,50.0,49.0,pi_g14_d50_ideal,reruns\grid_density\scenarios\clips\scaling_grid14_trials50.csv,clue_search,02,42,41,41,2,0,1,1,144,44,100,88,56,142,clue:2;collision_intent:44;pi_entry:56;state:42,431,0,completed
5,dcta_parity_v1,custom,95fe4e46f3c15da64ab8656605a5093c082d79e6c7f43859e3752dc255ac3760,2e16b45d85197d093ced9da2c3d2ff8f1d35a252c10278fc936bff1dcc2782e6,PI,ideal,1.0,14,196,4,50.0,49.0,pi_g14_d50_ideal,reruns\grid_density\scenarios\clips\scaling_grid14_trials50.csv,clue_search,03,44,42,34,11,0,0,0,137,44,93,90,47,133,clue:2;collision_intent:44;pi_entry:47;state:44,438,0,completed
6,dcta_parity_v1,custom,95fe4e46f3c15da64ab8656605a5093c082d79e6c7f43859e3752dc255ac3760,2e16b45d85197d093ced9da2c3d2ff8f1d35a252c10278fc936bff1dcc2782e6,PI,ideal,1.0,14,196,4,50.0,49.0,pi_g14_d50_ideal,reruns\grid_density\scenarios\clips\scaling_grid14_trials50.csv,clue_search,00,25,18,24,2,0,0,0,77,26,51,52,25,63,clue:1;collision_intent:25;pi_entry:25;state:25;target:1,207,0,completed
6,dcta_parity_v1,custom,95fe4e46f3c15da64ab8656605a5093c082d79e6c7f43859e3752dc255ac3760,2e16b45d85197d093ced9da2c3d2ff8f1d35a252c10278fc936bff1dcc2782e6,PI,ideal,1.0,14,196,4,50.0,49.0,pi_g14_d50_ideal,reruns\grid_density\scenarios\clips\scaling_grid14_trials50.csv,clue_search,01,25,18,25,1,1,0,0,65,25,40,51,14,51,clue:1;collision_intent:25;pi_entry:14;state:25,218,0,completed
6,dcta_parity_v1,custom,95fe4e46f3c15da64ab8656605a5093c082d79e6c7f43859e3752dc255ac3760,2e16b45d85197d093ced9da2c3d2ff8f1d35a252c10278fc936bff1dcc2782e6,PI,ideal,1.0,14,196,4,50.0,49.0,pi_g14_d50_ideal,reruns\grid_density\scenarios\clips\scaling_grid14_trials50.csv,clue_search,02,23,16,23,1,0,0,0,69,23,46,47,22,55,clue:1;collision_intent:23;pi_entry:22;state:23,215,0,completed
6,dcta_parity_v1,custom,95fe4e46f3c15da64ab8656605a5093c082d79e6c7f43859e3752dc255ac3760,2e16b45d85197d093ced9da2c3d2ff8f1d35a252c10278fc936bff1dcc2782e6,PI,ideal,1.0,14,196,4,50.0,49.0,pi_g14_d50_ideal,reruns\grid_density\scenarios\clips\scaling_grid14_trials50.csv,clue_search,03,24,17,22,3,1,0,0,73,24,49,49,24,59,clue:1;collision_intent:24;pi_entry:24;state:24,209,0,completed
7,dcta_parity_v1,custom,95fe4e46f3c15da64ab8656605a5093c082d79e6c7f43859e3752dc255ac3760,2e16b45d85197d093ced9da2c3d2ff8f1d35a252c10278fc936bff1dcc2782e6,PI,ideal,1.0,14,196,4,50.0,49.0,pi_g14_d50_ideal,reruns\grid_density\scenarios\clips\scaling_grid14_trials50.csv,clue_search,00,28,24,26,3,0,0,0,90,28,62,58,32,82,clue:2;collision_intent:28;pi_entry:32;state:28,268,0,completed
7,dcta_parity_v1,custom,95fe4e46f3c15da64ab8656605a5093c082d79e6c7f43859e3752dc255ac3760,2e16b45d85197d093ced9da2c3d2ff8f1d35a252c10278fc936bff1dcc2782e6,PI,ideal,1.0,14,196,4,50.0,49.0,pi_g14_d50_ideal,reruns\grid_density\scenarios\clips\scaling_grid14_trials50.csv,clue_search,01,29,25,25,5,0,0,0,83,29,54,60,23,75,clue:2;collision_intent:29;pi_entry:23;state:29,275,0,completed
7,dcta_parity_v1,custom,95fe4e46f3c15da64ab8656605a5093c082d79e6c7f43859e3752dc255ac3760,2e16b45d85197d093ced9da2c3d2ff8f1d35a252c10278fc936bff1dcc2782e6,PI,ideal,1.0,14,196,4,50.0,49.0,pi_g14_d50_ideal,reruns\grid_density\scenarios\clips\scaling_grid14_trials50.csv,clue_search,02,29,26,28,2,0,0,0,93,30,63,61,32,87,clue:2;collision_intent:29;pi_entry:32;state:29;target:1,267,0,completed
7,dcta_parity_v1,custom,95fe4e46f3c15da64ab8656605a5093c082d79e6c7f43859e3752dc255ac3760,2e16b45d85197d093ced9da2c3d2ff8f1d35a252c10278fc936bff1dcc2782e6,PI,ideal,1.0,14,196,4,50.0,49.0,pi_g14_d50_ideal,reruns\grid_density\scenarios\clips\scaling_grid14_trials50.csv,clue_search,03,29,25,28,2,0,0,0,94,30,64,61,33,86,clue:2;collision_intent:30;pi_entry:33;state:29,265,0,completed
8,dcta_parity_v1,custom,95fe4e46f3c15da64ab8656605a5093c082d79e6c7f43859e3752dc255ac3760,2e16b45d85197d093ced9da2c3d2ff8f1d35a252c10278fc936bff1dcc2782e6,PI,ideal,1.0,14,196,4,50.0,49.0,pi_g14_d50_ideal,reruns\grid_density\scenarios\clips\scaling_grid14_trials50.csv,clue_search,00,21,12,21,1,0,0,0,61,22,39,45,16,43,clue:2;collision_intent:21;pi_entry:16;state:21;target:1,174,0,completed
8,dcta_parity_v1,custom,95fe4e46f3c15da64ab8656605a5093c082d79e6c7f43859e3752dc255ac3760,2e16b45d85197d093ced9da2c3d2ff8f1d35a252c10278fc936bff1dcc2782e6,PI,ideal,1.0,14,196,4,50.0,49.0,pi_g14_d50_ideal,reruns\grid_density\scenarios\clips\scaling_grid14_trials50.csv,clue_search,01,21,12,21,1,1,0,0,61,21,40,44,17,43,clue:2;collision_intent:21;pi_entry:17;state:21,173,0,completed
8,dcta_parity_v1,custom,95fe4e46f3c15da64ab8656605a5093c082d79e6c7f43859e3752dc255ac3760,2e16b45d85197d093ced9da2c3d2ff8f1d35a252c10278fc936bff1dcc2782e6,PI,ideal,1.0,14,196,4,50.0,49.0,pi_g14_d50_ideal,reruns\grid_density\scenarios\clips\scaling_grid14_trials50.csv,clue_search,02,20,12,19,2,0,0,0,55,20,35,42,13,39,clue:2;collision_intent:20;pi_entry:13;state:20,179,0,completed
8,dcta_parity_v1,custom,95fe4e46f3c15da64ab8656605a5093c082d79e6c7f43859e3752dc255ac3760,2e16b45d85197d093ced9da2c3d2ff8f1d35a252c10278fc936bff1dcc2782e6,PI,ideal,1.0,14,196,4,50.0,49.0,pi_g14_d50_ideal,reruns\grid_density\scenarios\clips\scaling_grid14_trials50.csv,clue_search,03,21,12,22,0,0,0,0,58,21,37,44,14,40,clue:2;collision_intent:21;pi_entry:14;state:21,176,0,completed
9,dcta_parity_v1,custom,95fe4e46f3c15da64ab8656605a5093c082d79e6c7f43859e3752dc255ac3760,2e16b45d85197d093ced9da2c3d2ff8f1d35a252c10278fc936bff1dcc2782e6,PI,ideal,1.0,14,196,4,50.0,49.0,pi_g14_d50_ideal,reruns\grid_density\scenarios\clips\scaling_grid14_trials50.csv,clue_search,00,25,14,26,0,0,0,0,73,25,48,52,21,51,clue:2;collision_intent:25;pi_entry:21;state:25,198,0,completed
9,dcta_parity_v1,custom,95fe4e46f3c15da64ab8656605a5093c082d79e6c7f43859e3752dc255ac3760,2e16b45d85197d093ced9da2c3d2ff8f1d35a252c10278fc936bff1dcc2782e6,PI,ideal,1.0,14,196,4,50.0,49.0,pi_g14_d50_ideal,reruns\grid_density\scenarios\clips\scaling_grid14_trials50.csv,clue_search,01,25,14,23,3,0,1,1,71,27,44,54,17,49,clue:2;collision_intent:26;pi_entry:17;state:25;target:1,201,0,completed
9,dcta_parity_v1,custom,95fe4e46f3c15da64ab8656605a5093c082d79e6c7f43859e3752dc255ac3760,2e16b45d85197d093ced9da2c3d2ff8f1d35a252c10278fc936bff1dcc2782e6,PI,ideal,1.0,14,196,4,50.0,49.0,pi_g14_d50_ideal,reruns\grid_density\scenarios\clips\scaling_grid14_trials50.csv,clue_search,02,23,13,23,1,1,0,0,65,23,42,48,17,45,clue:2;collision_intent:23;pi_entry:17;state:23,206,0,completed
9,dcta_parity_v1,custom,95fe4e46f3c15da64ab8656605a5093c082d79e6c7f43859e3752dc255ac3760,2e16b45d85197d093ced9da2c3d2ff8f1d35a252c10278fc936bff1dcc2782e6,PI,ideal,1.0,14,196,4,50.0,49.0,pi_g14_d50_ideal,reruns\grid_density\scenarios\clips\scaling_grid14_trials50.csv,clue_search,03,24,13,23,2,0,0,0,63,24,39,50,13,41,clue:2;collision_intent:24;pi_entry:13;state:24,209,0,completed
10,dcta_parity_v1,custom,95fe4e46f3c15da64ab8656605a5093c082d79e6c7f43859e3752dc255ac3760,2e16b45d85197d093ced9da2c3d2ff8f1d35a252c10278fc936bff1dcc2782e6,PI,ideal,1.0,14,196,4,50.0,49.0,pi_g14_d50_ideal,reruns\grid_density\scenarios\clips\scaling_grid14_trials50.csv,clue_search,00,4,0,5,0,0,0,0,8,4,4,8,0,0,collision_intent:4;state:4,24,0,completed
10,dcta_parity_v1,custom,95fe4e46f3c15da64ab8656605a5093c082d79e6c7f43859e3752dc255ac3760,2e16b45d85197d093ced9da2c3d2ff8f1d35a252c10278fc936bff1dcc2782e6,PI,ideal,1.0,14,196,4,50.0,49.0,pi_g14_d50_ideal,reruns\grid_density\scenarios\clips\scaling_grid14_trials50.csv,clue_search,01,4,0,5,0,0,0,0,8,4,4,8,0,0,collision_intent:4;state:4,24,0,completed
10,dcta_parity_v1,custom,95fe4e46f3c15da64ab8656605a5093c082d79e6c7f43859e3752dc255ac3760,2e16b45d85197d093ced9da2c3d2ff8f1d35a252c10278fc936bff1dcc2782e6,PI,ideal,1.0,14,196,4,50.0,49.0,pi_g14_d50_ideal,reruns\grid_density\scenarios\clips\scaling_grid14_trials50.csv,clue_search,02,4,0,5,0,0,0,0,9,5,4,9,0,0,collision_intent:4;state:4;target:1,24,0,completed
10,dcta_parity_v1,custom,95fe4e46f3c15da64ab8656605a5093c082d79e6c7f43859e3752dc255ac3760,2e16b45d85197d093ced9da2c3d2ff8f1d35a252c10278fc936bff1dcc2782e6,PI,ideal,1.0,14,196,4,50.0,49.0,pi_g14_d50_ideal,reruns\grid_density\scenarios\clips\scaling_grid14_trials50.csv,clue_search,03,4,0,5,0,0,0,0,8,4,4,8,0,0,collision_intent:4;state:4,24,0,completed
11,dcta_parity_v1,custom,95fe4e46f3c15da64ab8656605a5093c082d79e6c7f43859e3752dc255ac3760,2e16b45d85197d093ced9da2c3d2ff8f1d35a252c10278fc936bff1dcc2782e6,PI,ideal,1.0,14,196,4,50.0,49.0,pi_g14_d50_ideal,reruns\grid_density\scenarios\clips\scaling_grid14_trials50.csv,clue_search,00,16,4,17,0,0,0,0,40,17,23,34,6,16,clue:1;collision_intent:16;pi_entry:6;state:16;target:1,114,0,completed
11,dcta_parity_v1,custom,95fe4e46f3c15da64ab8656605a5093c082d79e6c7f43859e3752dc255ac3760,2e16b45d85197d093ced9da2c3d2ff8f1d35a252c10278fc936bff1dcc2782e6,PI,ideal,1.0,14,196,4,50.0,49.0,pi_g14_d50_ideal,reruns\grid_density\scenarios\clips\scaling_grid14_trials50.csv,clue_search,01,15,3,16,0,0,2,1,38,17,21,33,5,14,clue:1;collision_intent:17;pi_entry:5;state:15,115,0,completed
11,dcta_parity_v1,custom,95fe4e46f3c15da64ab8656605a5093c082d79e6c7f43859e3752dc255ac3760,2e16b45d85197d093ced9da2c3d2ff8f1d35a252c10278fc936bff1dcc2782e6,PI,ideal,1.0,14,196,4,50.0,49.0,pi_g14_d50_ideal,reruns\grid_density\scenarios\clips\scaling_grid14_trials50.csv,clue_search,02,15,4,16,0,0,0,0,37,15,22,31,6,15,clue:1;collision_intent:15;pi_entry:6;state:15,117,0,completed
11,dcta_parity_v1,custom,95fe4e46f3c15da64ab8656605a5093c082d79e6c7f43859e3752dc255ac3760,2e16b45d85197d093ced9da2c3d2ff8f1d35a252c10278fc936bff1dcc2782e6,PI,ideal,1.0,14,196,4,50.0,49.0,pi_g14_d50_ideal,reruns\grid_density\scenarios\clips\scaling_grid14_trials50.csv,clue_search,03,16,4,17,0,0,0,0,39,16,23,33,6,15,clue:1;collision_intent:16;pi_entry:6;state:16,114,0,completed
12,dcta_parity_v1,custom,95fe4e46f3c15da64ab8656605a5093c082d79e6c7f43859e3752dc255ac3760,2e16b45d85197d093ced9da2c3d2ff8f1d35a252c10278fc936bff1dcc2782e6,PI,ideal,1.0,14,196,4,50.0,49.0,pi_g14_d50_ideal,reruns\grid_density\scenarios\clips\scaling_grid14_trials50.csv,clue_search,00,15,5,16,0,1,0,0,40,16,24,33,7,20,clue:2;collision_intent:15;pi_entry:7;state:15;target:1,114,0,completed
12,dcta_parity_v1,custom,95fe4e46f3c15da64ab8656605a5093c082d79e6c7f43859e3752dc255ac3760,2e16b45d85197d093ced9da2c3d2ff8f1d35a252c10278fc936bff1dcc2782e6,PI,ideal,1.0,14,196,4,50.0,49.0,pi_g14_d50_ideal,reruns\grid_density\scenarios\clips\scaling_grid14_trials50.csv,clue_search,01,14,3,15,0,0,0,0,37,15,22,31,6,15,clue:2;collision_intent:15;pi_clear_path:1;pi_entry:5;state:14,115,0,completed
12,dcta_parity_v1,custom,95fe4e46f3c15da64ab8656605a5093c082d79e6c7f43859e3752dc255ac3760,2e16b45d85197d093ced9da2c3d2ff8f1d35a252c10278fc936bff1dcc2782e6,PI,ideal,1.0,14,196,4,50.0,49.0,pi_g14_d50_ideal,reruns\grid_density\scenarios\clips\scaling_grid14_trials50.csv,clue_search,02,14,4,15,0,0,0,0,37,14,23,30,7,17,clue:2;collision_intent:14;pi_entry:7;state:14,116,0,completed
12,dcta_parity_v1,custom,95fe4e46f3c15da64ab8656605a5093c082d79e6c7f43859e3752dc255ac3760,2e16b45d85197d093ced9da2c3d2ff8f1d35a252c10278fc936bff1dcc2782e6,PI,ideal,1.0,14,196,4,50.0,49.0,pi_g14_d50_ideal,reruns\grid_density\scenarios\clips\scaling_grid14_trials50.csv,clue_search,03,15,5,16,0,0,0,0,40,15,25,32,8,20,clue:2;collision_intent:15;pi_entry:8;state:15,112,0,completed
13,dcta_parity_v1,custom,95fe4e46f3c15da64ab8656605a5093c082d79e6c7f43859e3752dc255ac3760,2e16b45d85197d093ced9da2c3d2ff8f1d35a252c10278fc936bff1dcc2782e6,PI,ideal,1.0,14,196,4,50.0,49.0,pi_g14_d50_ideal,reruns\grid_density\scenarios\clips\scaling_grid14_trials50.csv,clue_search,00,18,2,19,0,0,0,0,43,19,24,38,5,11,clue:1;collision_intent:19;pi_entry:5;state:18,125,0,completed
13,dcta_parity_v1,custom,95fe4e46f3c15da64ab8656605a5093c082d79e6c7f43859e3752dc255ac3760,2e16b45d85197d093ced9da2c3d2ff8f1d35a252c10278fc936bff1dcc2782e6,PI,ideal,1.0,14,196,4,50.0,49.0,pi_g14_d50_ideal,reruns\grid_density\scenarios\clips\scaling_grid14_trials50.csv,clue_search,01,18,2,19,0,0,0,0,40,18,22,37,3,8,clue:1;collision_intent:18;pi_entry:3;state:18,127,0,completed
13,dcta_parity_v1,custom,95fe4e46f3c15da64ab8656605a5093c082d79e6c7f43859e3752dc255ac3760,2e16b45d85197d093ced9da2c3d2ff8f1d35a252c10278fc936bff1dcc2782e6,PI,ideal,1.0,14,196,4,50.0,49.0,pi_g14_d50_ideal,reruns\grid_density\scenarios\clips\scaling_grid14_trials50.csv,clue_search,02,18,3,19,0,1,0,0,42,18,24,37,5,11,clue:1;collision_intent:18;pi_entry:5;state:18,127,0,completed
13,dcta_parity_v1,custom,95fe4e46f3c15da64ab8656605a5093c082d79e6c7f43859e3752dc255ac3760,2e16b45d85197d093ced9da2c3d2ff8f1d35a252c10278fc936bff1dcc2782e6,PI,ideal,1.0,14,196,4,50.0,49.0,pi_g14_d50_ideal,reruns\grid_density\scenarios\clips\scaling_grid14_trials50.csv,clue_search,03,19,3,19,1,1,0,0,44,20,24,40,4,12,clue:1;collision_intent:19;pi_entry:4;state:19;target:1,125,0,completed
14,dcta_parity_v1,custom,95fe4e46f3c15da64ab8656605a5093c082d79e6c7f43859e3752dc255ac3760,2e16b45d85197d093ced9da2c3d2ff8f1d35a252c10278fc936bff1dcc2782e6,PI,ideal,1.0,14,196,4,50.0,49.0,pi_g14_d50_ideal,reruns\grid_density\scenarios\clips\scaling_grid14_trials50.csv,clue_search,00,30,20,30,1,0,0,0,91,30,61,62,29,71,clue:2;collision_intent:30;pi_entry:29;state:30,246,0,completed
14,dcta_parity_v1,custom,95fe4e46f3c15da64ab8656605a5093c082d79e6c7f43859e3752dc255ac3760,2e16b45d85197d093ced9da2c3d2ff8f1d35a252c10278fc936bff1dcc2782e6,PI,ideal,1.0,14,196,4,50.0,49.0,pi_g14_d50_ideal,reruns\grid_density\scenarios\clips\scaling_grid14_trials50.csv,clue_search,01,30,19,28,3,0,1,1,87,32,55,64,23,65,clue:2;collision_intent:31;pi_entry:23;state:30;target:1,251,0,completed
14,dcta_parity_v1,custom,95fe4e46f3c15da64ab8656605a5093c082d79e6c7f43859e3752dc255ac3760,2e16b45d85197d093ced9da2c3d2ff8f1d35a252c10278fc936bff1dcc2782e6,PI,ideal,1.0,14,196,4,50.0,49.0,pi_g14_d50_ideal,reruns\grid_density\scenarios\clips\scaling_grid14_trials50.csv,clue_search,02,29,19,29,1,1,0,0,86,29,57,60,26,66,clue:2;collision_intent:29;pi_entry:26;state:29,251,0,completed
14,dcta_parity_v1,custom,95fe4e46f3c15da64ab8656605a5093c082d79e6c7f43859e3752dc255ac3760,2e16b45d85197d093ced9da2c3d2ff8f1d35a252c10278fc936bff1dcc2782e6,PI,ideal,1.0,14,196,4,50.0,49.0,pi_g14_d50_ideal,reruns\grid_density\scenarios\clips\scaling_grid14_trials50.csv,clue_search,03,30,19,27,4,0,0,0,74,30,44,62,12,52,clue:2;collision_intent:30;pi_entry:12;state:30,263,0,completed
15,dcta_parity_v1,custom,95fe4e46f3c15da64ab8656605a5093c082d79e6c7f43859e3752dc255ac3760,2e16b45d85197d093ced9da2c3d2ff8f1d35a252c10278fc936bff1dcc2782e6,PI,ideal,1.0,14,196,4,50.0,49.0,pi_g14_d50_ideal,reruns\grid_density\scenarios\clips\scaling_grid14_trials50.csv,clue_search,00,22,15,22,1,0,0,0,66,22,44,47,19,52,clue:3;collision_intent:22;pi_entry:19;state:22,200,0,completed
15,dcta_parity_v1,custom,95fe4e46f3c15da64ab8656605a5093c082d79e6c7f43859e3752dc255ac3760,2e16b45d85197d093ced9da2c3d2ff8f1d35a252c10278fc936bff1dcc2782e6,PI,ideal,1.0,14,196,4,50.0,49.0,pi_g14_d50_ideal,reruns\grid_density\scenarios\clips\scaling_grid14_trials50.csv,clue_search,01,21,14,20,2,0,0,0,65,22,43,46,19,51,clue:3;collision_intent:22;pi_entry:19;state:21,199,0,completed
15,dcta_parity_v1,custom,95fe4e46f3c15da64ab8656605a5093c082d79e6c7f43859e3752dc255ac3760,2e16b45d85197d093ced9da2c3d2ff8f1d35a252c10278fc936bff1dcc2782e6,PI,ideal,1.0,14,196,4,50.0,49.0,pi_g14_d50_ideal,reruns\grid_density\scenarios\clips\scaling_grid14_trials50.csv,clue_search,02,22,16,22,1,1,0,0,69,22,47,47,22,57,clue:3;collision_intent:22;pi_entry:22;state:22,197,0,completed
15,dcta_parity_v1,custom,95fe4e46f3c15da64ab8656605a5093c082d79e6c7f43859e3752dc255ac3760,2e16b45d85197d093ced9da2c3d2ff8f1d35a252c10278fc936bff1dcc2782e6,PI,ideal,1.0,14,196,4,50.0,49.0,pi_g14_d50_ideal,reruns\grid_density\scenarios\clips\scaling_grid14_trials50.csv,clue_search,03,22,15,20,3,0,0,0,66,23,43,48,18,52,clue:3;collision_intent:22;pi_entry:18;state:22;target:1,200,0,completed
16,dcta_parity_v1,custom,95fe4e46f3c15da64ab8656605a5093c082d79e6c7f43859e3752dc255ac3760,2e16b45d85197d093ced9da2c3d2ff8f1d35a252c10278fc936bff1dcc2782e6,PI,ideal,1.0,14,196,4,50.0,49.0,pi_g14_d50_ideal,reruns\grid_density\scenarios\clips\scaling_grid14_trials50.csv,clue_search,00,19,18,18,2,0,0,0,61,19,42,40,21,59,clue:2;collision_intent:19;pi_entry:21;state:19,177,0,completed
16,dcta_parity_v1,custom,95fe4e46f3c15da64ab8656605a5093c082d79e6c7f43859e3752dc255ac3760,2e16b45d85197d093ced9da2c3d2ff8f1d35a252c10278fc936bff1dcc2782e6,PI,ideal,1.0,14,196,4,50.0,49.0,pi_g14_d50_ideal,reruns\grid_density\scenarios\clips\scaling_grid14_trials50.csv,clue_search,01,19,18,14,6,0,0,0,57,19,38,40,17,55,clue:2;collision_intent:19;pi_entry:17;state:19,182,0,completed
16,dcta_parity_v1,custom,95fe4e46f3c15da64ab8656605a5093c082d79e6c7f43859e3752dc255ac3760,2e16b45d85197d093ced9da2c3d2ff8f1d35a252c10278fc936bff1dcc2782e6,PI,ideal,1.0,14,196,4,50.0,49.0,pi_g14_d50_ideal,reruns\grid_density\scenarios\clips\scaling_grid14_trials50.csv,clue_search,02,18,17,15,4,0,2,2,60,21,39,41,19,58,clue:2;collision_intent:20;pi_entry:19;state:18;target:1,179,0,completed
16,dcta_parity_v1,custom,95fe4e46f3c15da64ab8656605a5093c082d79e6c7f43859e3752dc255ac3760,2e16b45d85197d093ced9da2c3d2ff8f1d35a252c10278fc936bff1dcc2782e6,PI,ideal,1.0,14,196,4,50.0,49.0,pi_g14_d50_ideal,reruns\grid_density\scenarios\clips\scaling_grid14_trials50.csv,clue_search,03,18,17,17,2,0,0,0,61,18,43,38,23,59,clue:2;collision_intent:18;pi_clear_path:1;pi_entry:22;state:18,177,0,completed
17,dcta_parity_v1,custom,95fe4e46f3c15da64ab8656605a5093c082d79e6c7f43859e3752dc255ac3760,2e16b45d85197d093ced9da2c3d2ff8f1d35a252c10278fc936bff1dcc2782e6,PI,ideal,1.0,14,196,4,50.0,49.0,pi_g14_d50_ideal,reruns\grid_density\scenarios\clips\scaling_grid14_trials50.csv,clue_search,00,15,4,16,0,0,0,0,42,16,26,34,8,20,clue:3;collision_intent:16;pi_entry:8;state:15,119,0,completed
17,dcta_parity_v1,custom,95fe4e46f3c15da64ab8656605a5093c082d79e6c7f43859e3752dc255ac3760,2e16b45d85197d093ced9da2c3d2ff8f1d35a252c10278fc936bff1dcc2782e6,PI,ideal,1.0,14,196,4,50.0,49.0,pi_g14_d50_ideal,reruns\grid_density\scenarios\clips\scaling_grid14_trials50.csv,clue_search,01,16,5,17,0,0,0,0,40,16,24,35,5,18,clue:3;collision_intent:16;pi_entry:5;state:16,119,0,completed
17,dcta_parity_v1,custom,95fe4e46f3c15da64ab8656605a5093c082d79e6c7f43859e3752dc255ac3760,2e16b45d85197d093ced9da2c3d2ff8f1d35a252c10278fc936bff1dcc2782e6,PI,ideal,1.0,14,196,4,50.0,49.0,pi_g14_d50_ideal,reruns\grid_density\scenarios\clips\scaling_grid14_trials50.csv,clue_search,02,15,4,15,1,0,0,0,38,15,23,33,5,16,clue:3;collision_intent:15;pi_entry:5;state:15,123,0,completed
17,dcta_parity_v1,custom,95fe4e46f3c15da64ab8656605a5093c082d79e6c7f43859e3752dc255ac3760,2e16b45d85197d093ced9da2c3d2ff8f1d35a252c10278fc936bff1dcc2782e6,PI,ideal,1.0,14,196,4,50.0,49.0,pi_g14_d50_ideal,reruns\grid_density\scenarios\clips\scaling_grid14_trials50.csv,clue_search,03,16,5,17,0,0,0,0,41,17,24,36,5,19,clue:3;collision_intent:16;pi_entry:5;state:16;target:1,120,0,completed
18,dcta_parity_v1,custom,95fe4e46f3c15da64ab8656605a5093c082d79e6c7f43859e3752dc255ac3760,2e16b45d85197d093ced9da2c3d2ff8f1d35a252c10278fc936bff1dcc2782e6,PI,ideal,1.0,14,196,4,50.0,49.0,pi_g14_d50_ideal,reruns\grid_density\scenarios\clips\scaling_grid14_trials50.csv,clue_search,00,19,16,17,3,0,0,0,62,20,42,40,22,56,clue:1;collision_intent:20;pi_entry:22;state:19,171,0,completed
18,dcta_parity_v1,custom,95fe4e46f3c15da64ab8656605a5093c082d79e6c7f43859e3752dc255ac3760,2e16b45d85197d093ced9da2c3d2ff8f1d35a252c10278fc936bff1dcc2782e6,PI,ideal,1.0,14,196,4,50.0,49.0,pi_g14_d50_ideal,reruns\grid_density\scenarios\clips\scaling_grid14_trials50.csv,clue_search,01,20,17,19,2,1,0,0,54,20,34,41,13,48,clue:1;collision_intent:20;pi_entry:13;state:20,179,0,completed
18,dcta_parity_v1,custom,95fe4e46f3c15da64ab8656605a5093c082d79e6c7f43859e3752dc255ac3760,2e16b45d85197d093ced9da2c3d2ff8f1d35a252c10278fc936bff1dcc2782e6,PI,ideal,1.0,14,196,4,50.0,49.0,pi_g14_d50_ideal,reruns\grid_density\scenarios\clips\scaling_grid14_trials50.csv,clue_search,02,19,16,17,3,0,0,0,56,19,37,39,17,50,clue:1;collision_intent:19;pi_entry:17;state:19,177,0,completed
18,dcta_parity_v1,custom,95fe4e46f3c15da64ab8656605a5093c082d79e6c7f43859e3752dc255ac3760,2e16b45d85197d093ced9da2c3d2ff8f1d35a252c10278fc936bff1dcc2782e6,PI,ideal,1.0,14,196,4,50.0,49.0,pi_g14_d50_ideal,reruns\grid_density\scenarios\clips\scaling_grid14_trials50.csv,clue_search,03,20,17,16,5,1,0,0,62,21,41,42,20,56,clue:1;collision_intent:20;pi_entry:20;state:20;target:1,172,0,completed
19,dcta_parity_v1,custom,95fe4e46f3c15da64ab8656605a5093c082d79e6c7f43859e3752dc255ac3760,2e16b45d85197d093ced9da2c3d2ff8f1d35a252c10278fc936bff1dcc2782e6,PI,ideal,1.0,14,196,4,50.0,49.0,pi_g14_d50_ideal,reruns\grid_density\scenarios\clips\scaling_grid14_trials50.csv,clue_search,00,46,42,30,17,1,4,4,139,50,89,100,39,131,clue:4;collision_intent:50;pi_entry:39;state:46,418,0,completed
19,dcta_parity_v1,custom,95fe4e46f3c15da64ab8656605a5093c082d79e6c7f43859e3752dc255ac3760,2e16b45d85197d093ced9da2c3d2ff8f1d35a252c10278fc936bff1dcc2782e6,PI,ideal,1.0,14,196,4,50.0,49.0,pi_g14_d50_ideal,reruns\grid_density\scenarios\clips\scaling_grid14_trials50.csv,clue_search,01,47,42,41,7,0,0,0,146,47,99,98,48,136,clue:4;collision_intent:47;pi_entry:48;state:47,410,0,completed
19,dcta_parity_v1,custom,95fe4e46f3c15da64ab8656605a5093c082d79e6c7f43859e3752dc255ac3760,2e16b45d85197d093ced9da2c3d2ff8f1d35a252c10278fc936bff1dcc2782e6,PI,ideal,1.0,14,196,4,50.0,49.0,pi_g14_d50_ideal,reruns\grid_density\scenarios\clips\scaling_grid14_trials50.csv,clue_search,02,47,43,39,9,0,3,2,137,50,87,101,36,129,clue:4;collision_intent:50;pi_entry:36;state:47,419,0,completed
19,dcta_parity_v1,custom,95fe4e46f3c15da64ab8656605a5093c082d79e6c7f43859e3752dc255ac3760,2e16b45d85197d093ced9da2c3d2ff8f1d35a252c10278fc936bff1dcc2782e6,PI,ideal,1.0,14,196,4,50.0,49.0,pi_g14_d50_ideal,reruns\grid_density\scenarios\clips\scaling_grid14_trials50.csv,clue_search,03,47,43,37,11,0,5,5,136,53,83,104,32,128,clue:4;collision_intent:52;pi_entry:32;state:47;target:1,422,0,completed
20,dcta_parity_v1,custom,95fe4e46f3c15da64ab8656605a5093c082d79e6c7f43859e3752dc255ac3760,2e16b45d85197d093ced9da2c3d2ff8f1d35a252c10278fc936bff1dcc2782e6,PI,ideal,1.0,14,196,4,50.0,49.0,pi_g14_d50_ideal,reruns\grid_density\scenarios\clips\scaling_grid14_trials50.csv,clue_search,00,17,0,18,0,0,0,0,34,17,17,34,0,0,collision_intent:17;state:17,104,0,completed
20,dcta_parity_v1,custom,95fe4e46f3c15da64ab8656605a5093c082d79e6c7f43859e3752dc255ac3760,2e16b45d85197d093ced9da2c3d2ff8f1d35a252c10278fc936bff1dcc2782e6,PI,ideal,1.0,14,196,4,50.0,49.0,pi_g14_d50_ideal,reruns\grid_density\scenarios\clips\scaling_grid14_trials50.csv,clue_search,01,18,0,19,0,0,0,0,37,19,18,37,0,0,collision_intent:18;state:18;target:1,102,0,completed
20,dcta_parity_v1,custom,95fe4e46f3c15da64ab8656605a5093c082d79e6c7f43859e3752dc255ac3760,2e16b45d85197d093ced9da2c3d2ff8f1d35a252c10278fc936bff1dcc2782e6,PI,ideal,1.0,14,196,4,50.0,49.0,pi_g14_d50_ideal,reruns\grid_density\scenarios\clips\scaling_grid14_trials50.csv,clue_search,02,17,0,18,0,0,0,0,34,17,17,34,0,0,collision_intent:17;state:17,104,0,completed
20,dcta_parity_v1,custom,95fe4e46f3c15da64ab8656605a5093c082d79e6c7f43859e3752dc255ac3760,2e16b45d85197d093ced9da2c3d2ff8f1d35a252c10278fc936bff1dcc2782e6,PI,ideal,1.0,14,196,4,50.0,49.0,pi_g14_d50_ideal,reruns\grid_density\scenarios\clips\scaling_grid14_trials50.csv,clue_search,03,17,0,18,0,0,0,0,34,17,17,34,0,0,collision_intent:17;state:17,103,0,completed
21,dcta_parity_v1,custom,95fe4e46f3c15da64ab8656605a5093c082d79e6c7f43859e3752dc255ac3760,2e16b45d85197d093ced9da2c3d2ff8f1d35a252c10278fc936bff1dcc2782e6,PI,ideal,1.0,14,196,4,50.0,49.0,pi_g14_d50_ideal,reruns\grid_density\scenarios\clips\scaling_grid14_trials50.csv,clue_search,00,4,2,5,0,0,0,0,12,5,7,10,2,7,clue:1;collision_intent:4;pi_entry:2;state:4;target:1,33,0,completed
21,dcta_parity_v1,custom,95fe4e46f3c15da64ab8656605a5093c082d79e6c7f43859e3752dc255ac3760,2e16b45d85197d093ced9da2c3d2ff8f1d35a252c10278fc936bff1dcc2782e6,PI,ideal,1.0,14,196,4,50.0,49.0,pi_g14_d50_ideal,reruns\grid_density\scenarios\clips\scaling_grid14_trials50.csv,clue_search,01,4,1,5,0,0,0,0,12,4,8,9,3,6,clue:1;collision_intent:4;pi_clear_path:1;pi_entry:2;state:4,31,0,completed
21,dcta_parity_v1,custom,95fe4e46f3c15da64ab8656605a5093c082d79e6c7f43859e3752dc255ac3760,2e16b45d85197d093ced9da2c3d2ff8f1d35a252c10278fc936bff1dcc2782e6,PI,ideal,1.0,14,196,4,50.0,49.0,pi_g14_d50_ideal,reruns\grid_density\scenarios\clips\scaling_grid14_trials50.csv,clue_search,02,3,1,4,0,0,0,0,9,3,6,7,2,5,clue:1;collision_intent:3;pi_entry:2;state:3,36,0,completed
21,dcta_parity_v1,custom,95fe4e46f3c15da64ab8656605a5093c082d79e6c7f43859e3752dc255ac3760,2e16b45d85197d093ced9da2c3d2ff8f1d35a252c10278fc936bff1dcc2782e6,PI,ideal,1.0,14,196,4,50.0,49.0,pi_g14_d50_ideal,reruns\grid_density\scenarios\clips\scaling_grid14_trials50.csv,clue_search,03,4,1,5,0,0,0,0,12,4,8,9,3,6,clue:1;collision_intent:4;pi_entry:3;state:4,32,0,completed
22,dcta_parity_v1,custom,95fe4e46f3c15da64ab8656605a5093c082d79e6c7f43859e3752dc255ac3760,2e16b45d85197d093ced9da2c3d2ff8f1d35a252c10278fc936bff1dcc2782e6,PI,ideal,1.0,14,196,4,50.0,49.0,pi_g14_d50_ideal,reruns\grid_density\scenarios\clips\scaling_grid14_trials50.csv,clue_search,00,3,0,4,0,0,0,0,7,4,3,7,0,0,collision_intent:4;state:3,20,0,completed
22,dcta_parity_v1,custom,95fe4e46f3c15da64ab8656605a5093c082d79e6c7f43859e3752dc255ac3760,2e16b45d85197d093ced9da2c3d2ff8f1d35a252c10278fc936bff1dcc2782e6,PI,ideal,1.0,14,196,4,50.0,49.0,pi_g14_d50_ideal,reruns\grid_density\scenarios\clips\scaling_grid14_trials50.csv,clue_search,01,3,0,4,0,0,0,0,6,3,3,6,0,0,collision_intent:3;state:3,20,0,completed
22,dcta_parity_v1,custom,95fe4e46f3c15da64ab8656605a5093c082d79e6c7f43859e3752dc255ac3760,2e16b45d85197d093ced9da2c3d2ff8f1d35a252c10278fc936bff1dcc2782e6,PI,ideal,1.0,14,196,4,50.0,49.0,pi_g14_d50_ideal,reruns\grid_density\scenarios\clips\scaling_grid14_trials50.csv,clue_search,02,3,0,4,0,0,0,0,6,3,3,6,0,0,collision_intent:3;state:3,21,0,completed
22,dcta_parity_v1,custom,95fe4e46f3c15da64ab8656605a5093c082d79e6c7f43859e3752dc255ac3760,2e16b45d85197d093ced9da2c3d2ff8f1d35a252c10278fc936bff1dcc2782e6,PI,ideal,1.0,14,196,4,50.0,49.0,pi_g14_d50_ideal,reruns\grid_density\scenarios\clips\scaling_grid14_trials50.csv,clue_search,03,4,0,5,0,0,0,0,9,5,4,9,0,0,collision_intent:4;state:4;target:1,19,0,completed
23,dcta_parity_v1,custom,95fe4e46f3c15da64ab8656605a5093c082d79e6c7f43859e3752dc255ac3760,2e16b45d85197d093ced9da2c3d2ff8f1d35a252c10278fc936bff1dcc2782e6,PI,ideal,1.0,14,196,4,50.0,49.0,pi_g14_d50_ideal,reruns\grid_density\scenarios\clips\scaling_grid14_trials50.csv,clue_search,00,21,3,22,0,0,0,0,48,22,26,45,3,12,clue:2;collision_intent:21;pi_entry:3;state:21;target:1,143,0,completed
23,dcta_parity_v1,custom,95fe4e46f3c15da64ab8656605a5093c082d79e6c7f43859e3752dc255ac3760,2e16b45d85197d093ced9da2c3d2ff8f1d35a252c10278fc936bff1dcc2782e6,PI,ideal,1.0,14,196,4,50.0,49.0,pi_g14_d50_ideal,reruns\grid_density\scenarios\clips\scaling_grid14_trials50.csv,clue_search,01,21,2,22,0,0,0,0,47,21,26,44,3,9,clue:2;collision_intent:21;pi_entry:3;state:21,144,0,completed
23,dcta_parity_v1,custom,95fe4e46f3c15da64ab8656605a5093c082d79e6c7f43859e3752dc255ac3760,2e16b45d85197d093ced9da2c3d2ff8f1d35a252c10278fc936bff1dcc2782e6,PI,ideal,1.0,14,196,4,50.0,49.0,pi_g14_d50_ideal,reruns\grid_density\scenarios\clips\scaling_grid14_trials50.csv,clue_search,02,21,3,22,0,1,0,0,48,21,27,44,4,12,clue:2;collision_intent:21;pi_entry:4;state:21,142,0,completed
23,dcta_parity_v1,custom,95fe4e46f3c15da64ab8656605a5093c082d79e6c7f43859e3752dc255ac3760,2e16b45d85197d093ced9da2c3d2ff8f1d35a252c10278fc936bff1dcc2782e6,PI,ideal,1.0,14,196,4,50.0,49.0,pi_g14_d50_ideal,reruns\grid_density\scenarios\clips\scaling_grid14_trials50.csv,clue_search,03,21,3,21,1,1,0,0,48,21,27,44,4,12,clue:2;collision_intent:21;pi_entry:4;state:21,143,0,completed
24,dcta_parity_v1,custom,95fe4e46f3c15da64ab8656605a5093c082d79e6c7f43859e3752dc255ac3760,2e16b45d85197d093ced9da2c3d2ff8f1d35a252c10278fc936bff1dcc2782e6,PI,ideal,1.0,14,196,4,50.0,49.0,pi_g14_d50_ideal,reruns\grid_density\scenarios\clips\scaling_grid14_trials50.csv,clue_search,00,4,1,5,0,0,0,0,11,4,7,9,2,5,clue:1;collision_intent:4;pi_entry:2;state:4,31,0,completed
24,dcta_parity_v1,custom,95fe4e46f3c15da64ab8656605a5093c082d79e6c7f43859e3752dc255ac3760,2e16b45d85197d093ced9da2c3d2ff8f1d35a252c10278fc936bff1dcc2782e6,PI,ideal,1.0,14,196,4,50.0,49.0,pi_g14_d50_ideal,reruns\grid_density\scenarios\clips\scaling_grid14_trials50.csv,clue_search,01,4,1,5,0,0,0,0,12,5,7,10,2,6,clue:1;collision_intent:4;pi_entry:2;state:4;target:1,31,0,completed
24,dcta_parity_v1,custom,95fe4e46f3c15da64ab8656605a5093c082d79e6c7f43859e3752dc255ac3760,2e16b45d85197d093ced9da2c3d2ff8f1d35a252c10278fc936bff1dcc2782e6,PI,ideal,1.0,14,196,4,50.0,49.0,pi_g14_d50_ideal,reruns\grid_density\scenarios\clips\scaling_grid14_trials50.csv,clue_search,02,3,1,4,0,1,0,0,12,4,8,8,4,8,clue:1;collision_intent:4;pi_entry:4;state:3,31,0,completed
24,dcta_parity_v1,custom,95fe4e46f3c15da64ab8656605a5093c082d79e6c7f43859e3752dc255ac3760,2e16b45d85197d093ced9da2c3d2ff8f1d35a252c10278fc936bff1dcc2782e6,PI,ideal,1.0,14,196,4,50.0,49.0,pi_g14_d50_ideal,reruns\grid_density\scenarios\clips\scaling_grid14_trials50.csv,clue_search,03,3,1,4,0,0,0,0,10,4,6,8,2,5,clue:1;collision_intent:4;pi_entry:2;state:3,32,0,completed
25,dcta_parity_v1,custom,95fe4e46f3c15da64ab8656605a5093c082d79e6c7f43859e3752dc255ac3760,2e16b45d85197d093ced9da2c3d2ff8f1d35a252c10278fc936bff1dcc2782e6,PI,ideal,1.0,14,196,4,50.0,49.0,pi_g14_d50_ideal,reruns\grid_density\scenarios\clips\scaling_grid14_trials50.csv,clue_search,00,26,22,24,3,0,0,0,80,27,53,55,25,72,clue:2;collision_intent:27;pi_entry:25;state:26,230,0,completed
25,dcta_parity_v1,custom,95fe4e46f3c15da64ab8656605a5093c082d79e6c7f43859e3752dc255ac3760,2e16b45d85197d093ced9da2c3d2ff8f1d35a252c10278fc936bff1dcc2782e6,PI,ideal,1.0,14,196,4,50.0,49.0,pi_g14_d50_ideal,reruns\grid_density\scenarios\clips\scaling_grid14_trials50.csv,clue_search,01,27,23,23,5,1,0,0,70,28,42,57,13,62,clue:2;collision_intent:27;pi_entry:13;state:27;target:1,242,0,completed
25,dcta_parity_v1,custom,95fe4e46f3c15da64ab8656605a5093c082d79e6c7f43859e3752dc255ac3760,2e16b45d85197d093ced9da2c3d2ff8f1d35a252c10278fc936bff1dcc2782e6,PI,ideal,1.0,14,196,4,50.0,49.0,pi_g14_d50_ideal,reruns\grid_density\scenarios\clips\scaling_grid14_trials50.csv,clue_search,02,26,22,26,1,0,0,0,83,26,57,54,29,75,clue:2;collision_intent:26;pi_entry:29;state:26,229,0,completed
25,dcta_parity_v1,custom,95fe4e46f3c15da64ab8656605a5093c082d79e6c7f43859e3752dc255ac3760,2e16b45d85197d093ced9da2c3d2ff8f1d35a252c10278fc936bff1dcc2782e6,PI,ideal,1.0,14,196,4,50.0,49.0,pi_g14_d50_ideal,reruns\grid_density\scenarios\clips\scaling_grid14_trials50.csv,clue_search,03,26,22,15,12,1,1,1,79,27,52,55,24,71,clue:2;collision_intent:27;pi_entry:24;state:26,232,0,completed
26,dcta_parity_v1,custom,95fe4e46f3c15da64ab8656605a5093c082d79e6c7f43859e3752dc255ac3760,2e16b45d85197d093ced9da2c3d2ff8f1d35a252c10278fc936bff1dcc2782e6,PI,ideal,1.0,14,196,4,50.0,49.0,pi_g14_d50_ideal,reruns\grid_density\scenarios\clips\scaling_grid14_trials50.csv,clue_search,00,53,49,39,15,0,1,1,161,55,106,112,49,153,clue:4;collision_intent:54;pi_entry:49;state:53;target:1,503,0,completed
26,dcta_parity_v1,custom,95fe4e46f3c15da64ab8656605a5093c082d79e6c7f43859e3752dc255ac3760,2e16b45d85197d093ced9da2c3d2ff8f1d35a252c10278fc936bff1dcc2782e6,PI,ideal,1.0,14,196,4,50.0,49.0,pi_g14_d50_ideal,reruns\grid_density\scenarios\clips\scaling_grid14_trials50.csv,clue_search,01,53,49,36,18,0,0,0,159,54,105,111,48,151,clue:4;collision_intent:54;pi_clear_path:1;pi_entry:47;state:53,503,0,completed
26,dcta_parity_v1,custom,95fe4e46f3c15da64ab8656605a5093c082d79e6c7f43859e3752dc255ac3760,2e16b45d85197d093ced9da2c3d2ff8f1d35a252c10278fc936bff1dcc2782e6,PI,ideal,1.0,14,196,4,50.0,49.0,pi_g14_d50_ideal,reruns\grid_density\scenarios\clips\scaling_grid14_trials50.csv,clue_search,02,52,49,43,10,0,0,0,164,52,112,108,56,158,clue:4;collision_intent:52;pi_entry:56;state:52,500,0,completed
26,dcta_parity_v1,custom,95fe4e46f3c15da64ab8656605a5093c082d79e6c7f43859e3752dc255ac3760,2e16b45d85197d093ced9da2c3d2ff8f1d35a252c10278fc936bff1dcc2782e6,PI,ideal,1.0,14,196,4,50.0,49.0,pi_g14_d50_ideal,reruns\grid_density\scenarios\clips\scaling_grid14_trials50.csv,clue_search,03,53,49,53,1,0,0,0,180,53,127,110,70,172,clue:4;collision_intent:53;pi_entry:70;state:53,483,0,completed
27,dcta_parity_v1,custom,95fe4e46f3c15da64ab8656605a5093c082d79e6c7f43859e3752dc255ac3760,2e16b45d85197d093ced9da2c3d2ff8f1d35a252c10278fc936bff1dcc2782e6,PI,ideal,1.0,14,196,4,50.0,49.0,pi_g14_d50_ideal,reruns\grid_density\scenarios\clips\scaling_grid14_trials50.csv,clue_search,00,22,0,23,0,0,0,0,44,22,22,44,0,0,collision_intent:22;state:22,134,0,completed
27,dcta_parity_v1,custom,95fe4e46f3c15da64ab8656605a5093c082d79e6c7f43859e3752dc255ac3760,2e16b45d85197d093ced9da2c3d2ff8f1d35a252c10278fc936bff1dcc2782e6,PI,ideal,1.0,14,196,4,50.0,49.0,pi_g14_d50_ideal,reruns\grid_density\scenarios\clips\scaling_grid14_trials50.csv,clue_search,01,23,0,24,0,0,0,0,47,24,23,47,0,0,collision_intent:23;state:23;target:1,132,0,completed
27,dcta_parity_v1,custom,95fe4e46f3c15da64ab8656605a5093c082d79e6c7f43859e3752dc255ac3760,2e16b45d85197d093ced9da2c3d2ff8f1d35a252c10278fc936bff1dcc2782e6,PI,ideal,1.0,14,196,4,50.0,49.0,pi_g14_d50_ideal,reruns\grid_density\scenarios\clips\scaling_grid14_trials50.csv,clue_search,02,22,0,23,0,0,0,0,44,22,22,44,0,0,collision_intent:22;state:22,135,0,completed
27,dcta_parity_v1,custom,95fe4e46f3c15da64ab8656605a5093c082d79e6c7f43859e3752dc255ac3760,2e16b45d85197d093ced9da2c3d2ff8f1d35a252c10278fc936bff1dcc2782e6,PI,ideal,1.0,14,196,4,50.0,49.0,pi_g14_d50_ideal,reruns\grid_density\scenarios\clips\scaling_grid14_trials50.csv,clue_search,03,22,0,23,0,0,0,0,44,22,22,44,0,0,collision_intent:22;state:22,135,0,completed
28,dcta_parity_v1,custom,95fe4e46f3c15da64ab8656605a5093c082d79e6c7f43859e3752dc255ac3760,2e16b45d85197d093ced9da2c3d2ff8f1d35a252c10278fc936bff1dcc2782e6,PI,ideal,1.0,14,196,4,50.0,49.0,pi_g14_d50_ideal,reruns\grid_density\scenarios\clips\scaling_grid14_trials50.csv,clue_search,00,30,24,27,4,0,1,1,90,32,58,65,25,78,clue:3;collision_intent:32;pi_entry:25;state:30,286,0,completed
28,dcta_parity_v1,custom,95fe4e46f3c15da64ab8656605a5093c082d79e6c7f43859e3752dc255ac3760,2e16b45d85197d093ced9da2c3d2ff8f1d35a252c10278fc936bff1dcc2782e6,PI,ideal,1.0,14,196,4,50.0,49.0,pi_g14_d50_ideal,reruns\grid_density\scenarios\clips\scaling_grid14_trials50.csv,clue_search,01,30,24,23,8,0,0,0,93,30,63,63,30,81,clue:3;collision_intent:30;pi_entry:30;state:30,284,0,completed
28,dcta_parity_v1,custom,95fe4e46f3c15da64ab8656605a5093c082d79e6c7f43859e3752dc255ac3760,2e16b45d85197d093ced9da2c3d2ff8f1d35a252c10278fc936bff1dcc2782e6,PI,ideal,1.0,14,196,4,50.0,49.0,pi_g14_d50_ideal,reruns\grid_density\scenarios\clips\scaling_grid14_trials50.csv,clue_search,02,30,25,30,1,0,0,0,92,30,62,63,29,82,clue:3;collision_intent:30;pi_entry:29;state:30,285,0,completed
28,dcta_parity_v1,custom,95fe4e46f3c15da64ab8656605a5093c082d79e6c7f43859e3752dc255ac3760,2e16b45d85197d093ced9da2c3d2ff8f1d35a252c10278fc936bff1dcc2782e6,PI,ideal,1.0,14,196,4,50.0,49.0,pi_g14_d50_ideal,reruns\grid_density\scenarios\clips\scaling_grid14_trials50.csv,clue_search,03,31,26,31,1,0,0,0,103,32,71,66,37,92,clue:3;collision_intent:31;pi_entry:37;state:31;target:1,275,0,completed
29,dcta_parity_v1,custom,95fe4e46f3c15da64ab8656605a5093c082d79e6c7f43859e3752dc255ac3760,2e16b45d85197d093ced9da2c3d2ff8f1d35a252c10278fc936bff1dcc2782e6,PI,ideal,1.0,14,196,4,50.0,49.0,pi_g14_d50_ideal,reruns\grid_density\scenarios\clips\scaling_grid14_trials50.csv,clue_search,00,2,1,3,0,0,0,0,7,2,5,5,2,5,clue:1;collision_intent:2;pi_entry:2;state:2,19,0,completed
29,dcta_parity_v1,custom,95fe4e46f3c15da64ab8656605a5093c082d79e6c7f43859e3752dc255ac3760,2e16b45d85197d093ced9da2c3d2ff8f1d35a252c10278fc936bff1dcc2782e6,PI,ideal,1.0,14,196,4,50.0,49.0,pi_g14_d50_ideal,reruns\grid_density\scenarios\clips\scaling_grid14_trials50.csv,clue_search,01,1,1,2,0,0,0,0,6,2,4,4,2,5,clue:1;collision_intent:2;pi_entry:2;state:1,20,0,completed
29,dcta_parity_v1,custom,95fe4e46f3c15da64ab8656605a5093c082d79e6c7f43859e3752dc255ac3760,2e16b45d85197d093ced9da2c3d2ff8f1d35a252c10278fc936bff1dcc2782e6,PI,ideal,1.0,14,196,4,50.0,49.0,pi_g14_d50_ideal,reruns\grid_density\scenarios\clips\scaling_grid14_trials50.csv,clue_search,02,1,1,2,0,0,0,0,6,2,4,4,2,5,clue:1;collision_intent:2;pi_entry:2;state:1,20,0,completed
29,dcta_parity_v1,custom,95fe4e46f3c15da64ab8656605a5093c082d79e6c7f43859e3752dc255ac3760,2e16b45d85197d093ced9da2c3d2ff8f1d35a252c10278fc936bff1dcc2782e6,PI,ideal,1.0,14,196,4,50.0,49.0,pi_g14_d50_ideal,reruns\grid_density\scenarios\clips\scaling_grid14_trials50.csv,clue_search,03,2,1,3,0,0,0,0,8,3,5,6,2,6,clue:1;collision_intent:2;pi_entry:2;state:2;target:1,19,0,completed
30,dcta_parity_v1,custom,95fe4e46f3c15da64ab8656605a5093c082d79e6c7f43859e3752dc255ac3760,2e16b45d85197d093ced9da2c3d2ff8f1d35a252c10278fc936bff1dcc2782e6,PI,ideal,1.0,14,196,4,50.0,49.0,pi_g14_d50_ideal,reruns\grid_density\scenarios\clips\scaling_grid14_trials50.csv,clue_search,00,33,16,30,4,0,0,0,90,33,57,68,22,56,clue:2;collision_intent:33;pi_entry:22;state:33,255,0,completed
30,dcta_parity_v1,custom,95fe4e46f3c15da64ab8656605a5093c082d79e6c7f43859e3752dc255ac3760,2e16b45d85197d093ced9da2c3d2ff8f1d35a252c10278fc936bff1dcc2782e6,PI,ideal,1.0,14,196,4,50.0,49.0,pi_g14_d50_ideal,reruns\grid_density\scenarios\clips\scaling_grid14_trials50.csv,clue_search,01,33,16,32,2,0,1,1,92,34,58,69,23,58,clue:2;collision_intent:34;pi_entry:23;state:33,253,0,completed
30,dcta_parity_v1,custom,95fe4e46f3c15da64ab8656605a5093c082d79e6c7f43859e3752dc255ac3760,2e16b45d85197d093ced9da2c3d2ff8f1d35a252c10278fc936bff1dcc2782e6,PI,ideal,1.0,14,196,4,50.0,49.0,pi_g14_d50_ideal,reruns\grid_density\scenarios\clips\scaling_grid14_trials50.csv,clue_search,02,32,15,28,5,1,0,0,77,32,45,66,11,43,clue:2;collision_intent:32;pi_entry:11;state:32,267,0,completed
30,dcta_parity_v1,custom,95fe4e46f3c15da64ab8656605a5093c082d79e6c7f43859e3752dc255ac3760,2e16b45d85197d093ced9da2c3d2ff8f1d35a252c10278fc936bff1dcc2782e6,PI,ideal,1.0,14,196,4,50.0,49.0,pi_g14_d50_ideal,reruns\grid_density\scenarios\clips\scaling_grid14_trials50.csv,clue_search,03,34,17,31,4,1,0,0,86,35,51,71,15,52,clue:2;collision_intent:34;pi_entry:15;state:34;target:1,259,0,completed
31,dcta_parity_v1,custom,95fe4e46f3c15da64ab8656605a5093c082d79e6c7f43859e3752dc255ac3760,2e16b45d85197d093ced9da2c3d2ff8f1d35a252c10278fc936bff1dcc2782e6,PI,ideal,1.0,14,196,4,50.0,49.0,pi_g14_d50_ideal,reruns\grid_density\scenarios\clips\scaling_grid14_trials50.csv,clue_search,00,18,13,18,1,0,0,0,57,19,38,40,17,47,clue:3;collision_intent:18;pi_entry:17;state:18;target:1,155,0,completed
31,dcta_parity_v1,custom,95fe4e46f3c15da64ab8656605a5093c082d79e6c7f43859e3752dc255ac3760,2e16b45d85197d093ced9da2c3d2ff8f1d35a252c10278fc936bff1dcc2782e6,PI,ideal,1.0,14,196,4,50.0,49.0,pi_g14_d50_ideal,reruns\grid_density\scenarios\clips\scaling_grid14_trials50.csv,clue_search,01,18,13,16,3,0,0,0,52,18,34,39,13,42,clue:3;collision_intent:18;pi_entry:13;state:18,158,0,completed
31,dcta_parity_v1,custom,95fe4e46f3c15da64ab8656605a5093c082d79e6c7f43859e3752dc255ac3760,2e16b45d85197d093ced9da2c3d2ff8f1d35a252c10278fc936bff1dcc2782e6,PI,ideal,1.0,14,196,4,50.0,49.0,pi_g14_d50_ideal,reruns\grid_density\scenarios\clips\scaling_grid14_trials50.csv,clue_search,02,17,12,17,1,0,0,0,52,17,35,37,15,42,clue:3;collision_intent:17;pi_entry:15;state:17,159,0,completed
31,dcta_parity_v1,custom,95fe4e46f3c15da64ab8656605a5093c082d79e6c7f43859e3752dc255ac3760,2e16b45d85197d093ced9da2c3d2ff8f1d35a252c10278fc936bff1dcc2782e6,PI,ideal,1.0,14,196,4,50.0,49.0,pi_g14_d50_ideal,reruns\grid_density\scenarios\clips\scaling_grid14_trials50.csv,clue_search,03,18,13,16,3,0,1,1,51,19,32,40,11,41,clue:3;collision_intent:19;pi_entry:11;state:18,160,0,completed
32,dcta_parity_v1,custom,95fe4e46f3c15da64ab8656605a5093c082d79e6c7f43859e3752dc255ac3760,2e16b45d85197d093ced9da2c3d2ff8f1d35a252c10278fc936bff1dcc2782e6,PI,ideal,1.0,14,196,4,50.0,49.0,pi_g14_d50_ideal,reruns\grid_density\scenarios\clips\scaling_grid14_trials50.csv,clue_search,00,16,14,17,0,0,0,0,52,16,36,34,18,48,clue:2;collision_intent:16;pi_entry:18;state:16,152,0,completed
32,dcta_parity_v1,custom,95fe4e46f3c15da64ab8656605a5093c082d79e6c7f43859e3752dc255ac3760,2e16b45d85197d093ced9da2c3d2ff8f1d35a252c10278fc936bff1dcc2782e6,PI,ideal,1.0,14,196,4,50.0,49.0,pi_g14_d50_ideal,reruns\grid_density\scenarios\clips\scaling_grid14_trials50.csv,clue_search,01,16,14,17,0,0,0,0,52,16,36,34,18,48,clue:2;collision_intent:16;pi_entry:18;state:16,152,0,completed
32,dcta_parity_v1,custom,95fe4e46f3c15da64ab8656605a5093c082d79e6c7f43859e3752dc255ac3760,2e16b45d85197d093ced9da2c3d2ff8f1d35a252c10278fc936bff1dcc2782e6,PI,ideal,1.0,14,196,4,50.0,49.0,pi_g14_d50_ideal,reruns\grid_density\scenarios\clips\scaling_grid14_trials50.csv,clue_search,02,16,14,13,4,0,0,0,50,16,34,34,16,46,clue:2;collision_intent:16;pi_entry:16;state:16,154,0,completed
32,dcta_parity_v1,custom,95fe4e46f3c15da64ab8656605a5093c082d79e6c7f43859e3752dc255ac3760,2e16b45d85197d093ced9da2c3d2ff8f1d35a252c10278fc936bff1dcc2782e6,PI,ideal,1.0,14,196,4,50.0,49.0,pi_g14_d50_ideal,reruns\grid_density\scenarios\clips\scaling_grid14_trials50.csv,clue_search,03,17,15,11,7,0,0,0,51,18,33,37,14,47,clue:2;collision_intent:17;pi_entry:14;state:17;target:1,154,0,completed
33,dcta_parity_v1,custom,95fe4e46f3c15da64ab8656605a5093c082d79e6c7f43859e3752dc255ac3760,2e16b45d85197d093ced9da2c3d2ff8f1d35a252c10278fc936bff1dcc2782e6,PI,ideal,1.0,14,196,4,50.0,49.0,pi_g14_d50_ideal,reruns\grid_density\scenarios\clips\scaling_grid14_trials50.csv,clue_search,00,11,1,12,0,0,0,0,26,11,15,24,2,6,clue:2;collision_intent:11;pi_entry:2;state:11,80,0,completed
33,dcta_parity_v1,custom,95fe4e46f3c15da64ab8656605a5093c082d79e6c7f43859e3752dc255ac3760,2e16b45d85197d093ced9da2c3d2ff8f1d35a252c10278fc936bff1dcc2782e6,PI,ideal,1.0,14,196,4,50.0,49.0,pi_g14_d50_ideal,reruns\grid_density\scenarios\clips\scaling_grid14_trials50.csv,clue_search,01,11,1,12,0,0,0,0,26,11,15,24,2,6,clue:2;collision_intent:11;pi_entry:2;state:11,79,0,completed
33,dcta_parity_v1,custom,95fe4e46f3c15da64ab8656605a5093c082d79e6c7f43859e3752dc255ac3760,2e16b45d85197d093ced9da2c3d2ff8f1d35a252c10278fc936bff1dcc2782e6,PI,ideal,1.0,14,196,4,50.0,49.0,pi_g14_d50_ideal,reruns\grid_density\scenarios\clips\scaling_grid14_trials50.csv,clue_search,02,11,1,12,0,0,0,0,27,12,15,25,2,7,clue:2;collision_intent:11;pi_entry:2;state:11;target:1,79,0,completed
33,dcta_parity_v1,custom,95fe4e46f3c15da64ab8656605a5093c082d79e6c7f43859e3752dc255ac3760,2e16b45d85197d093ced9da2c3d2ff8f1d35a252c10278fc936bff1dcc2782e6,PI,ideal,1.0,14,196,4,50.0,49.0,pi_g14_d50_ideal,reruns\grid_density\scenarios\clips\scaling_grid14_trials50.csv,clue_search,03,11,1,12,0,0,0,0,27,11,16,24,3,7,clue:2;collision_intent:11;pi_entry:3;state:11,77,0,completed
34,dcta_parity_v1,custom,95fe4e46f3c15da64ab8656605a5093c082d79e6c7f43859e3752dc255ac3760,2e16b45d85197d093ced9da2c3d2ff8f1d35a252c10278fc936bff1dcc2782e6,PI,ideal,1.0,14,196,4,50.0,49.0,pi_g14_d50_ideal,reruns\grid_density\scenarios\clips\scaling_grid14_trials50.csv,clue_search,00,6,4,7,0,0,0,0,17,6,11,14,3,12,clue:2;collision_intent:6;pi_entry:3;state:6,59,0,completed
34,dcta_parity_v1,custom,95fe4e46f3c15da64ab8656605a5093c082d79e6c7f43859e3752dc255ac3760,2e16b45d85197d093ced9da2c3d2ff8f1d35a252c10278fc936bff1dcc2782e6,PI,ideal,1.0,14,196,4,50.0,49.0,pi_g14_d50_ideal,reruns\grid_density\scenarios\clips\scaling_grid14_trials50.csv,clue_search,01,6,3,7,0,0,0,0,20,7,13,15,5,14,clue:2;collision_intent:6;pi_entry:5;state:6;target:1,57,0,completed
34,dcta_parity_v1,custom,95fe4e46f3c15da64ab8656605a5093c082d79e6c7f43859e3752dc255ac3760,2e16b45d85197d093ced9da2c3d2ff8f1d35a252c10278fc936bff1dcc2782e6,PI,ideal,1.0,14,196,4,50.0,49.0,pi_g14_d50_ideal,reruns\grid_density\scenarios\clips\scaling_grid14_trials50.csv,clue_search,02,5,3,6,0,0,0,0,20,6,14,13,7,16,clue:2;collision_intent:6;pi_entry:7;state:5,55,0,completed
34,dcta_parity_v1,custom,95fe4e46f3c15da64ab8656605a5093c082d79e6c7f43859e3752dc255ac3760,2e16b45d85197d093ced9da2c3d2ff8f1d35a252c10278fc936bff1dcc2782e6,PI,ideal,1.0,14,196,4,50.0,49.0,pi_g14_d50_ideal,reruns\grid_density\scenarios\clips\scaling_grid14_trials50.csv,clue_search,03,6,3,7,0,0,0,0,20,6,14,14,6,14,clue:2;collision_intent:6;pi_entry:6;state:6,55,0,completed
35,dcta_parity_v1,custom,95fe4e46f3c15da64ab8656605a5093c082d79e6c7f43859e3752dc255ac3760,2e16b45d85197d093ced9da2c3d2ff8f1d35a252c10278fc936bff1dcc2782e6,PI,ideal,1.0,14,196,4,50.0,49.0,pi_g14_d50_ideal,reruns\grid_density\scenarios\clips\scaling_grid14_trials50.csv,clue_search,00,23,12,20,4,0,4,2,68,28,40,54,14,46,clue:3;collision_intent:28;pi_entry:14;state:23,216,0,completed
35,dcta_parity_v1,custom,95fe4e46f3c15da64ab8656605a5093c082d79e6c7f43859e3752dc255ac3760,2e16b45d85197d093ced9da2c3d2ff8f1d35a252c10278fc936bff1dcc2782e6,PI,ideal,1.0,14,196,4,50.0,49.0,pi_g14_d50_ideal,reruns\grid_density\scenarios\clips\scaling_grid14_trials50.csv,clue_search,01,26,15,27,0,1,2,1,78,29,49,58,20,56,clue:3;collision_intent:28;pi_entry:20;state:26;target:1,207,0,completed
35,dcta_parity_v1,custom,95fe4e46f3c15da64ab8656605a5093c082d79e6c7f43859e3752dc255ac3760,2e16b45d85197d093ced9da2c3d2ff8f1d35a252c10278fc936bff1dcc2782e6,PI,ideal,1.0,14,196,4,50.0,49.0,pi_g14_d50_ideal,reruns\grid_density\scenarios\clips\scaling_grid14_trials50.csv,clue_search,02,25,15,25,1,0,0,0,73,25,48,53,20,53,clue:3;collision_intent:25;pi_entry:20;state:25,212,0,completed
35,dcta_parity_v1,custom,95fe4e46f3c15da64ab8656605a5093c082d79e6c7f43859e3752dc255ac3760,2e16b45d85197d093ced9da2c3d2ff8f1d35a252c10278fc936bff1dcc2782e6,PI,ideal,1.0,14,196,4,50.0,49.0,pi_g14_d50_ideal,reruns\grid_density\scenarios\clips\scaling_grid14_trials50.csv,clue_search,03,27,16,23,5,0,1,1,66,28,38,58,8,44,clue:3;collision_intent:28;pi_entry:8;state:27,217,0,completed
36,dcta_parity_v1,custom,95fe4e46f3c15da64ab8656605a5093c082d79e6c7f43859e3752dc255ac3760,2e16b45d85197d093ced9da2c3d2ff8f1d35a252c10278fc936bff1dcc2782e6,PI,ideal,1.0,14,196,4,50.0,49.0,pi_g14_d50_ideal,reruns\grid_density\scenarios\clips\scaling_grid14_trials50.csv,clue_search,00,41,34,35,7,0,3,1,130,46,84,91,39,115,clue:4;collision_intent:46;pi_entry:39;state:41,407,0,completed
36,dcta_parity_v1,custom,95fe4e46f3c15da64ab8656605a5093c082d79e6c7f43859e3752dc255ac3760,2e16b45d85197d093ced9da2c3d2ff8f1d35a252c10278fc936bff1dcc2782e6,PI,ideal,1.0,14,196,4,50.0,49.0,pi_g14_d50_ideal,reruns\grid_density\scenarios\clips\scaling_grid14_trials50.csv,clue_search,01,43,35,39,5,0,3,3,126,47,79,94,32,110,clue:4;collision_intent:46;pi_entry:32;state:43;target:1,412,0,completed
36,dcta_parity_v1,custom,95fe4e46f3c15da64ab8656605a5093c082d79e6c7f43859e3752dc255ac3760,2e16b45d85197d093ced9da2c3d2ff8f1d35a252c10278fc936bff1dcc2782e6,PI,ideal,1.0,14,196,4,50.0,49.0,pi_g14_d50_ideal,reruns\grid_density\scenarios\clips\scaling_grid14_trials50.csv,clue_search,02,44,37,43,2,0,0,0,139,44,95,92,47,125,clue:4;collision_intent:44;pi_entry:47;state:44,397,0,completed
36,dcta_parity_v1,custom,95fe4e46f3c15da64ab8656605a5093c082d79e6c7f43859e3752dc255ac3760,2e16b45d85197d093ced9da2c3d2ff8f1d35a252c10278fc936bff1dcc2782e6,PI,ideal,1.0,14,196,4,50.0,49.0,pi_g14_d50_ideal,reruns\grid_density\scenarios\clips\scaling_grid14_trials50.csv,clue_search,03,43,36,42,2,0,0,0,143,43,100,90,53,129,clue:4;collision_intent:43;pi_entry:53;state:43,393,0,completed
37,dcta_parity_v1,custom,95fe4e46f3c15da64ab8656605a5093c082d79e6c7f43859e3752dc255ac3760,2e16b45d85197d093ced9da2c3d2ff8f1d35a252c10278fc936bff1dcc2782e6,PI,ideal,1.0,14,196,4,50.0,49.0,pi_g14_d50_ideal,reruns\grid_density\scenarios\clips\scaling_grid14_trials50.csv,clue_search,00,19,0,20,0,0,0,0,38,19,19,38,0,0,collision_intent:19;state:19,118,0,completed
37,dcta_parity_v1,custom,95fe4e46f3c15da64ab8656605a5093c082d79e6c7f43859e3752dc255ac3760,2e16b45d85197d093ced9da2c3d2ff8f1d35a252c10278fc936bff1dcc2782e6,PI,ideal,1.0,14,196,4,50.0,49.0,pi_g14_d50_ideal,reruns\grid_density\scenarios\clips\scaling_grid14_trials50.csv,clue_search,01,20,0,21,0,0,0,0,41,21,20,41,0,0,collision_intent:20;state:20;target:1,115,0,completed
37,dcta_parity_v1,custom,95fe4e46f3c15da64ab8656605a5093c082d79e6c7f43859e3752dc255ac3760,2e16b45d85197d093ced9da2c3d2ff8f1d35a252c10278fc936bff1dcc2782e6,PI,ideal,1.0,14,196,4,50.0,49.0,pi_g14_d50_ideal,reruns\grid_density\scenarios\clips\scaling_grid14_trials50.csv,clue_search,02,19,0,20,0,0,0,0,38,19,19,38,0,0,collision_intent:19;state:19,116,0,completed
37,dcta_parity_v1,custom,95fe4e46f3c15da64ab8656605a5093c082d79e6c7f43859e3752dc255ac3760,2e16b45d85197d093ced9da2c3d2ff8f1d35a252c10278fc936bff1dcc2782e6,PI,ideal,1.0,14,196,4,50.0,49.0,pi_g14_d50_ideal,reruns\grid_density\scenarios\clips\scaling_grid14_trials50.csv,clue_search,03,19,0,20,0,0,0,0,39,20,19,39,0,0,collision_intent:20;state:19,115,0,completed
38,dcta_parity_v1,custom,95fe4e46f3c15da64ab8656605a5093c082d79e6c7f43859e3752dc255ac3760,2e16b45d85197d093ced9da2c3d2ff8f1d35a252c10278fc936bff1dcc2782e6,PI,ideal,1.0,14,196,4,50.0,49.0,pi_g14_d50_ideal,reruns\grid_density\scenarios\clips\scaling_grid14_trials50.csv,clue_search,00,21,7,22,0,0,0,0,55,21,34,44,11,27,clue:2;collision_intent:21;pi_entry:11;state:21,158,0,completed
38,dcta_parity_v1,custom,95fe4e46f3c15da64ab8656605a5093c082d79e6c7f43859e3752dc255ac3760,2e16b45d85197d093ced9da2c3d2ff8f1d35a252c10278fc936bff1dcc2782e6,PI,ideal,1.0,14,196,4,50.0,49.0,pi_g14_d50_ideal,reruns\grid_density\scenarios\clips\scaling_grid14_trials50.csv,clue_search,01,21,7,22,0,0,0,0,55,21,34,44,11,27,clue:2;collision_intent:21;pi_entry:11;state:21,157,0,completed
38,dcta_parity_v1,custom,95fe4e46f3c15da64ab8656605a5093c082d79e6c7f43859e3752dc255ac3760,2e16b45d85197d093ced9da2c3d2ff8f1d35a252c10278fc936bff1dcc2782e6,PI,ideal,1.0,14,196,4,50.0,49.0,pi_g14_d50_ideal,reruns\grid_density\scenarios\clips\scaling_grid14_trials50.csv,clue_search,02,20,7,18,3,0,1,1,52,21,31,43,9,26,clue:2;collision_intent:21;pi_entry:9;state:20,162,0,completed
38,dcta_parity_v1,custom,95fe4e46f3c15da64ab8656605a5093c082d79e6c7f43859e3752dc255ac3760,2e16b45d85197d093ced9da2c3d2ff8f1d35a252c10278fc936bff1dcc2782e6,PI,ideal,1.0,14,196,4,50.0,49.0,pi_g14_d50_ideal,reruns\grid_density\scenarios\clips\scaling_grid14_trials50.csv,clue_search,03,21,7,22,0,1,0,0,52,22,30,45,7,24,clue:2;collision_intent:21;pi_entry:7;state:21;target:1,162,0,completed
39,dcta_parity_v1,custom,95fe4e46f3c15da64ab8656605a5093c082d79e6c7f43859e3752dc255ac3760,2e16b45d85197d093ced9da2c3d2ff8f1d35a252c10278fc936bff1dcc2782e6,PI,ideal,1.0,14,196,4,50.0,49.0,pi_g14_d50_ideal,reruns\grid_density\scenarios\clips\scaling_grid14_trials50.csv,clue_search,00,11,0,12,0,0,0,0,23,12,11,23,0,0,collision_intent:11;state:11;target:1,63,0,completed
39,dcta_parity_v1,custom,95fe4e46f3c15da64ab8656605a5093c082d79e6c7f43859e3752dc255ac3760,2e16b45d85197d093ced9da2c3d2ff8f1d35a252c10278fc936bff1dcc2782e6,PI,ideal,1.0,14,196,4,50.0,49.0,pi_g14_d50_ideal,reruns\grid_density\scenarios\clips\scaling_grid14_trials50.csv,clue_search,01,11,0,12,0,0,0,0,22,11,11,22,0,0,collision_intent:11;state:11,63,0,completed
39,dcta_parity_v1,custom,95fe4e46f3c15da64ab8656605a5093c082d79e6c7f43859e3752dc255ac3760,2e16b45d85197d093ced9da2c3d2ff8f1d35a252c10278fc936bff1dcc2782e6,PI,ideal,1.0,14,196,4,50.0,49.0,pi_g14_d50_ideal,reruns\grid_density\scenarios\clips\scaling_grid14_trials50.csv,clue_search,02,10,0,11,0,0,0,0,20,10,10,20,0,0,collision_intent:10;state:10,65,0,completed
39,dcta_parity_v1,custom,95fe4e46f3c15da64ab8656605a5093c082d79e6c7f43859e3752dc255ac3760,2e16b45d85197d093ced9da2c3d2ff8f1d35a252c10278fc936bff1dcc2782e6,PI,ideal,1.0,14,196,4,50.0,49.0,pi_g14_d50_ideal,reruns\grid_density\scenarios\clips\scaling_grid14_trials50.csv,clue_search,03,10,0,11,0,0,0,0,21,11,10,21,0,0,collision_intent:11;state:10,63,0,completed
40,dcta_parity_v1,custom,95fe4e46f3c15da64ab8656605a5093c082d79e6c7f43859e3752dc255ac3760,2e16b45d85197d093ced9da2c3d2ff8f1d35a252c10278fc936bff1dcc2782e6,PI,ideal,1.0,14,196,4,50.0,49.0,pi_g14_d50_ideal,reruns\grid_density\scenarios\clips\scaling_grid14_trials50.csv,clue_search,00,36,31,31,6,1,0,0,106,36,70,75,31,96,clue:3;collision_intent:36;pi_entry:31;state:36,337,0,completed
40,dcta_parity_v1,custom,95fe4e46f3c15da64ab8656605a5093c082d79e6c7f43859e3752dc255ac3760,2e16b45d85197d093ced9da2c3d2ff8f1d35a252c10278fc936bff1dcc2782e6,PI,ideal,1.0,14,196,4,50.0,49.0,pi_g14_d50_ideal,reruns\grid_density\scenarios\clips\scaling_grid14_trials50.csv,clue_search,01,36,30,27,10,0,0,0,102,36,66,75,27,90,clue:3;collision_intent:36;pi_entry:27;state:36,339,0,completed
40,dcta_parity_v1,custom,95fe4e46f3c15da64ab8656605a5093c082d79e6c7f43859e3752dc255ac3760,2e16b45d85197d093ced9da2c3d2ff8f1d35a252c10278fc936bff1dcc2782e6,PI,ideal,1.0,14,196,4,50.0,49.0,pi_g14_d50_ideal,reruns\grid_density\scenarios\clips\scaling_grid14_trials50.csv,clue_search,02,36,31,29,8,0,0,0,110,36,74,75,35,100,clue:3;collision_intent:36;pi_entry:35;state:36,332,0,completed
40,dcta_parity_v1,custom,95fe4e46f3c15da64ab8656605a5093c082d79e6c7f43859e3752dc255ac3760,2e16b45d85197d093ced9da2c3d2ff8f1d35a252c10278fc936bff1dcc2782e6,PI,ideal,1.0,14,196,4,50.0,49.0,pi_g14_d50_ideal,reruns\grid_density\scenarios\clips\scaling_grid14_trials50.csv,clue_search,03,37,31,37,1,0,0,0,125,38,87,78,47,113,clue:3;collision_intent:37;pi_entry:47;state:37;target:1,318,0,completed
41,dcta_parity_v1,custom,95fe4e46f3c15da64ab8656605a5093c082d79e6c7f43859e3752dc255ac3760,2e16b45d85197d093ced9da2c3d2ff8f1d35a252c10278fc936bff1dcc2782e6,PI,ideal,1.0,14,196,4,50.0,49.0,pi_g14_d50_ideal,reruns\grid_density\scenarios\clips\scaling_grid14_trials50.csv,clue_search,00,55,47,52,4,0,0,0,169,55,114,113,56,153,clue:3;collision_intent:55;pi_entry:56;state:55,492,0,completed
41,dcta_parity_v1,custom,95fe4e46f3c15da64ab8656605a5093c082d79e6c7f43859e3752dc255ac3760,2e16b45d85197d093ced9da2c3d2ff8f1d35a252c10278fc936bff1dcc2782e6,PI,ideal,1.0,14,196,4,50.0,49.0,pi_g14_d50_ideal,reruns\grid_density\scenarios\clips\scaling_grid14_trials50.csv,clue_search,01,57,49,53,5,0,0,0,178,58,120,118,60,162,clue:3;collision_intent:57;pi_entry:60;state:57;target:1,485,0,completed
41,dcta_parity_v1,custom,95fe4e46f3c15da64ab8656605a5093c082d79e6c7f43859e3752dc255ac3760,2e16b45d85197d093ced9da2c3d2ff8f1d35a252c10278fc936bff1dcc2782e6,PI,ideal,1.0,14,196,4,50.0,49.0,pi_g14_d50_ideal,reruns\grid_density\scenarios\clips\scaling_grid14_trials50.csv,clue_search,02,55,47,37,19,0,0,0,157,55,102,113,44,141,clue:3;collision_intent:55;pi_entry:44;state:55,506,0,completed
41,dcta_parity_v1,custom,95fe4e46f3c15da64ab8656605a5093c082d79e6c7f43859e3752dc255ac3760,2e16b45d85197d093ced9da2c3d2ff8f1d35a252c10278fc936bff1dcc2782e6,PI,ideal,1.0,14,196,4,50.0,49.0,pi_g14_d50_ideal,reruns\grid_density\scenarios\clips\scaling_grid14_trials50.csv,clue_search,03,55,47,41,15,0,0,0,159,56,103,114,45,143,clue:3;collision_intent:56;pi_entry:45;state:55,504,0,completed
42,dcta_parity_v1,custom,95fe4e46f3c15da64ab8656605a5093c082d79e6c7f43859e3752dc255ac3760,2e16b45d85197d093ced9da2c3d2ff8f1d35a252c10278fc936bff1dcc2782e6,PI,ideal,1.0,14,196,4,50.0,49.0,pi_g14_d50_ideal,reruns\grid_density\scenarios\clips\scaling_grid14_trials50.csv,clue_search,00,33,19,29,5,0,3,3,92,37,55,73,19,64,clue:3;collision_intent:37;pi_entry:19;state:33,302,0,completed
42,dcta_parity_v1,custom,95fe4e46f3c15da64ab8656605a5093c082d79e6c7f43859e3752dc255ac3760,2e16b45d85197d093ced9da2c3d2ff8f1d35a252c10278fc936bff1dcc2782e6,PI,ideal,1.0,14,196,4,50.0,49.0,pi_g14_d50_ideal,reruns\grid_density\scenarios\clips\scaling_grid14_trials50.csv,clue_search,01,33,19,30,4,0,3,2,97,36,61,72,25,69,clue:3;collision_intent:36;pi_clear_path:1;pi_entry:24;state:33,298,0,completed
42,dcta_parity_v1,custom,95fe4e46f3c15da64ab8656605a5093c082d79e6c7f43859e3752dc255ac3760,2e16b45d85197d093ced9da2c3d2ff8f1d35a252c10278fc936bff1dcc2782e6,PI,ideal,1.0,14,196,4,50.0,49.0,pi_g14_d50_ideal,reruns\grid_density\scenarios\clips\scaling_grid14_trials50.csv,clue_search,02,34,20,32,3,0,0,0,100,34,66,71,29,72,clue:3;collision_intent:34;pi_entry:29;state:34,294,0,completed
42,dcta_parity_v1,custom,95fe4e46f3c15da64ab8656605a5093c082d79e6c7f43859e3752dc255ac3760,2e16b45d85197d093ced9da2c3d2ff8f1d35a252c10278fc936bff1dcc2782e6,PI,ideal,1.0,14,196,4,50.0,49.0,pi_g14_d50_ideal,reruns\grid_density\scenarios\clips\scaling_grid14_trials50.csv,clue_search,03,36,22,37,0,1,0,0,107,37,70,76,31,79,clue:3;collision_intent:36;pi_entry:31;state:36;target:1,289,0,completed
43,dcta_parity_v1,custom,95fe4e46f3c15da64ab8656605a5093c082d79e6c7f43859e3752dc255ac3760,2e16b45d85197d093ced9da2c3d2ff8f1d35a252c10278fc936bff1dcc2782e6,PI,ideal,1.0,14,196,4,50.0,49.0,pi_g14_d50_ideal,reruns\grid_density\scenarios\clips\scaling_grid14_trials50.csv,clue_search,00,31,22,29,3,0,0,0,92,32,60,66,26,74,clue:3;collision_intent:31;pi_entry:26;state:31;target:1,252,0,completed
43,dcta_parity_v1,custom,95fe4e46f3c15da64ab8656605a5093c082d79e6c7f43859e3752dc255ac3760,2e16b45d85197d093ced9da2c3d2ff8f1d35a252c10278fc936bff1dcc2782e6,PI,ideal,1.0,14,196,4,50.0,49.0,pi_g14_d50_ideal,reruns\grid_density\scenarios\clips\scaling_grid14_trials50.csv,clue_search,01,29,20,30,0,0,0,0,85,29,56,61,24,67,clue:3;collision_intent:29;pi_entry:24;state:29,259,0,completed
43,dcta_parity_v1,custom,95fe4e46f3c15da64ab8656605a5093c082d79e6c7f43859e3752dc255ac3760,2e16b45d85197d093ced9da2c3d2ff8f1d35a252c10278fc936bff1dcc2782e6,PI,ideal,1.0,14,196,4,50.0,49.0,pi_g14_d50_ideal,reruns\grid_density\scenarios\clips\scaling_grid14_trials50.csv,clue_search,02,28,20,25,4,1,0,0,88,28,60,59,29,72,clue:3;collision_intent:28;pi_clear_path:1;pi_entry:28;state:28,256,0,completed
43,dcta_parity_v1,custom,95fe4e46f3c15da64ab8656605a5093c082d79e6c7f43859e3752dc255ac3760,2e16b45d85197d093ced9da2c3d2ff8f1d35a252c10278fc936bff1dcc2782e6,PI,ideal,1.0,14,196,4,50.0,49.0,pi_g14_d50_ideal,reruns\grid_density\scenarios\clips\scaling_grid14_trials50.csv,clue_search,03,27,18,20,8,0,3,1,79,31,48,61,18,61,clue:3;collision_intent:31;pi_entry:18;state:27,265,0,completed
44,dcta_parity_v1,custom,95fe4e46f3c15da64ab8656605a5093c082d79e6c7f43859e3752dc255ac3760,2e16b45d85197d093ced9da2c3d2ff8f1d35a252c10278fc936bff1dcc2782e6,PI,ideal,1.0,14,196,4,50.0,49.0,pi_g14_d50_ideal,reruns\grid_density\scenarios\clips\scaling_grid14_trials50.csv,clue_search,00,27,0,28,0,0,0,0,55,28,27,55,0,0,collision_intent:27;state:27;target:1,156,0,completed
44,dcta_parity_v1,custom,95fe4e46f3c15da64ab8656605a5093c082d79e6c7f43859e3752dc255ac3760,2e16b45d85197d093ced9da2c3d2ff8f1d35a252c10278fc936bff1dcc2782e6,PI,ideal,1.0,14,196,4,50.0,49.0,pi_g14_d50_ideal,reruns\grid_density\scenarios\clips\scaling_grid14_trials50.csv,clue_search,01,26,0,27,0,0,0,0,52,26,26,52,0,0,collision_intent:26;state:26,157,0,completed
44,dcta_parity_v1,custom,95fe4e46f3c15da64ab8656605a5093c082d79e6c7f43859e3752dc255ac3760,2e16b45d85197d093ced9da2c3d2ff8f1d35a252c10278fc936bff1dcc2782e6,PI,ideal,1.0,14,196,4,50.0,49.0,pi_g14_d50_ideal,reruns\grid_density\scenarios\clips\scaling_grid14_trials50.csv,clue_search,02,26,0,27,0,0,0,0,52,26,26,52,0,0,collision_intent:26;state:26,159,0,completed
44,dcta_parity_v1,custom,95fe4e46f3c15da64ab8656605a5093c082d79e6c7f43859e3752dc255ac3760,2e16b45d85197d093ced9da2c3d2ff8f1d35a252c10278fc936bff1dcc2782e6,PI,ideal,1.0,14,196,4,50.0,49.0,pi_g14_d50_ideal,reruns\grid_density\scenarios\clips\scaling_grid14_trials50.csv,clue_search,03,26,0,27,0,0,0,0,52,26,26,52,0,0,collision_intent:26;state:26,157,0,completed
45,dcta_parity_v1,custom,95fe4e46f3c15da64ab8656605a5093c082d79e6c7f43859e3752dc255ac3760,2e16b45d85197d093ced9da2c3d2ff8f1d35a252c10278fc936bff1dcc2782e6,PI,ideal,1.0,14,196,4,50.0,49.0,pi_g14_d50_ideal,reruns\grid_density\scenarios\clips\scaling_grid14_trials50.csv,clue_search,00,9,1,10,0,0,0,0,22,10,12,20,2,6,clue:1;collision_intent:9;pi_entry:2;state:9;target:1,58,0,completed
45,dcta_parity_v1,custom,95fe4e46f3c15da64ab8656605a5093c082d79e6c7f43859e3752dc255ac3760,2e16b45d85197d093ced9da2c3d2ff8f1d35a252c10278fc936bff1dcc2782e6,PI,ideal,1.0,14,196,4,50.0,49.0,pi_g14_d50_ideal,reruns\grid_density\scenarios\clips\scaling_grid14_trials50.csv,clue_search,01,8,1,9,0,0,0,0,19,8,11,17,2,5,clue:1;collision_intent:8;pi_entry:2;state:8,60,0,completed
45,dcta_parity_v1,custom,95fe4e46f3c15da64ab8656605a5093c082d79e6c7f43859e3752dc255ac3760,2e16b45d85197d093ced9da2c3d2ff8f1d35a252c10278fc936bff1dcc2782e6,PI,ideal,1.0,14,196,4,50.0,49.0,pi_g14_d50_ideal,reruns\grid_density\scenarios\clips\scaling_grid14_trials50.csv,clue_search,02,8,1,9,0,0,0,0,19,8,11,17,2,5,clue:1;collision_intent:8;pi_entry:2;state:8,59,0,completed
45,dcta_parity_v1,custom,95fe4e46f3c15da64ab8656605a5093c082d79e6c7f43859e3752dc255ac3760,2e16b45d85197d093ced9da2c3d2ff8f1d35a252c10278fc936bff1dcc2782e6,PI,ideal,1.0,14,196,4,50.0,49.0,pi_g14_d50_ideal,reruns\grid_density\scenarios\clips\scaling_grid14_trials50.csv,clue_search,03,8,1,9,0,0,0,0,20,9,11,18,2,6,clue:1;collision_intent:9;pi_entry:2;state:8,59,0,completed
46,dcta_parity_v1,custom,95fe4e46f3c15da64ab8656605a5093c082d79e6c7f43859e3752dc255ac3760,2e16b45d85197d093ced9da2c3d2ff8f1d35a252c10278fc936bff1dcc2782e6,PI,ideal,1.0,14,196,4,50.0,49.0,pi_g14_d50_ideal,reruns\grid_density\scenarios\clips\scaling_grid14_trials50.csv,clue_search,00,18,17,14,5,0,0,0,54,18,36,39,15,52,clue:3;collision_intent:18;pi_entry:15;state:18,167,0,completed
46,dcta_parity_v1,custom,95fe4e46f3c15da64ab8656605a5093c082d79e6c7f43859e3752dc255ac3760,2e16b45d85197d093ced9da2c3d2ff8f1d35a252c10278fc936bff1dcc2782e6,PI,ideal,1.0,14,196,4,50.0,49.0,pi_g14_d50_ideal,reruns\grid_density\scenarios\clips\scaling_grid14_trials50.csv,clue_search,01,17,16,18,0,0,0,0,60,18,42,38,22,58,clue:3;collision_intent:17;pi_entry:22;state:17;target:1,161,0,completed
46,dcta_parity_v1,custom,95fe4e46f3c15da64ab8656605a5093c082d79e6c7f43859e3752dc255ac3760,2e16b45d85197d093ced9da2c3d2ff8f1d35a252c10278fc936bff1dcc2782e6,PI,ideal,1.0,14,196,4,50.0,49.0,pi_g14_d50_ideal,reruns\grid_density\scenarios\clips\scaling_grid14_trials50.csv,clue_search,02,17,17,17,1,0,0,0,48,17,31,37,11,48,clue:3;collision_intent:17;pi_entry:11;state:17,172,0,completed
46,dcta_parity_v1,custom,95fe4e46f3c15da64ab8656605a5093c082d79e6c7f43859e3752dc255ac3760,2e16b45d85197d093ced9da2c3d2ff8f1d35a252c10278fc936bff1dcc2782e6,PI,ideal,1.0,14,196,4,50.0,49.0,pi_g14_d50_ideal,reruns\grid_density\scenarios\clips\scaling_grid14_trials50.csv,clue_search,03,18,18,18,1,0,0,0,59,18,41,39,20,59,clue:3;collision_intent:18;pi_entry:20;state:18,160,0,completed
47,dcta_parity_v1,custom,95fe4e46f3c15da64ab8656605a5093c082d79e6c7f43859e3752dc255ac3760,2e16b45d85197d093ced9da2c3d2ff8f1d35a252c10278fc936bff1dcc2782e6,PI,ideal,1.0,14,196,4,50.0,49.0,pi_g14_d50_ideal,reruns\grid_density\scenarios\clips\scaling_grid14_trials50.csv,clue_search,00,50,28,44,7,0,0,0,139,50,89,104,35,95,clue:4;collision_intent:50;pi_entry:35;state:50,413,0,completed
47,dcta_parity_v1,custom,95fe4e46f3c15da64ab8656605a5093c082d79e6c7f43859e3752dc255ac3760,2e16b45d85197d093ced9da2c3d2ff8f1d35a252c10278fc936bff1dcc2782e6,PI,ideal,1.0,14,196,4,50.0,49.0,pi_g14_d50_ideal,reruns\grid_density\scenarios\clips\scaling_grid14_trials50.csv,clue_search,01,50,28,49,2,0,1,1,144,51,93,105,39,100,clue:4;collision_intent:51;pi_entry:39;state:50,407,0,completed
47,dcta_parity_v1,custom,95fe4e46f3c15da64ab8656605a5093c082d79e6c7f43859e3752dc255ac3760,2e16b45d85197d093ced9da2c3d2ff8f1d35a252c10278fc936bff1dcc2782e6,PI,ideal,1.0,14,196,4,50.0,49.0,pi_g14_d50_ideal,reruns\grid_density\scenarios\clips\scaling_grid14_trials50.csv,clue_search,02,50,28,43,8,1,1,1,139,52,87,106,33,95,clue:4;collision_intent:51;pi_entry:33;state:50;target:1,414,0,completed
47,dcta_parity_v1,custom,95fe4e46f3c15da64ab8656605a5093c082d79e6c7f43859e3752dc255ac3760,2e16b45d85197d093ced9da2c3d2ff8f1d35a252c10278fc936bff1dcc2782e6,PI,ideal,1.0,14,196,4,50.0,49.0,pi_g14_d50_ideal,reruns\grid_density\scenarios\clips\scaling_grid14_trials50.csv,clue_search,03,51,29,46,6,1,0,0,131,51,80,106,25,87,clue:4;collision_intent:51;pi_entry:25;state:51,421,0,completed
48,dcta_parity_v1,custom,95fe4e46f3c15da64ab8656605a5093c082d79e6c7f43859e3752dc255ac3760,2e16b45d85197d093ced9da2c3d2ff8f1d35a252c10278fc936bff1dcc2782e6,PI,ideal,1.0,14,196,4,50.0,49.0,pi_g14_d50_ideal,reruns\grid_density\scenarios\clips\scaling_grid14_trials50.csv,clue_search,00,40,34,39,2,0,0,0,128,41,87,84,44,116,clue:3;collision_intent:40;pi_entry:44;state:40;target:1,361,0,completed
48,dcta_parity_v1,custom,95fe4e46f3c15da64ab8656605a5093c082d79e6c7f43859e3752dc255ac3760,2e16b45d85197d093ced9da2c3d2ff8f1d35a252c10278fc936bff1dcc2782e6,PI,ideal,1.0,14,196,4,50.0,49.0,pi_g14_d50_ideal,reruns\grid_density\scenarios\clips\scaling_grid14_trials50.csv,clue_search,01,39,32,40,0,0,0,0,126,39,87,81,45,112,clue:3;collision_intent:39;pi_entry:45;state:39,363,0,completed
48,dcta_parity_v1,custom,95fe4e46f3c15da64ab8656605a5093c082d79e6c7f43859e3752dc255ac3760,2e16b45d85197d093ced9da2c3d2ff8f1d35a252c10278fc936bff1dcc2782e6,PI,ideal,1.0,14,196,4,50.0,49.0,pi_g14_d50_ideal,reruns\grid_density\scenarios\clips\scaling_grid14_trials50.csv,clue_search,02,38,32,34,5,1,0,0,118,38,80,79,39,106,clue:3;collision_intent:38;pi_entry:39;state:38,370,0,completed
48,dcta_parity_v1,custom,95fe4e46f3c15da64ab8656605a5093c082d79e6c7f43859e3752dc255ac3760,2e16b45d85197d093ced9da2c3d2ff8f1d35a252c10278fc936bff1dcc2782e6,PI,ideal,1.0,14,196,4,50.0,49.0,pi_g14_d50_ideal,reruns\grid_density\scenarios\clips\scaling_grid14_trials50.csv,clue_search,03,38,31,35,4,0,1,1,117,39,78,80,37,103,clue:3;collision_intent:39;pi_entry:37;state:38,371,0,completed
49,dcta_parity_v1,custom,95fe4e46f3c15da64ab8656605a5093c082d79e6c7f43859e3752dc255ac3760,2e16b45d85197d093ced9da2c3d2ff8f1d35a252c10278fc936bff1dcc2782e6,PI,ideal,1.0,14,196,4,50.0,49.0,pi_g14_d50_ideal,reruns\grid_density\scenarios\clips\scaling_grid14_trials50.csv,clue_search,00,8,0,9,0,0,0,0,16,8,8,16,0,0,collision_intent:8;state:8,48,0,completed
49,dcta_parity_v1,custom,95fe4e46f3c15da64ab8656605a5093c082d79e6c7f43859e3752dc255ac3760,2e16b45d85197d093ced9da2c3d2ff8f1d35a252c10278fc936bff1dcc2782e6,PI,ideal,1.0,14,196,4,50.0,49.0,pi_g14_d50_ideal,reruns\grid_density\scenarios\clips\scaling_grid14_trials50.csv,clue_search,01,8,0,9,0,0,0,0,16,8,8,16,0,0,collision_intent:8;state:8,48,0,completed
49,dcta_parity_v1,custom,95fe4e46f3c15da64ab8656605a5093c082d79e6c7f43859e3752dc255ac3760,2e16b45d85197d093ced9da2c3d2ff8f1d35a252c10278fc936bff1dcc2782e6,PI,ideal,1.0,14,196,4,50.0,49.0,pi_g14_d50_ideal,reruns\grid_density\scenarios\clips\scaling_grid14_trials50.csv,clue_search,02,8,0,9,0,0,0,0,17,9,8,17,0,0,collision_intent:8;state:8;target:1,48,0,completed
49,dcta_parity_v1,custom,95fe4e46f3c15da64ab8656605a5093c082d79e6c7f43859e3752dc255ac3760,2e16b45d85197d093ced9da2c3d2ff8f1d35a252c10278fc936bff1dcc2782e6,PI,ideal,1.0,14,196,4,50.0,49.0,pi_g14_d50_ideal,reruns\grid_density\scenarios\clips\scaling_grid14_trials50.csv,clue_search,03,8,0,9,0,0,0,0,16,8,8,16,0,0,collision_intent:8;state:8,49,0,completed
