trial_id,algorithm,comm_model,comm_level,grid_size,grid_cells,robot_count,target_cells_per_robot,actual_cells_per_robot,condition_id,scenario_file,trial_mode,robot_id,steps_total,steps_after_first_clue,unique_cells_contributed,system_revisits_by_robot,task_cell_replans,path_replans,collision_prevention_events,messages_sent,protected_messages_sent,unprotected_messages_sent,core_messages_sent,allocation_messages_sent,post_clue_messages_sent,messages_sent_by_topic,messages_delivered_to_robot,messages_dropped_to_robot,trial_status,failure_type,failure_message
0,CBAA,gilbert_elliot,pGG_0.9_pBB_0.9,19,361,4,,,cbaa_gilbert_elliott_drop_0_50_rho_0_8,,coverage,00,3,0,4,0,0,0,0,333,4,329,7,326,0,cbaa_entry:326;collision_intent:4;state:3,1806,943,completed,,
0,CBAA,gilbert_elliot,pGG_0.9_pBB_0.9,19,361,4,,,cbaa_gilbert_elliott_drop_0_50_rho_0_8,,coverage,01,2,0,3,0,0,0,0,310,4,306,6,304,0,cbaa_entry:304;collision_intent:4;state:2,1584,1190,completed,,
0,CBAA,gilbert_elliot,pGG_0.9_pBB_0.9,19,361,4,,,cbaa_gilbert_elliott_drop_0_50_rho_0_8,,coverage,02,271,0,151,121,0,0,0,1228,276,952,547,681,0,cbaa_entry:681;collision_intent:276;state:271,1053,801,completed,,
0,CBAA,gilbert_elliot,pGG_0.9_pBB_0.9,19,361,4,,,cbaa_gilbert_elliott_drop_0_50_rho_0_8,,coverage,03,276,0,203,74,0,0,0,1213,279,934,555,658,0,cbaa_entry:658;collision_intent:279;state:276,1082,789,completed,,
1,CBAA,gilbert_elliot,pGG_0.9_pBB_0.9,19,361,4,,,cbaa_gilbert_elliott_drop_0_50_rho_0_8,,coverage,00,181,0,84,98,0,0,0,968,193,775,374,594,0,cbaa_entry:594;collision_intent:193;state:181,1796,1372,completed,,
1,CBAA,gilbert_elliot,pGG_0.9_pBB_0.9,19,361,4,,,cbaa_gilbert_elliott_drop_0_50_rho_0_8,,coverage,01,211,0,105,107,0,0,0,1079,226,853,437,642,0,cbaa_entry:642;collision_intent:226;state:211,1874,1183,completed,,
1,CBAA,gilbert_elliot,pGG_0.9_pBB_0.9,19,361,4,,,cbaa_gilbert_elliott_drop_0_50_rho_0_8,,coverage,02,222,0,106,117,0,0,0,1090,224,866,446,644,0,cbaa_entry:644;collision_intent:224;state:222,1816,1228,completed,,
1,CBAA,gilbert_elliot,pGG_0.9_pBB_0.9,19,361,4,,,cbaa_gilbert_elliott_drop_0_50_rho_0_8,,coverage,03,182,0,66,117,0,0,0,999,189,810,371,628,0,cbaa_entry:628;collision_intent:189;state:182,1887,1250,completed,,
2,CBAA,gilbert_elliot,pGG_0.9_pBB_0.9,19,361,4,,,cbaa_gilbert_elliott_drop_0_50_rho_0_8,,coverage,00,15,0,8,8,0,0,0,269,22,247,37,232,0,cbaa_entry:232;collision_intent:22;state:15,1163,987,completed,,
2,CBAA,gilbert_elliot,pGG_0.9_pBB_0.9,19,361,4,,,cbaa_gilbert_elliott_drop_0_50_rho_0_8,,coverage,01,48,0,30,19,0,0,0,424,49,375,97,327,0,cbaa_entry:327;collision_intent:49;state:48,1242,753,completed,,
2,CBAA,gilbert_elliot,pGG_0.9_pBB_0.9,19,361,4,,,cbaa_gilbert_elliott_drop_0_50_rho_0_8,,coverage,02,20,0,8,13,0,0,0,299,22,277,42,257,0,cbaa_entry:257;collision_intent:22;state:20,1206,914,completed,,
2,CBAA,gilbert_elliot,pGG_0.9_pBB_0.9,19,361,4,,,cbaa_gilbert_elliott_drop_0_50_rho_0_8,,coverage,03,350,0,315,36,0,0,0,1427,350,1077,700,727,0,cbaa_entry:727;collision_intent:350;state:350,545,447,completed,,
3,CBAA,gilbert_elliot,pGG_0.9_pBB_0.9,19,361,4,,,cbaa_gilbert_elliott_drop_0_50_rho_0_8,,coverage,00,63,0,48,16,0,0,0,478,65,413,128,350,0,cbaa_entry:350;collision_intent:65;state:63,1289,1115,completed,,
3,CBAA,gilbert_elliot,pGG_0.9_pBB_0.9,19,361,4,,,cbaa_gilbert_elliott_drop_0_50_rho_0_8,,coverage,01,314,0,230,85,0,0,0,1358,321,1037,635,723,0,cbaa_entry:723;collision_intent:321;state:314,903,623,completed,,
3,CBAA,gilbert_elliot,pGG_0.9_pBB_0.9,19,361,4,,,cbaa_gilbert_elliott_drop_0_50_rho_0_8,,coverage,02,64,0,51,14,0,0,0,479,66,413,130,349,0,cbaa_entry:349;collision_intent:66;state:64,1433,971,completed,,
3,CBAA,gilbert_elliot,pGG_0.9_pBB_0.9,19,361,4,,,cbaa_gilbert_elliott_drop_0_50_rho_0_8,,coverage,03,78,0,32,47,0,0,0,569,81,488,159,410,0,cbaa_entry:410;collision_intent:81;state:78,1390,923,completed,,
4,CBAA,gilbert_elliot,pGG_0.9_pBB_0.9,19,361,4,,,cbaa_gilbert_elliott_drop_0_50_rho_0_8,,coverage,00,15,0,14,2,0,0,0,360,16,344,31,329,0,cbaa_entry:329;collision_intent:16;state:15,1696,1098,completed,,
4,CBAA,gilbert_elliot,pGG_0.9_pBB_0.9,19,361,4,,,cbaa_gilbert_elliott_drop_0_50_rho_0_8,,coverage,01,269,0,156,114,0,0,0,1204,277,927,546,658,0,cbaa_entry:658;collision_intent:277;state:269,1158,790,completed,,
4,CBAA,gilbert_elliot,pGG_0.9_pBB_0.9,19,361,4,,,cbaa_gilbert_elliott_drop_0_50_rho_0_8,,coverage,02,273,0,180,94,0,0,0,1227,274,953,547,680,0,cbaa_entry:680;collision_intent:274;state:273,1149,778,completed,,
4,CBAA,gilbert_elliot,pGG_0.9_pBB_0.9,19,361,4,,,cbaa_gilbert_elliott_drop_0_50_rho_0_8,,coverage,03,14,0,11,4,0,0,0,363,16,347,30,333,0,cbaa_entry:333;collision_intent:16;state:14,1748,1041,completed,,
5,CBAA,gilbert_elliot,pGG_0.9_pBB_0.9,19,361,4,,,cbaa_gilbert_elliott_drop_0_50_rho_0_8,,coverage,00,,,,,,,,,,,,,,,,,failed,RuntimeError,Debug safety cap reached in trial 5. This usually means the allocator is stuck or returning no reachable goals.
5,CBAA,gilbert_elliot,pGG_0.9_pBB_0.9,19,361,4,,,cbaa_gilbert_elliott_drop_0_50_rho_0_8,,coverage,01,,,,,,,,,,,,,,,,,failed,RuntimeError,Debug safety cap reached in trial 5. This usually means the allocator is stuck or returning no reachable goals.
5,CBAA,gilbert_elliot,pGG_0.9_pBB_0.9,19,361,4,,,cbaa_gilbert_elliott_drop_0_50_rho_0_8,,coverage,02,,,,,,,,,,,,,,,,,failed,RuntimeError,Debug safety cap reached in trial 5. This usually means the allocator is stuck or returning no reachable goals.
5,CBAA,gilbert_elliot,pGG_0.9_pBB_0.9,19,361,4,,,cbaa_gilbert_elliott_drop_0_50_rho_0_8,,coverage,03,,,,,,,,,,,,,,,,,failed,RuntimeError,Debug safety cap reached in trial 5. This usually means the allocator is stuck or returning no reachable goals.
6,CBAA,gilbert_elliot,pGG_0.9_pBB_0.9,19,361,4,,,cbaa_gilbert_elliott_drop_0_50_rho_0_8,,coverage,00,232,0,113,120,0,0,0,1117,240,877,472,645,0,cbaa_entry:645;collision_intent:240;state:232,1985,1506,completed,,
6,CBAA,gilbert_elliot,pGG_0.9_pBB_0.9,19,361,4,,,cbaa_gilbert_elliott_drop_0_50_rho_0_8,,coverage,01,240,0,92,149,0,0,0,1166,245,921,485,681,0,cbaa_entry:681;collision_intent:245;state:240,2101,1339,completed,,
6,CBAA,gilbert_elliot,pGG_0.9_pBB_0.9,19,361,4,,,cbaa_gilbert_elliott_drop_0_50_rho_0_8,,coverage,02,239,0,94,146,0,0,0,1166,247,919,486,680,0,cbaa_entry:680;collision_intent:247;state:239,2030,1412,completed,,
6,CBAA,gilbert_elliot,pGG_0.9_pBB_0.9,19,361,4,,,cbaa_gilbert_elliott_drop_0_50_rho_0_8,,coverage,03,235,0,62,174,0,0,0,1159,246,913,481,678,0,cbaa_entry:678;collision_intent:246;state:235,2051,1396,completed,,
7,CBAA,gilbert_elliot,pGG_0.9_pBB_0.9,19,361,4,,,cbaa_gilbert_elliott_drop_0_50_rho_0_8,,coverage,00,344,0,323,22,0,0,0,1398,346,1052,690,708,0,cbaa_entry:708;collision_intent:346;state:344,480,384,completed,,
7,CBAA,gilbert_elliot,pGG_0.9_pBB_0.9,19,361,4,,,cbaa_gilbert_elliott_drop_0_50_rho_0_8,,coverage,01,10,0,11,0,0,0,0,261,11,250,21,240,0,cbaa_entry:240;collision_intent:11;state:10,1097,902,completed,,
7,CBAA,gilbert_elliot,pGG_0.9_pBB_0.9,19,361,4,,,cbaa_gilbert_elliott_drop_0_50_rho_0_8,,coverage,02,33,0,19,15,0,0,0,339,34,305,67,272,0,cbaa_entry:272;collision_intent:34;state:33,1051,871,completed,,
7,CBAA,gilbert_elliot,pGG_0.9_pBB_0.9,19,361,4,,,cbaa_gilbert_elliott_drop_0_50_rho_0_8,,coverage,03,9,0,8,2,0,0,0,264,11,253,20,244,0,cbaa_entry:244;collision_intent:11;state:9,1192,806,completed,,
8,CBAA,gilbert_elliot,pGG_0.9_pBB_0.9,19,361,4,,,cbaa_gilbert_elliott_drop_0_50_rho_0_8,,coverage,00,186,0,107,80,0,0,0,979,189,790,375,604,0,cbaa_entry:604;collision_intent:189;state:186,1806,1122,completed,,
8,CBAA,gilbert_elliot,pGG_0.9_pBB_0.9,19,361,4,,,cbaa_gilbert_elliott_drop_0_50_rho_0_8,,coverage,01,174,0,74,101,0,0,0,944,182,762,356,588,0,cbaa_entry:588;collision_intent:182;state:174,1699,1266,completed,,
8,CBAA,gilbert_elliot,pGG_0.9_pBB_0.9,19,361,4,,,cbaa_gilbert_elliott_drop_0_50_rho_0_8,,coverage,02,182,0,75,108,0,0,0,1006,187,819,369,637,0,cbaa_entry:637;collision_intent:187;state:182,1831,1072,completed,,
8,CBAA,gilbert_elliot,pGG_0.9_pBB_0.9,19,361,4,,,cbaa_gilbert_elliott_drop_0_50_rho_0_8,,coverage,03,185,0,105,81,0,0,0,980,189,791,374,606,0,cbaa_entry:606;collision_intent:189;state:185,1716,1211,completed,,
9,CBAA,gilbert_elliot,pGG_0.9_pBB_0.9,19,361,4,,,cbaa_gilbert_elliott_drop_0_50_rho_0_8,,coverage,00,58,0,27,32,0,0,0,495,65,430,123,372,0,cbaa_entry:372;collision_intent:65;state:58,1391,905,completed,,
9,CBAA,gilbert_elliot,pGG_0.9_pBB_0.9,19,361,4,,,cbaa_gilbert_elliott_drop_0_50_rho_0_8,,coverage,01,304,0,268,37,0,0,0,1290,307,983,611,679,0,cbaa_entry:679;collision_intent:307;state:304,872,629,completed,,
9,CBAA,gilbert_elliot,pGG_0.9_pBB_0.9,19,361,4,,,cbaa_gilbert_elliott_drop_0_50_rho_0_8,,coverage,02,57,0,28,30,0,0,0,479,63,416,120,359,0,cbaa_entry:359;collision_intent:63;state:57,1433,879,completed,,
9,CBAA,gilbert_elliot,pGG_0.9_pBB_0.9,19,361,4,,,cbaa_gilbert_elliott_drop_0_50_rho_0_8,,coverage,03,67,0,38,30,0,0,0,527,68,459,135,392,0,cbaa_entry:392;collision_intent:68;state:67,1395,869,completed,,
10,CBAA,gilbert_elliot,pGG_0.9_pBB_0.9,19,361,4,,,cbaa_gilbert_elliott_drop_0_50_rho_0_8,,coverage,00,287,0,160,128,0,0,0,1277,291,986,578,699,0,cbaa_entry:699;collision_intent:291;state:287,1241,943,completed,,
10,CBAA,gilbert_elliot,pGG_0.9_pBB_0.9,19,361,4,,,cbaa_gilbert_elliott_drop_0_50_rho_0_8,,coverage,01,34,0,25,10,0,0,0,423,37,386,71,352,0,cbaa_entry:352;collision_intent:37;state:34,1748,1290,completed,,
10,CBAA,gilbert_elliot,pGG_0.9_pBB_0.9,19,361,4,,,cbaa_gilbert_elliott_drop_0_50_rho_0_8,,coverage,02,288,0,161,128,0,0,0,1295,292,1003,580,715,0,cbaa_entry:715;collision_intent:292;state:288,1252,916,completed,,
10,CBAA,gilbert_elliot,pGG_0.9_pBB_0.9,19,361,4,,,cbaa_gilbert_elliott_drop_0_50_rho_0_8,,coverage,03,37,0,15,23,0,0,0,468,38,430,75,393,0,cbaa_entry:393;collision_intent:38;state:37,1830,1165,completed,,
11,CBAA,gilbert_elliot,pGG_0.9_pBB_0.9,19,361,4,,,cbaa_gilbert_elliott_drop_0_50_rho_0_8,,coverage,00,314,0,241,74,0,0,0,1348,319,1029,633,715,0,cbaa_entry:715;collision_intent:319;state:314,991,676,completed,,
11,CBAA,gilbert_elliot,pGG_0.9_pBB_0.9,19,361,4,,,cbaa_gilbert_elliott_drop_0_50_rho_0_8,,coverage,01,56,0,26,31,0,0,0,534,61,473,117,417,0,cbaa_entry:417;collision_intent:61;state:56,1619,861,completed,,
11,CBAA,gilbert_elliot,pGG_0.9_pBB_0.9,19,361,4,,,cbaa_gilbert_elliott_drop_0_50_rho_0_8,,coverage,02,61,0,43,19,0,0,0,509,65,444,126,383,0,cbaa_entry:383;collision_intent:65;state:61,1487,1019,completed,,
11,CBAA,gilbert_elliot,pGG_0.9_pBB_0.9,19,361,4,,,cbaa_gilbert_elliott_drop_0_50_rho_0_8,,coverage,03,106,0,51,56,0,0,0,624,111,513,217,407,0,cbaa_entry:407;collision_intent:111;state:106,1337,1053,completed,,
12,CBAA,gilbert_elliot,pGG_0.9_pBB_0.9,19,361,4,,,cbaa_gilbert_elliott_drop_0_50_rho_0_8,,coverage,00,,,,,,,,,,,,,,,,,failed,RuntimeError,Debug safety cap reached in trial 12. This usually means the allocator is stuck or returning no reachable goals.
12,CBAA,gilbert_elliot,pGG_0.9_pBB_0.9,19,361,4,,,cbaa_gilbert_elliott_drop_0_50_rho_0_8,,coverage,01,,,,,,,,,,,,,,,,,failed,RuntimeError,Debug safety cap reached in trial 12. This usually means the allocator is stuck or returning no reachable goals.
12,CBAA,gilbert_elliot,pGG_0.9_pBB_0.9,19,361,4,,,cbaa_gilbert_elliott_drop_0_50_rho_0_8,,coverage,02,,,,,,,,,,,,,,,,,failed,RuntimeError,Debug safety cap reached in trial 12. This usually means the allocator is stuck or returning no reachable goals.
12,CBAA,gilbert_elliot,pGG_0.9_pBB_0.9,19,361,4,,,cbaa_gilbert_elliott_drop_0_50_rho_0_8,,coverage,03,,,,,,,,,,,,,,,,,failed,RuntimeError,Debug safety cap reached in trial 12. This usually means the allocator is stuck or returning no reachable goals.
13,CBAA,gilbert_elliot,pGG_0.9_pBB_0.9,19,361,4,,,cbaa_gilbert_elliott_drop_0_50_rho_0_8,,coverage,00,10,0,6,5,0,0,0,265,13,252,23,242,0,cbaa_entry:242;collision_intent:13;state:10,1156,887,completed,,
13,CBAA,gilbert_elliot,pGG_0.9_pBB_0.9,19,361,4,,,cbaa_gilbert_elliott_drop_0_50_rho_0_8,,coverage,01,11,0,10,2,0,0,0,289,14,275,25,264,0,cbaa_entry:264;collision_intent:14;state:11,1238,782,completed,,
13,CBAA,gilbert_elliot,pGG_0.9_pBB_0.9,19,361,4,,,cbaa_gilbert_elliott_drop_0_50_rho_0_8,,coverage,02,350,0,331,20,0,0,0,1423,353,1070,703,720,0,cbaa_entry:720;collision_intent:353;state:350,465,422,completed,,
13,CBAA,gilbert_elliot,pGG_0.9_pBB_0.9,19,361,4,,,cbaa_gilbert_elliott_drop_0_50_rho_0_8,,coverage,03,25,0,14,12,0,0,0,333,27,306,52,281,0,cbaa_entry:281;collision_intent:27;state:25,1131,844,completed,,
14,CBAA,gilbert_elliot,pGG_0.9_pBB_0.9,19,361,4,,,cbaa_gilbert_elliott_drop_0_50_rho_0_8,,coverage,00,,,,,,,,,,,,,,,,,failed,RuntimeError,Debug safety cap reached in trial 14. This usually means the allocator is stuck or returning no reachable goals.
14,CBAA,gilbert_elliot,pGG_0.9_pBB_0.9,19,361,4,,,cbaa_gilbert_elliott_drop_0_50_rho_0_8,,coverage,01,,,,,,,,,,,,,,,,,failed,RuntimeError,Debug safety cap reached in trial 14. This usually means the allocator is stuck or returning no reachable goals.
14,CBAA,gilbert_elliot,pGG_0.9_pBB_0.9,19,361,4,,,cbaa_gilbert_elliott_drop_0_50_rho_0_8,,coverage,02,,,,,,,,,,,,,,,,,failed,RuntimeError,Debug safety cap reached in trial 14. This usually means the allocator is stuck or returning no reachable goals.
14,CBAA,gilbert_elliot,pGG_0.9_pBB_0.9,19,361,4,,,cbaa_gilbert_elliott_drop_0_50_rho_0_8,,coverage,03,,,,,,,,,,,,,,,,,failed,RuntimeError,Debug safety cap reached in trial 14. This usually means the allocator is stuck or returning no reachable goals.
15,CBAA,gilbert_elliot,pGG_0.9_pBB_0.9,19,361,4,,,cbaa_gilbert_elliott_drop_0_50_rho_0_8,,coverage,00,9,0,10,0,0,0,0,293,11,282,20,273,0,cbaa_entry:273;collision_intent:11;state:9,1250,798,completed,,
15,CBAA,gilbert_elliot,pGG_0.9_pBB_0.9,19,361,4,,,cbaa_gilbert_elliott_drop_0_50_rho_0_8,,coverage,01,19,0,13,7,0,0,0,345,21,324,40,305,0,cbaa_entry:305;collision_intent:21;state:19,1291,707,completed,,
15,CBAA,gilbert_elliot,pGG_0.9_pBB_0.9,19,361,4,,,cbaa_gilbert_elliott_drop_0_50_rho_0_8,,coverage,02,10,0,9,2,0,0,0,296,11,285,21,275,0,cbaa_entry:275;collision_intent:11;state:10,1227,818,completed,,
15,CBAA,gilbert_elliot,pGG_0.9_pBB_0.9,19,361,4,,,cbaa_gilbert_elliott_drop_0_50_rho_0_8,,coverage,03,348,0,329,20,0,0,0,1409,348,1061,696,713,0,cbaa_entry:713;collision_intent:348;state:348,551,383,completed,,
16,CBAA,gilbert_elliot,pGG_0.9_pBB_0.9,19,361,4,,,cbaa_gilbert_elliott_drop_0_50_rho_0_8,,coverage,00,260,0,148,113,0,0,0,1207,267,940,527,680,0,cbaa_entry:680;collision_intent:267;state:260,1229,1043,completed,,
16,CBAA,gilbert_elliot,pGG_0.9_pBB_0.9,19,361,4,,,cbaa_gilbert_elliott_drop_0_50_rho_0_8,,coverage,01,140,0,47,94,0,0,0,792,149,643,289,503,0,cbaa_entry:503;collision_intent:149;state:140,1614,1073,completed,,
16,CBAA,gilbert_elliot,pGG_0.9_pBB_0.9,19,361,4,,,cbaa_gilbert_elliott_drop_0_50_rho_0_8,,coverage,02,129,0,86,44,0,0,0,733,134,599,263,470,0,cbaa_entry:470;collision_intent:134;state:129,1655,1091,completed,,
16,CBAA,gilbert_elliot,pGG_0.9_pBB_0.9,19,361,4,,,cbaa_gilbert_elliott_drop_0_50_rho_0_8,,coverage,03,122,0,80,43,0,0,0,747,130,617,252,495,0,cbaa_entry:495;collision_intent:130;state:122,1651,1080,completed,,
17,CBAA,gilbert_elliot,pGG_0.9_pBB_0.9,19,361,4,,,cbaa_gilbert_elliott_drop_0_50_rho_0_8,,coverage,00,11,0,10,2,0,0,0,282,15,267,26,256,0,cbaa_entry:256;collision_intent:15;state:11,1143,787,completed,,
17,CBAA,gilbert_elliot,pGG_0.9_pBB_0.9,19,361,4,,,cbaa_gilbert_elliott_drop_0_50_rho_0_8,,coverage,01,10,0,9,2,0,0,0,238,13,225,23,215,0,cbaa_entry:215;collision_intent:13;state:10,1096,878,completed,,
17,CBAA,gilbert_elliot,pGG_0.9_pBB_0.9,19,361,4,,,cbaa_gilbert_elliott_drop_0_50_rho_0_8,,coverage,02,16,0,7,10,0,0,0,284,19,265,35,249,0,cbaa_entry:249;collision_intent:19;state:16,1133,795,completed,,
17,CBAA,gilbert_elliot,pGG_0.9_pBB_0.9,19,361,4,,,cbaa_gilbert_elliott_drop_0_50_rho_0_8,,coverage,03,348,0,335,14,0,0,0,1410,348,1062,696,714,0,cbaa_entry:714;collision_intent:348;state:348,433,371,completed,,
18,CBAA,gilbert_elliot,pGG_0.9_pBB_0.9,19,361,4,,,cbaa_gilbert_elliott_drop_0_50_rho_0_8,,coverage,00,28,0,18,11,0,0,0,359,31,328,59,300,0,cbaa_entry:300;collision_intent:31;state:28,1144,903,completed,,
18,CBAA,gilbert_elliot,pGG_0.9_pBB_0.9,19,361,4,,,cbaa_gilbert_elliott_drop_0_50_rho_0_8,,coverage,01,23,0,14,10,0,0,0,354,25,329,48,306,0,cbaa_entry:306;collision_intent:25;state:23,1294,757,completed,,
18,CBAA,gilbert_elliot,pGG_0.9_pBB_0.9,19,361,4,,,cbaa_gilbert_elliott_drop_0_50_rho_0_8,,coverage,02,22,0,15,8,0,0,0,322,24,298,46,276,0,cbaa_entry:276;collision_intent:24;state:22,1204,880,completed,,
18,CBAA,gilbert_elliot,pGG_0.9_pBB_0.9,19,361,4,,,cbaa_gilbert_elliott_drop_0_50_rho_0_8,,coverage,03,331,0,314,18,0,0,0,1371,332,1039,663,708,0,cbaa_entry:708;collision_intent:332;state:331,608,427,completed,,
19,CBAA,gilbert_elliot,pGG_0.9_pBB_0.9,19,361,4,,,cbaa_gilbert_elliott_drop_0_50_rho_0_8,,coverage,00,12,0,13,0,0,0,0,270,14,256,26,244,0,cbaa_entry:244;collision_intent:14;state:12,1189,929,completed,,
19,CBAA,gilbert_elliot,pGG_0.9_pBB_0.9,19,361,4,,,cbaa_gilbert_elliott_drop_0_50_rho_0_8,,coverage,01,11,0,6,6,0,0,0,327,14,313,25,302,0,cbaa_entry:302;collision_intent:14;state:11,1302,757,completed,,
19,CBAA,gilbert_elliot,pGG_0.9_pBB_0.9,19,361,4,,,cbaa_gilbert_elliott_drop_0_50_rho_0_8,,coverage,02,48,0,22,27,0,0,0,415,52,363,100,315,0,cbaa_entry:315;collision_intent:52;state:48,1111,862,completed,,
19,CBAA,gilbert_elliot,pGG_0.9_pBB_0.9,19,361,4,,,cbaa_gilbert_elliott_drop_0_50_rho_0_8,,coverage,03,336,0,320,17,0,0,0,1376,336,1040,672,704,0,cbaa_entry:704;collision_intent:336;state:336,620,392,completed,,
20,CBAA,gilbert_elliot,pGG_0.9_pBB_0.9,19,361,4,,,cbaa_gilbert_elliott_drop_0_50_rho_0_8,,coverage,00,190,0,106,85,0,0,0,967,200,767,390,577,0,cbaa_entry:577;collision_intent:200;state:190,1682,1314,completed,,
20,CBAA,gilbert_elliot,pGG_0.9_pBB_0.9,19,361,4,,,cbaa_gilbert_elliott_drop_0_50_rho_0_8,,coverage,01,192,0,82,111,0,0,0,1033,194,839,386,647,0,cbaa_entry:647;collision_intent:194;state:192,1810,1122,completed,,
20,CBAA,gilbert_elliot,pGG_0.9_pBB_0.9,19,361,4,,,cbaa_gilbert_elliott_drop_0_50_rho_0_8,,coverage,02,183,0,74,110,0,0,0,995,192,803,375,620,0,cbaa_entry:620;collision_intent:192;state:183,1875,1095,completed,,
20,CBAA,gilbert_elliot,pGG_0.9_pBB_0.9,19,361,4,,,cbaa_gilbert_elliott_drop_0_50_rho_0_8,,coverage,03,185,0,99,87,0,0,0,970,196,774,381,589,0,cbaa_entry:589;collision_intent:196;state:185,1743,1252,completed,,
21,CBAA,gilbert_elliot,pGG_0.9_pBB_0.9,19,361,4,,,cbaa_gilbert_elliott_drop_0_50_rho_0_8,,coverage,00,223,0,94,130,0,0,0,1096,239,857,462,634,0,cbaa_entry:634;collision_intent:239;state:223,2038,1110,completed,,
21,CBAA,gilbert_elliot,pGG_0.9_pBB_0.9,19,361,4,,,cbaa_gilbert_elliott_drop_0_50_rho_0_8,,coverage,01,197,0,69,129,0,0,0,1018,212,806,409,609,0,cbaa_entry:609;collision_intent:212;state:197,1838,1388,completed,,
21,CBAA,gilbert_elliot,pGG_0.9_pBB_0.9,19,361,4,,,cbaa_gilbert_elliott_drop_0_50_rho_0_8,,coverage,02,200,0,136,65,0,0,0,1019,209,810,409,610,0,cbaa_entry:610;collision_intent:209;state:200,1998,1227,completed,,
21,CBAA,gilbert_elliot,pGG_0.9_pBB_0.9,19,361,4,,,cbaa_gilbert_elliott_drop_0_50_rho_0_8,,coverage,03,230,0,62,169,0,0,0,1111,232,879,462,649,0,cbaa_entry:649;collision_intent:232;state:230,1862,1271,completed,,
22,CBAA,gilbert_elliot,pGG_0.9_pBB_0.9,19,361,4,,,cbaa_gilbert_elliott_drop_0_50_rho_0_8,,coverage,00,161,0,101,61,0,0,0,923,166,757,327,596,0,cbaa_entry:596;collision_intent:166;state:161,1811,1138,completed,,
22,CBAA,gilbert_elliot,pGG_0.9_pBB_0.9,19,361,4,,,cbaa_gilbert_elliott_drop_0_50_rho_0_8,,coverage,01,206,0,89,118,0,0,0,1075,214,861,420,655,0,cbaa_entry:655;collision_intent:214;state:206,1716,1081,completed,,
22,CBAA,gilbert_elliot,pGG_0.9_pBB_0.9,19,361,4,,,cbaa_gilbert_elliott_drop_0_50_rho_0_8,,coverage,02,166,0,95,72,0,0,0,946,172,774,338,608,0,cbaa_entry:608;collision_intent:172;state:166,1820,1104,completed,,
22,CBAA,gilbert_elliot,pGG_0.9_pBB_0.9,19,361,4,,,cbaa_gilbert_elliott_drop_0_50_rho_0_8,,coverage,03,166,0,76,91,0,0,0,928,169,759,335,593,0,cbaa_entry:593;collision_intent:169;state:166,1758,1186,completed,,
23,CBAA,gilbert_elliot,pGG_0.9_pBB_0.9,19,361,4,,,cbaa_gilbert_elliott_drop_0_50_rho_0_8,,coverage,00,2,0,3,0,0,0,0,256,4,252,6,250,0,cbaa_entry:250;collision_intent:4;state:2,1179,741,completed,,
23,CBAA,gilbert_elliot,pGG_0.9_pBB_0.9,19,361,4,,,cbaa_gilbert_elliott_drop_0_50_rho_0_8,,coverage,01,3,0,4,0,0,0,0,236,4,232,7,229,0,cbaa_entry:229;collision_intent:4;state:3,1138,800,completed,,
23,CBAA,gilbert_elliot,pGG_0.9_pBB_0.9,19,361,4,,,cbaa_gilbert_elliott_drop_0_50_rho_0_8,,coverage,02,10,0,10,1,0,0,0,267,11,256,21,246,0,cbaa_entry:246;collision_intent:11;state:10,1146,761,completed,,
23,CBAA,gilbert_elliot,pGG_0.9_pBB_0.9,19,361,4,,,cbaa_gilbert_elliott_drop_0_50_rho_0_8,,coverage,03,351,0,344,8,0,0,0,1417,351,1066,702,715,0,cbaa_entry:715;collision_intent:351;state:351,403,356,completed,,
24,CBAA,gilbert_elliot,pGG_0.9_pBB_0.9,19,361,4,,,cbaa_gilbert_elliott_drop_0_50_rho_0_8,,coverage,00,,,,,,,,,,,,,,,,,failed,RuntimeError,Debug safety cap reached in trial 24. This usually means the allocator is stuck or returning no reachable goals.
24,CBAA,gilbert_elliot,pGG_0.9_pBB_0.9,19,361,4,,,cbaa_gilbert_elliott_drop_0_50_rho_0_8,,coverage,01,,,,,,,,,,,,,,,,,failed,RuntimeError,Debug safety cap reached in trial 24. This usually means the allocator is stuck or returning no reachable goals.
24,CBAA,gilbert_elliot,pGG_0.9_pBB_0.9,19,361,4,,,cbaa_gilbert_elliott_drop_0_50_rho_0_8,,coverage,02,,,,,,,,,,,,,,,,,failed,RuntimeError,Debug safety cap reached in trial 24. This usually means the allocator is stuck or returning no reachable goals.
24,CBAA,gilbert_elliot,pGG_0.9_pBB_0.9,19,361,4,,,cbaa_gilbert_elliott_drop_0_50_rho_0_8,,coverage,03,,,,,,,,,,,,,,,,,failed,RuntimeError,Debug safety cap reached in trial 24. This usually means the allocator is stuck or returning no reachable goals.
25,CBAA,gilbert_elliot,pGG_0.9_pBB_0.9,19,361,4,,,cbaa_gilbert_elliott_drop_0_50_rho_0_8,,coverage,00,296,0,220,77,0,0,0,1289,303,986,599,690,0,cbaa_entry:690;collision_intent:303;state:296,1102,769,completed,,
25,CBAA,gilbert_elliot,pGG_0.9_pBB_0.9,19,361,4,,,cbaa_gilbert_elliott_drop_0_50_rho_0_8,,coverage,01,91,0,40,52,0,0,0,632,96,536,187,445,0,cbaa_entry:445;collision_intent:96;state:91,1433,1095,completed,,
25,CBAA,gilbert_elliot,pGG_0.9_pBB_0.9,19,361,4,,,cbaa_gilbert_elliott_drop_0_50_rho_0_8,,coverage,02,91,0,55,37,0,0,0,617,94,523,185,432,0,cbaa_entry:432;collision_intent:94;state:91,1513,1030,completed,,
25,CBAA,gilbert_elliot,pGG_0.9_pBB_0.9,19,361,4,,,cbaa_gilbert_elliott_drop_0_50_rho_0_8,,coverage,03,86,0,46,41,0,0,0,622,92,530,178,444,0,cbaa_entry:444;collision_intent:92;state:86,1539,997,completed,,
26,CBAA,gilbert_elliot,pGG_0.9_pBB_0.9,19,361,4,,,cbaa_gilbert_elliott_drop_0_50_rho_0_8,,coverage,00,37,0,22,16,0,0,0,460,42,418,79,381,0,cbaa_entry:381;collision_intent:42;state:37,1637,1105,completed,,
26,CBAA,gilbert_elliot,pGG_0.9_pBB_0.9,19,361,4,,,cbaa_gilbert_elliott_drop_0_50_rho_0_8,,coverage,01,38,0,31,8,0,0,0,449,41,408,79,370,0,cbaa_entry:370;collision_intent:41;state:38,1727,1026,completed,,
26,CBAA,gilbert_elliot,pGG_0.9_pBB_0.9,19,361,4,,,cbaa_gilbert_elliott_drop_0_50_rho_0_8,,coverage,02,246,0,172,75,0,0,0,1137,255,882,501,636,0,cbaa_entry:636;collision_intent:255;state:246,1133,934,completed,,
26,CBAA,gilbert_elliot,pGG_0.9_pBB_0.9,19,361,4,,,cbaa_gilbert_elliott_drop_0_50_rho_0_8,,coverage,03,243,0,136,108,0,0,0,1158,251,907,494,664,0,cbaa_entry:664;collision_intent:251;state:243,1217,829,completed,,
27,CBAA,gilbert_elliot,pGG_0.9_pBB_0.9,19,361,4,,,cbaa_gilbert_elliott_drop_0_50_rho_0_8,,coverage,00,8,0,6,3,0,0,0,376,12,364,20,356,0,cbaa_entry:356;collision_intent:12;state:8,1699,1128,completed,,
27,CBAA,gilbert_elliot,pGG_0.9_pBB_0.9,19,361,4,,,cbaa_gilbert_elliott_drop_0_50_rho_0_8,,coverage,01,11,0,10,2,0,0,0,352,12,340,23,329,0,cbaa_entry:329;collision_intent:12;state:11,1775,1075,completed,,
27,CBAA,gilbert_elliot,pGG_0.9_pBB_0.9,19,361,4,,,cbaa_gilbert_elliott_drop_0_50_rho_0_8,,coverage,02,278,0,195,84,0,0,0,1211,284,927,562,649,0,cbaa_entry:649;collision_intent:284;state:278,1126,865,completed,,
27,CBAA,gilbert_elliot,pGG_0.9_pBB_0.9,19,361,4,,,cbaa_gilbert_elliott_drop_0_50_rho_0_8,,coverage,03,281,0,150,132,0,0,0,1264,288,976,569,695,0,cbaa_entry:695;collision_intent:288;state:281,1105,834,completed,,
28,CBAA,gilbert_elliot,pGG_0.9_pBB_0.9,19,361,4,,,cbaa_gilbert_elliott_drop_0_50_rho_0_8,,coverage,00,,,,,,,,,,,,,,,,,failed,RuntimeError,Debug safety cap reached in trial 28. This usually means the allocator is stuck or returning no reachable goals.
28,CBAA,gilbert_elliot,pGG_0.9_pBB_0.9,19,361,4,,,cbaa_gilbert_elliott_drop_0_50_rho_0_8,,coverage,01,,,,,,,,,,,,,,,,,failed,RuntimeError,Debug safety cap reached in trial 28. This usually means the allocator is stuck or returning no reachable goals.
28,CBAA,gilbert_elliot,pGG_0.9_pBB_0.9,19,361,4,,,cbaa_gilbert_elliott_drop_0_50_rho_0_8,,coverage,02,,,,,,,,,,,,,,,,,failed,RuntimeError,Debug safety cap reached in trial 28. This usually means the allocator is stuck or returning no reachable goals.
28,CBAA,gilbert_elliot,pGG_0.9_pBB_0.9,19,361,4,,,cbaa_gilbert_elliott_drop_0_50_rho_0_8,,coverage,03,,,,,,,,,,,,,,,,,failed,RuntimeError,Debug safety cap reached in trial 28. This usually means the allocator is stuck or returning no reachable goals.
29,CBAA,gilbert_elliot,pGG_0.9_pBB_0.9,19,361,4,,,cbaa_gilbert_elliott_drop_0_50_rho_0_8,,coverage,00,204,0,72,133,0,0,0,1080,219,861,423,657,0,cbaa_entry:657;collision_intent:219;state:204,1977,1317,completed,,
29,CBAA,gilbert_elliot,pGG_0.9_pBB_0.9,19,361,4,,,cbaa_gilbert_elliott_drop_0_50_rho_0_8,,coverage,01,218,0,75,144,0,0,0,1119,226,893,444,675,0,cbaa_entry:675;collision_intent:226;state:218,2011,1246,completed,,
29,CBAA,gilbert_elliot,pGG_0.9_pBB_0.9,19,361,4,,,cbaa_gilbert_elliott_drop_0_50_rho_0_8,,coverage,02,212,0,113,100,0,0,0,1079,224,855,436,643,0,cbaa_entry:643;collision_intent:224;state:212,1946,1350,completed,,
29,CBAA,gilbert_elliot,pGG_0.9_pBB_0.9,19,361,4,,,cbaa_gilbert_elliott_drop_0_50_rho_0_8,,coverage,03,211,0,101,111,0,0,0,1098,224,874,435,663,0,cbaa_entry:663;collision_intent:224;state:211,2011,1267,completed,,
30,CBAA,gilbert_elliot,pGG_0.9_pBB_0.9,19,361,4,,,cbaa_gilbert_elliott_drop_0_50_rho_0_8,,coverage,00,135,0,50,86,0,0,0,809,142,667,277,532,0,cbaa_entry:532;collision_intent:142;state:135,1757,1238,completed,,
30,CBAA,gilbert_elliot,pGG_0.9_pBB_0.9,19,361,4,,,cbaa_gilbert_elliott_drop_0_50_rho_0_8,,coverage,01,136,0,47,90,0,0,0,822,142,680,278,544,0,cbaa_entry:544;collision_intent:142;state:136,1710,1274,completed,,
30,CBAA,gilbert_elliot,pGG_0.9_pBB_0.9,19,361,4,,,cbaa_gilbert_elliott_drop_0_50_rho_0_8,,coverage,02,262,0,167,96,0,0,0,1227,265,962,527,700,0,cbaa_entry:700;collision_intent:265;state:262,1579,1000,completed,,
30,CBAA,gilbert_elliot,pGG_0.9_pBB_0.9,19,361,4,,,cbaa_gilbert_elliott_drop_0_50_rho_0_8,,coverage,03,176,0,97,80,0,0,0,948,185,763,361,587,0,cbaa_entry:587;collision_intent:185;state:176,1719,1137,completed,,
31,CBAA,gilbert_elliot,pGG_0.9_pBB_0.9,19,361,4,,,cbaa_gilbert_elliott_drop_0_50_rho_0_8,,coverage,00,101,0,41,61,0,0,0,688,111,577,212,476,0,cbaa_entry:476;collision_intent:111;state:101,1722,1407,completed,,
31,CBAA,gilbert_elliot,pGG_0.9_pBB_0.9,19,361,4,,,cbaa_gilbert_elliott_drop_0_50_rho_0_8,,coverage,01,255,0,154,102,0,0,0,1200,258,942,513,687,0,cbaa_entry:687;collision_intent:258;state:255,1531,1088,completed,,
31,CBAA,gilbert_elliot,pGG_0.9_pBB_0.9,19,361,4,,,cbaa_gilbert_elliott_drop_0_50_rho_0_8,,coverage,02,112,0,59,54,0,0,0,708,113,595,225,483,0,cbaa_entry:483;collision_intent:113;state:112,1913,1196,completed,,
31,CBAA,gilbert_elliot,pGG_0.9_pBB_0.9,19,361,4,,,cbaa_gilbert_elliott_drop_0_50_rho_0_8,,coverage,03,255,0,107,149,0,0,0,1223,261,962,516,707,0,cbaa_entry:707;collision_intent:261;state:255,1491,1105,completed,,
32,CBAA,gilbert_elliot,pGG_0.9_pBB_0.9,19,361,4,,,cbaa_gilbert_elliott_drop_0_50_rho_0_8,,coverage,00,45,0,29,17,0,0,0,467,52,415,97,370,0,cbaa_entry:370;collision_intent:52;state:45,1753,1180,completed,,
32,CBAA,gilbert_elliot,pGG_0.9_pBB_0.9,19,361,4,,,cbaa_gilbert_elliott_drop_0_50_rho_0_8,,coverage,01,48,0,36,13,0,0,0,519,57,462,105,414,0,cbaa_entry:414;collision_intent:57;state:48,1738,1141,completed,,
32,CBAA,gilbert_elliot,pGG_0.9_pBB_0.9,19,361,4,,,cbaa_gilbert_elliott_drop_0_50_rho_0_8,,coverage,02,258,0,136,123,0,0,0,1190,261,929,519,671,0,cbaa_entry:671;collision_intent:261;state:258,1289,921,completed,,
32,CBAA,gilbert_elliot,pGG_0.9_pBB_0.9,19,361,4,,,cbaa_gilbert_elliott_drop_0_50_rho_0_8,,coverage,03,260,0,160,101,0,0,0,1224,263,961,523,701,0,cbaa_entry:701;collision_intent:263;state:260,1290,886,completed,,
33,CBAA,gilbert_elliot,pGG_0.9_pBB_0.9,19,361,4,,,cbaa_gilbert_elliott_drop_0_50_rho_0_8,,coverage,00,21,0,14,8,0,0,0,373,24,349,45,328,0,cbaa_entry:328;collision_intent:24;state:21,1857,985,completed,,
33,CBAA,gilbert_elliot,pGG_0.9_pBB_0.9,19,361,4,,,cbaa_gilbert_elliott_drop_0_50_rho_0_8,,coverage,01,324,0,305,20,0,0,0,1341,329,1012,653,688,0,cbaa_entry:688;collision_intent:329;state:324,1066,807,completed,,
33,CBAA,gilbert_elliot,pGG_0.9_pBB_0.9,19,361,4,,,cbaa_gilbert_elliott_drop_0_50_rho_0_8,,coverage,02,269,0,23,247,0,0,0,1095,269,826,538,557,0,cbaa_entry:557;collision_intent:269;state:269,1193,926,completed,,
33,CBAA,gilbert_elliot,pGG_0.9_pBB_0.9,19,361,4,,,cbaa_gilbert_elliott_drop_0_50_rho_0_8,,coverage,03,22,0,19,4,0,0,0,407,23,384,45,362,0,cbaa_entry:362;collision_intent:23;state:22,1739,1070,completed,,
34,CBAA,gilbert_elliot,pGG_0.9_pBB_0.9,19,361,4,,,cbaa_gilbert_elliott_drop_0_50_rho_0_8,,coverage,00,9,0,8,2,0,0,0,267,12,255,21,246,0,cbaa_entry:246;collision_intent:12;state:9,1182,885,completed,,
34,CBAA,gilbert_elliot,pGG_0.9_pBB_0.9,19,361,4,,,cbaa_gilbert_elliott_drop_0_50_rho_0_8,,coverage,01,10,0,9,2,0,0,0,286,12,274,22,264,0,cbaa_entry:264;collision_intent:12;state:10,1155,891,completed,,
34,CBAA,gilbert_elliot,pGG_0.9_pBB_0.9,19,361,4,,,cbaa_gilbert_elliott_drop_0_50_rho_0_8,,coverage,02,326,0,303,24,0,0,0,1354,327,1027,653,701,0,cbaa_entry:701;collision_intent:327;state:326,501,479,completed,,
34,CBAA,gilbert_elliot,pGG_0.9_pBB_0.9,19,361,4,,,cbaa_gilbert_elliott_drop_0_50_rho_0_8,,coverage,03,49,0,41,9,0,0,0,427,50,377,99,328,0,cbaa_entry:328;collision_intent:50;state:49,1172,733,completed,,
35,CBAA,gilbert_elliot,pGG_0.9_pBB_0.9,19,361,4,,,cbaa_gilbert_elliott_drop_0_50_rho_0_8,,coverage,00,3,0,4,0,0,0,0,282,6,276,9,273,0,cbaa_entry:273;collision_intent:6;state:3,1211,737,completed,,
35,CBAA,gilbert_elliot,pGG_0.9_pBB_0.9,19,361,4,,,cbaa_gilbert_elliott_drop_0_50_rho_0_8,,coverage,01,2,0,3,0,0,0,0,247,4,243,6,241,0,cbaa_entry:241;collision_intent:4;state:2,1119,864,completed,,
35,CBAA,gilbert_elliot,pGG_0.9_pBB_0.9,19,361,4,,,cbaa_gilbert_elliott_drop_0_50_rho_0_8,,coverage,02,10,0,9,2,0,0,0,268,11,257,21,247,0,cbaa_entry:247;collision_intent:11;state:10,1109,855,completed,,
35,CBAA,gilbert_elliot,pGG_0.9_pBB_0.9,19,361,4,,,cbaa_gilbert_elliott_drop_0_50_rho_0_8,,coverage,03,357,0,345,13,0,0,0,1435,357,1078,714,721,0,cbaa_entry:721;collision_intent:357;state:357,458,339,completed,,
36,CBAA,gilbert_elliot,pGG_0.9_pBB_0.9,19,361,4,,,cbaa_gilbert_elliott_drop_0_50_rho_0_8,,coverage,00,67,0,25,43,0,0,0,474,73,401,140,334,0,cbaa_entry:334;collision_intent:73;state:67,1311,1096,completed,,
36,CBAA,gilbert_elliot,pGG_0.9_pBB_0.9,19,361,4,,,cbaa_gilbert_elliott_drop_0_50_rho_0_8,,coverage,01,66,0,22,45,0,0,0,513,71,442,137,376,0,cbaa_entry:376;collision_intent:71;state:66,1353,1015,completed,,
36,CBAA,gilbert_elliot,pGG_0.9_pBB_0.9,19,361,4,,,cbaa_gilbert_elliott_drop_0_50_rho_0_8,,coverage,02,333,0,294,40,0,0,0,1383,334,1049,667,716,0,cbaa_entry:716;collision_intent:334;state:333,920,580,completed,,
36,CBAA,gilbert_elliot,pGG_0.9_pBB_0.9,19,361,4,,,cbaa_gilbert_elliott_drop_0_50_rho_0_8,,coverage,03,69,0,20,50,0,0,0,513,74,439,143,370,0,cbaa_entry:370;collision_intent:74;state:69,1336,1034,completed,,
37,CBAA,gilbert_elliot,pGG_0.9_pBB_0.9,19,361,4,,,cbaa_gilbert_elliott_drop_0_50_rho_0_8,,coverage,00,40,0,30,11,0,0,0,424,42,382,82,342,0,cbaa_entry:342;collision_intent:42;state:40,1338,839,completed,,
37,CBAA,gilbert_elliot,pGG_0.9_pBB_0.9,19,361,4,,,cbaa_gilbert_elliott_drop_0_50_rho_0_8,,coverage,01,318,0,282,37,0,0,0,1338,320,1018,638,700,0,cbaa_entry:700;collision_intent:320;state:318,653,610,completed,,
37,CBAA,gilbert_elliot,pGG_0.9_pBB_0.9,19,361,4,,,cbaa_gilbert_elliott_drop_0_50_rho_0_8,,coverage,02,45,0,19,27,0,0,0,433,46,387,91,342,0,cbaa_entry:342;collision_intent:46;state:45,1304,863,completed,,
37,CBAA,gilbert_elliot,pGG_0.9_pBB_0.9,19,361,4,,,cbaa_gilbert_elliott_drop_0_50_rho_0_8,,coverage,03,41,0,30,12,0,0,0,406,42,364,83,323,0,cbaa_entry:323;collision_intent:42;state:41,1280,915,completed,,
38,CBAA,gilbert_elliot,pGG_0.9_pBB_0.9,19,361,4,,,cbaa_gilbert_elliott_drop_0_50_rho_0_8,,coverage,00,7,0,8,0,0,0,0,276,10,266,17,259,0,cbaa_entry:259;collision_intent:10;state:7,1609,1170,completed,,
38,CBAA,gilbert_elliot,pGG_0.9_pBB_0.9,19,361,4,,,cbaa_gilbert_elliott_drop_0_50_rho_0_8,,coverage,01,6,0,6,1,0,0,0,257,8,249,14,243,0,cbaa_entry:243;collision_intent:8;state:6,1733,1065,completed,,
38,CBAA,gilbert_elliot,pGG_0.9_pBB_0.9,19,361,4,,,cbaa_gilbert_elliott_drop_0_50_rho_0_8,,coverage,02,354,0,337,18,0,0,0,1446,354,1092,708,738,0,cbaa_entry:738;collision_intent:354;state:354,1028,583,completed,,
38,CBAA,gilbert_elliot,pGG_0.9_pBB_0.9,19,361,4,,,cbaa_gilbert_elliott_drop_0_50_rho_0_8,,coverage,03,276,0,10,267,0,0,0,1078,276,802,552,526,0,cbaa_entry:526;collision_intent:276;state:276,1194,783,completed,,
39,CBAA,gilbert_elliot,pGG_0.9_pBB_0.9,19,361,4,,,cbaa_gilbert_elliott_drop_0_50_rho_0_8,,coverage,00,164,0,115,50,0,0,0,918,176,742,340,578,0,cbaa_entry:578;collision_intent:176;state:164,1803,1131,completed,,
39,CBAA,gilbert_elliot,pGG_0.9_pBB_0.9,19,361,4,,,cbaa_gilbert_elliott_drop_0_50_rho_0_8,,coverage,01,193,0,80,114,0,0,0,1016,207,809,400,616,0,cbaa_entry:616;collision_intent:207;state:193,1665,1169,completed,,
39,CBAA,gilbert_elliot,pGG_0.9_pBB_0.9,19,361,4,,,cbaa_gilbert_elliott_drop_0_50_rho_0_8,,coverage,02,135,0,81,55,0,0,0,803,141,662,276,527,0,cbaa_entry:527;collision_intent:141;state:135,1887,1162,completed,,
39,CBAA,gilbert_elliot,pGG_0.9_pBB_0.9,19,361,4,,,cbaa_gilbert_elliott_drop_0_50_rho_0_8,,coverage,03,234,0,85,150,0,0,0,1115,235,880,469,646,0,cbaa_entry:646;collision_intent:235;state:234,1541,1196,completed,,
40,CBAA,gilbert_elliot,pGG_0.9_pBB_0.9,19,361,4,,,cbaa_gilbert_elliott_drop_0_50_rho_0_8,,coverage,00,13,0,10,4,0,0,0,410,16,394,29,381,0,cbaa_entry:381;collision_intent:16;state:13,1789,1033,completed,,
40,CBAA,gilbert_elliot,pGG_0.9_pBB_0.9,19,361,4,,,cbaa_gilbert_elliott_drop_0_50_rho_0_8,,coverage,01,278,0,11,268,0,0,0,1101,279,822,557,544,0,cbaa_entry:544;collision_intent:279;state:278,1248,881,completed,,
40,CBAA,gilbert_elliot,pGG_0.9_pBB_0.9,19,361,4,,,cbaa_gilbert_elliott_drop_0_50_rho_0_8,,coverage,02,350,0,331,20,0,0,0,1424,350,1074,700,724,0,cbaa_entry:724;collision_intent:350;state:350,1178,630,completed,,
40,CBAA,gilbert_elliot,pGG_0.9_pBB_0.9,19,361,4,,,cbaa_gilbert_elliott_drop_0_50_rho_0_8,,coverage,03,14,0,9,6,0,0,0,297,15,282,29,268,0,cbaa_entry:268;collision_intent:15;state:14,1682,1251,completed,,
41,CBAA,gilbert_elliot,pGG_0.9_pBB_0.9,19,361,4,,,cbaa_gilbert_elliott_drop_0_50_rho_0_8,,coverage,00,195,0,86,110,0,0,0,1026,204,822,399,627,0,cbaa_entry:627;collision_intent:204;state:195,1774,1289,completed,,
41,CBAA,gilbert_elliot,pGG_0.9_pBB_0.9,19,361,4,,,cbaa_gilbert_elliott_drop_0_50_rho_0_8,,coverage,01,188,0,86,103,0,0,0,1011,204,807,392,619,0,cbaa_entry:619;collision_intent:204;state:188,1777,1301,completed,,
41,CBAA,gilbert_elliot,pGG_0.9_pBB_0.9,19,361,4,,,cbaa_gilbert_elliott_drop_0_50_rho_0_8,,coverage,02,202,0,76,127,0,0,0,1036,205,831,407,629,0,cbaa_entry:629;collision_intent:205;state:202,1879,1172,completed,,
41,CBAA,gilbert_elliot,pGG_0.9_pBB_0.9,19,361,4,,,cbaa_gilbert_elliott_drop_0_50_rho_0_8,,coverage,03,200,0,113,88,0,0,0,1016,205,811,405,611,0,cbaa_entry:611;collision_intent:205;state:200,1965,1106,completed,,
42,CBAA,gilbert_elliot,pGG_0.9_pBB_0.9,19,361,4,,,cbaa_gilbert_elliott_drop_0_50_rho_0_8,,coverage,00,218,0,83,136,0,0,0,1103,233,870,451,652,0,cbaa_entry:652;collision_intent:233;state:218,1694,1177,completed,,
42,CBAA,gilbert_elliot,pGG_0.9_pBB_0.9,19,361,4,,,cbaa_gilbert_elliott_drop_0_50_rho_0_8,,coverage,01,143,0,57,87,0,0,0,845,154,691,297,548,0,cbaa_entry:548;collision_intent:154;state:143,1943,1186,completed,,
42,CBAA,gilbert_elliot,pGG_0.9_pBB_0.9,19,361,4,,,cbaa_gilbert_elliott_drop_0_50_rho_0_8,,coverage,02,244,0,105,140,0,0,0,1200,253,947,497,703,0,cbaa_entry:703;collision_intent:253;state:244,1612,1164,completed,,
42,CBAA,gilbert_elliot,pGG_0.9_pBB_0.9,19,361,4,,,cbaa_gilbert_elliott_drop_0_50_rho_0_8,,coverage,03,152,0,116,37,0,0,0,828,158,670,310,518,0,cbaa_entry:518;collision_intent:158;state:152,1853,1295,completed,,
43,CBAA,gilbert_elliot,pGG_0.9_pBB_0.9,19,361,4,,,cbaa_gilbert_elliott_drop_0_50_rho_0_8,,coverage,00,,,,,,,,,,,,,,,,,failed,RuntimeError,Debug safety cap reached in trial 43. This usually means the allocator is stuck or returning no reachable goals.
43,CBAA,gilbert_elliot,pGG_0.9_pBB_0.9,19,361,4,,,cbaa_gilbert_elliott_drop_0_50_rho_0_8,,coverage,01,,,,,,,,,,,,,,,,,failed,RuntimeError,Debug safety cap reached in trial 43. This usually means the allocator is stuck or returning no reachable goals.
43,CBAA,gilbert_elliot,pGG_0.9_pBB_0.9,19,361,4,,,cbaa_gilbert_elliott_drop_0_50_rho_0_8,,coverage,02,,,,,,,,,,,,,,,,,failed,RuntimeError,Debug safety cap reached in trial 43. This usually means the allocator is stuck or returning no reachable goals.
43,CBAA,gilbert_elliot,pGG_0.9_pBB_0.9,19,361,4,,,cbaa_gilbert_elliott_drop_0_50_rho_0_8,,coverage,03,,,,,,,,,,,,,,,,,failed,RuntimeError,Debug safety cap reached in trial 43. This usually means the allocator is stuck or returning no reachable goals.
44,CBAA,gilbert_elliot,pGG_0.9_pBB_0.9,19,361,4,,,cbaa_gilbert_elliott_drop_0_50_rho_0_8,,coverage,00,202,0,54,149,0,0,0,1087,215,872,417,670,0,cbaa_entry:670;collision_intent:215;state:202,1933,1364,completed,,
44,CBAA,gilbert_elliot,pGG_0.9_pBB_0.9,19,361,4,,,cbaa_gilbert_elliott_drop_0_50_rho_0_8,,coverage,01,213,0,67,147,0,0,0,1104,227,877,440,664,0,cbaa_entry:664;collision_intent:227;state:213,1858,1422,completed,,
44,CBAA,gilbert_elliot,pGG_0.9_pBB_0.9,19,361,4,,,cbaa_gilbert_elliott_drop_0_50_rho_0_8,,coverage,02,226,0,136,91,0,0,0,1128,236,892,462,666,0,cbaa_entry:666;collision_intent:236;state:226,2073,1183,completed,,
44,CBAA,gilbert_elliot,pGG_0.9_pBB_0.9,19,361,4,,,cbaa_gilbert_elliott_drop_0_50_rho_0_8,,coverage,03,213,0,104,110,0,0,0,1065,216,849,429,636,0,cbaa_entry:636;collision_intent:216;state:213,1926,1391,completed,,
45,CBAA,gilbert_elliot,pGG_0.9_pBB_0.9,19,361,4,,,cbaa_gilbert_elliott_drop_0_50_rho_0_8,,coverage,00,12,0,13,0,0,0,0,290,13,277,25,265,0,cbaa_entry:265;collision_intent:13;state:12,1179,844,completed,,
45,CBAA,gilbert_elliot,pGG_0.9_pBB_0.9,19,361,4,,,cbaa_gilbert_elliott_drop_0_50_rho_0_8,,coverage,01,11,0,3,9,0,0,0,289,16,273,27,262,0,cbaa_entry:262;collision_intent:16;state:11,1223,802,completed,,
45,CBAA,gilbert_elliot,pGG_0.9_pBB_0.9,19,361,4,,,cbaa_gilbert_elliott_drop_0_50_rho_0_8,,coverage,02,11,0,9,3,0,0,0,317,13,304,24,293,0,cbaa_entry:293;collision_intent:13;state:11,1280,716,completed,,
45,CBAA,gilbert_elliot,pGG_0.9_pBB_0.9,19,361,4,,,cbaa_gilbert_elliott_drop_0_50_rho_0_8,,coverage,03,350,0,336,15,0,0,0,1419,350,1069,700,719,0,cbaa_entry:719;collision_intent:350;state:350,480,416,completed,,
46,CBAA,gilbert_elliot,pGG_0.9_pBB_0.9,19,361,4,,,cbaa_gilbert_elliott_drop_0_50_rho_0_8,,coverage,00,38,0,22,17,0,0,0,405,42,363,80,325,0,cbaa_entry:325;collision_intent:42;state:38,1301,797,completed,,
46,CBAA,gilbert_elliot,pGG_0.9_pBB_0.9,19,361,4,,,cbaa_gilbert_elliott_drop_0_50_rho_0_8,,coverage,01,304,0,279,26,0,0,0,1289,307,982,611,678,0,cbaa_entry:678;collision_intent:307;state:304,693,521,completed,,
46,CBAA,gilbert_elliot,pGG_0.9_pBB_0.9,19,361,4,,,cbaa_gilbert_elliott_drop_0_50_rho_0_8,,coverage,02,43,0,24,20,0,0,0,395,51,344,94,301,0,cbaa_entry:301;collision_intent:51;state:43,1255,851,completed,,
46,CBAA,gilbert_elliot,pGG_0.9_pBB_0.9,19,361,4,,,cbaa_gilbert_elliott_drop_0_50_rho_0_8,,coverage,03,41,0,36,6,0,0,0,414,42,372,83,331,0,cbaa_entry:331;collision_intent:42;state:41,1272,817,completed,,
47,CBAA,gilbert_elliot,pGG_0.9_pBB_0.9,19,361,4,,,cbaa_gilbert_elliott_drop_0_50_rho_0_8,,coverage,00,,,,,,,,,,,,,,,,,failed,RuntimeError,Debug safety cap reached in trial 47. This usually means the allocator is stuck or returning no reachable goals.
47,CBAA,gilbert_elliot,pGG_0.9_pBB_0.9,19,361,4,,,cbaa_gilbert_elliott_drop_0_50_rho_0_8,,coverage,01,,,,,,,,,,,,,,,,,failed,RuntimeError,Debug safety cap reached in trial 47. This usually means the allocator is stuck or returning no reachable goals.
47,CBAA,gilbert_elliot,pGG_0.9_pBB_0.9,19,361,4,,,cbaa_gilbert_elliott_drop_0_50_rho_0_8,,coverage,02,,,,,,,,,,,,,,,,,failed,RuntimeError,Debug safety cap reached in trial 47. This usually means the allocator is stuck or returning no reachable goals.
47,CBAA,gilbert_elliot,pGG_0.9_pBB_0.9,19,361,4,,,cbaa_gilbert_elliott_drop_0_50_rho_0_8,,coverage,03,,,,,,,,,,,,,,,,,failed,RuntimeError,Debug safety cap reached in trial 47. This usually means the allocator is stuck or returning no reachable goals.
48,CBAA,gilbert_elliot,pGG_0.9_pBB_0.9,19,361,4,,,cbaa_gilbert_elliott_drop_0_50_rho_0_8,,coverage,00,265,0,153,113,0,0,0,1219,272,947,537,682,0,cbaa_entry:682;collision_intent:272;state:265,1743,959,completed,,
48,CBAA,gilbert_elliot,pGG_0.9_pBB_0.9,19,361,4,,,cbaa_gilbert_elliott_drop_0_50_rho_0_8,,coverage,01,112,0,64,49,0,0,0,732,123,609,235,497,0,cbaa_entry:497;collision_intent:123;state:112,1948,1241,completed,,
48,CBAA,gilbert_elliot,pGG_0.9_pBB_0.9,19,361,4,,,cbaa_gilbert_elliott_drop_0_50_rho_0_8,,coverage,02,261,0,112,150,0,0,0,1227,270,957,531,696,0,cbaa_entry:696;collision_intent:270;state:261,1547,1147,completed,,
48,CBAA,gilbert_elliot,pGG_0.9_pBB_0.9,19,361,4,,,cbaa_gilbert_elliott_drop_0_50_rho_0_8,,coverage,03,115,0,32,84,0,0,0,743,119,624,234,509,0,cbaa_entry:509;collision_intent:119;state:115,1833,1345,completed,,
49,CBAA,gilbert_elliot,pGG_0.9_pBB_0.9,19,361,4,,,cbaa_gilbert_elliott_drop_0_50_rho_0_8,,coverage,00,24,0,12,13,0,0,0,352,28,324,52,300,0,cbaa_entry:300;collision_intent:28;state:24,1389,903,completed,,
49,CBAA,gilbert_elliot,pGG_0.9_pBB_0.9,19,361,4,,,cbaa_gilbert_elliott_drop_0_50_rho_0_8,,coverage,01,71,0,51,21,0,0,0,483,74,409,145,338,0,cbaa_entry:338;collision_intent:74;state:71,1208,953,completed,,
49,CBAA,gilbert_elliot,pGG_0.9_pBB_0.9,19,361,4,,,cbaa_gilbert_elliott_drop_0_50_rho_0_8,,coverage,02,27,0,17,11,0,0,0,400,28,372,55,345,0,cbaa_entry:345;collision_intent:28;state:27,1419,825,completed,,
49,CBAA,gilbert_elliot,pGG_0.9_pBB_0.9,19,361,4,,,cbaa_gilbert_elliott_drop_0_50_rho_0_8,,coverage,03,340,0,281,60,0,0,0,1411,340,1071,680,731,0,cbaa_entry:731;collision_intent:340;state:340,619,616,completed,,
50,CBAA,gilbert_elliot,pGG_0.9_pBB_0.9,19,361,4,,,cbaa_gilbert_elliott_drop_0_50_rho_0_8,,coverage,00,,,,,,,,,,,,,,,,,failed,RuntimeError,Debug safety cap reached in trial 50. This usually means the allocator is stuck or returning no reachable goals.
50,CBAA,gilbert_elliot,pGG_0.9_pBB_0.9,19,361,4,,,cbaa_gilbert_elliott_drop_0_50_rho_0_8,,coverage,01,,,,,,,,,,,,,,,,,failed,RuntimeError,Debug safety cap reached in trial 50. This usually means the allocator is stuck or returning no reachable goals.
50,CBAA,gilbert_elliot,pGG_0.9_pBB_0.9,19,361,4,,,cbaa_gilbert_elliott_drop_0_50_rho_0_8,,coverage,02,,,,,,,,,,,,,,,,,failed,RuntimeError,Debug safety cap reached in trial 50. This usually means the allocator is stuck or returning no reachable goals.
50,CBAA,gilbert_elliot,pGG_0.9_pBB_0.9,19,361,4,,,cbaa_gilbert_elliott_drop_0_50_rho_0_8,,coverage,03,,,,,,,,,,,,,,,,,failed,RuntimeError,Debug safety cap reached in trial 50. This usually means the allocator is stuck or returning no reachable goals.
51,CBAA,gilbert_elliot,pGG_0.9_pBB_0.9,19,361,4,,,cbaa_gilbert_elliott_drop_0_50_rho_0_8,,coverage,00,5,0,4,2,0,0,0,300,9,291,14,286,0,cbaa_entry:286;collision_intent:9;state:5,1590,1175,completed,,
51,CBAA,gilbert_elliot,pGG_0.9_pBB_0.9,19,361,4,,,cbaa_gilbert_elliott_drop_0_50_rho_0_8,,coverage,01,274,0,152,123,0,0,0,1220,280,940,554,666,0,cbaa_entry:666;collision_intent:280;state:274,1077,770,completed,,
51,CBAA,gilbert_elliot,pGG_0.9_pBB_0.9,19,361,4,,,cbaa_gilbert_elliott_drop_0_50_rho_0_8,,coverage,02,6,0,6,1,0,0,0,308,7,301,13,295,0,cbaa_entry:295;collision_intent:7;state:6,1605,1154,completed,,
51,CBAA,gilbert_elliot,pGG_0.9_pBB_0.9,19,361,4,,,cbaa_gilbert_elliott_drop_0_50_rho_0_8,,coverage,03,282,0,199,84,0,0,0,1239,282,957,564,675,0,cbaa_entry:675;collision_intent:282;state:282,1093,735,completed,,
52,CBAA,gilbert_elliot,pGG_0.9_pBB_0.9,19,361,4,,,cbaa_gilbert_elliott_drop_0_50_rho_0_8,,coverage,00,65,0,40,26,0,0,0,557,67,490,132,425,0,cbaa_entry:425;collision_intent:67;state:65,1674,1224,completed,,
52,CBAA,gilbert_elliot,pGG_0.9_pBB_0.9,19,361,4,,,cbaa_gilbert_elliott_drop_0_50_rho_0_8,,coverage,01,252,0,174,79,0,0,0,1166,259,907,511,655,0,cbaa_entry:655;collision_intent:259;state:252,1392,899,completed,,
52,CBAA,gilbert_elliot,pGG_0.9_pBB_0.9,19,361,4,,,cbaa_gilbert_elliott_drop_0_50_rho_0_8,,coverage,02,64,0,45,20,0,0,0,564,68,496,132,432,0,cbaa_entry:432;collision_intent:68;state:64,1826,1065,completed,,
52,CBAA,gilbert_elliot,pGG_0.9_pBB_0.9,19,361,4,,,cbaa_gilbert_elliott_drop_0_50_rho_0_8,,coverage,03,248,0,102,147,0,0,0,1170,254,916,502,668,0,cbaa_entry:668;collision_intent:254;state:248,1428,859,completed,,
53,CBAA,gilbert_elliot,pGG_0.9_pBB_0.9,19,361,4,,,cbaa_gilbert_elliott_drop_0_50_rho_0_8,,coverage,00,6,0,7,0,0,0,0,291,9,282,15,276,0,cbaa_entry:276;collision_intent:9;state:6,1305,736,completed,,
53,CBAA,gilbert_elliot,pGG_0.9_pBB_0.9,19,361,4,,,cbaa_gilbert_elliott_drop_0_50_rho_0_8,,coverage,01,7,0,5,3,0,0,0,272,9,263,16,256,0,cbaa_entry:256;collision_intent:9;state:7,1138,923,completed,,
53,CBAA,gilbert_elliot,pGG_0.9_pBB_0.9,19,361,4,,,cbaa_gilbert_elliott_drop_0_50_rho_0_8,,coverage,02,352,0,335,18,0,0,0,1426,354,1072,706,720,0,cbaa_entry:720;collision_intent:354;state:352,544,363,completed,,
53,CBAA,gilbert_elliot,pGG_0.9_pBB_0.9,19,361,4,,,cbaa_gilbert_elliott_drop_0_50_rho_0_8,,coverage,03,22,0,14,9,0,0,0,344,25,319,47,297,0,cbaa_entry:297;collision_intent:25;state:22,1165,824,completed,,
54,CBAA,gilbert_elliot,pGG_0.9_pBB_0.9,19,361,4,,,cbaa_gilbert_elliott_drop_0_50_rho_0_8,,coverage,00,57,0,22,36,0,0,0,483,61,422,118,365,0,cbaa_entry:365;collision_intent:61;state:57,1360,987,completed,,
54,CBAA,gilbert_elliot,pGG_0.9_pBB_0.9,19,361,4,,,cbaa_gilbert_elliott_drop_0_50_rho_0_8,,coverage,01,54,0,40,15,0,0,0,465,59,406,113,352,0,cbaa_entry:352;collision_intent:59;state:54,1397,968,completed,,
54,CBAA,gilbert_elliot,pGG_0.9_pBB_0.9,19,361,4,,,cbaa_gilbert_elliott_drop_0_50_rho_0_8,,coverage,02,63,0,41,23,0,0,0,488,64,424,127,361,0,cbaa_entry:361;collision_intent:64;state:63,1335,1007,completed,,
54,CBAA,gilbert_elliot,pGG_0.9_pBB_0.9,19,361,4,,,cbaa_gilbert_elliott_drop_0_50_rho_0_8,,coverage,03,331,0,258,74,0,0,0,1394,333,1061,664,730,0,cbaa_entry:730;collision_intent:333;state:331,857,579,completed,,
55,CBAA,gilbert_elliot,pGG_0.9_pBB_0.9,19,361,4,,,cbaa_gilbert_elliott_drop_0_50_rho_0_8,,coverage,00,66,0,27,40,0,0,0,574,72,502,138,436,0,cbaa_entry:436;collision_intent:72;state:66,1919,1246,completed,,
55,CBAA,gilbert_elliot,pGG_0.9_pBB_0.9,19,361,4,,,cbaa_gilbert_elliott_drop_0_50_rho_0_8,,coverage,01,286,0,172,115,0,0,0,1295,296,999,582,713,0,cbaa_entry:713;collision_intent:296;state:286,1435,1011,completed,,
55,CBAA,gilbert_elliot,pGG_0.9_pBB_0.9,19,361,4,,,cbaa_gilbert_elliott_drop_0_50_rho_0_8,,coverage,02,63,0,34,30,0,0,0,566,74,492,137,429,0,cbaa_entry:429;collision_intent:74;state:63,1827,1348,completed,,
55,CBAA,gilbert_elliot,pGG_0.9_pBB_0.9,19,361,4,,,cbaa_gilbert_elliott_drop_0_50_rho_0_8,,coverage,03,285,0,128,158,0,0,0,1306,290,1016,575,731,0,cbaa_entry:731;collision_intent:290;state:285,1364,1071,completed,,
56,CBAA,gilbert_elliot,pGG_0.9_pBB_0.9,19,361,4,,,cbaa_gilbert_elliott_drop_0_50_rho_0_8,,coverage,00,7,0,4,4,0,0,0,289,12,277,19,270,0,cbaa_entry:270;collision_intent:12;state:7,1231,869,completed,,
56,CBAA,gilbert_elliot,pGG_0.9_pBB_0.9,19,361,4,,,cbaa_gilbert_elliott_drop_0_50_rho_0_8,,coverage,01,10,0,9,2,0,0,0,262,11,251,21,241,0,cbaa_entry:241;collision_intent:11;state:10,1166,959,completed,,
56,CBAA,gilbert_elliot,pGG_0.9_pBB_0.9,19,361,4,,,cbaa_gilbert_elliott_drop_0_50_rho_0_8,,coverage,02,46,0,34,13,0,0,0,417,47,370,93,324,0,cbaa_entry:324;collision_intent:47;state:46,1162,808,completed,,
56,CBAA,gilbert_elliot,pGG_0.9_pBB_0.9,19,361,4,,,cbaa_gilbert_elliott_drop_0_50_rho_0_8,,coverage,03,350,0,314,37,0,0,0,1421,351,1070,701,720,0,cbaa_entry:720;collision_intent:351;state:350,574,394,completed,,
57,CBAA,gilbert_elliot,pGG_0.9_pBB_0.9,19,361,4,,,cbaa_gilbert_elliott_drop_0_50_rho_0_8,,coverage,00,229,0,88,142,0,0,0,1155,238,917,467,688,0,cbaa_entry:688;collision_intent:238;state:229,2232,1202,completed,,
57,CBAA,gilbert_elliot,pGG_0.9_pBB_0.9,19,361,4,,,cbaa_gilbert_elliott_drop_0_50_rho_0_8,,coverage,01,221,0,36,186,0,0,0,1158,229,929,450,708,0,cbaa_entry:708;collision_intent:229;state:221,2007,1422,completed,,
57,CBAA,gilbert_elliot,pGG_0.9_pBB_0.9,19,361,4,,,cbaa_gilbert_elliott_drop_0_50_rho_0_8,,coverage,02,227,0,154,74,0,0,0,1097,234,863,461,636,0,cbaa_entry:636;collision_intent:234;state:227,2150,1340,completed,,
57,CBAA,gilbert_elliot,pGG_0.9_pBB_0.9,19,361,4,,,cbaa_gilbert_elliott_drop_0_50_rho_0_8,,coverage,03,229,0,83,147,0,0,0,1179,235,944,464,715,0,cbaa_entry:715;collision_intent:235;state:229,2038,1372,completed,,
58,CBAA,gilbert_elliot,pGG_0.9_pBB_0.9,19,361,4,,,cbaa_gilbert_elliott_drop_0_50_rho_0_8,,coverage,00,208,0,89,120,0,0,0,1107,221,886,429,678,0,cbaa_entry:678;collision_intent:221;state:208,2127,1358,completed,,
58,CBAA,gilbert_elliot,pGG_0.9_pBB_0.9,19,361,4,,,cbaa_gilbert_elliott_drop_0_50_rho_0_8,,coverage,01,201,0,106,96,0,0,0,1072,212,860,413,659,0,cbaa_entry:659;collision_intent:212;state:201,2192,1330,completed,,
58,CBAA,gilbert_elliot,pGG_0.9_pBB_0.9,19,361,4,,,cbaa_gilbert_elliott_drop_0_50_rho_0_8,,coverage,02,292,0,98,195,0,0,0,1330,303,1027,595,735,0,cbaa_entry:735;collision_intent:303;state:292,1886,1378,completed,,
58,CBAA,gilbert_elliot,pGG_0.9_pBB_0.9,19,361,4,,,cbaa_gilbert_elliott_drop_0_50_rho_0_8,,coverage,03,206,0,68,139,0,0,0,1085,215,870,421,664,0,cbaa_entry:664;collision_intent:215;state:206,2128,1381,completed,,
59,CBAA,gilbert_elliot,pGG_0.9_pBB_0.9,19,361,4,,,cbaa_gilbert_elliott_drop_0_50_rho_0_8,,coverage,00,,,,,,,,,,,,,,,,,failed,RuntimeError,Debug safety cap reached in trial 59. This usually means the allocator is stuck or returning no reachable goals.
59,CBAA,gilbert_elliot,pGG_0.9_pBB_0.9,19,361,4,,,cbaa_gilbert_elliott_drop_0_50_rho_0_8,,coverage,01,,,,,,,,,,,,,,,,,failed,RuntimeError,Debug safety cap reached in trial 59. This usually means the allocator is stuck or returning no reachable goals.
59,CBAA,gilbert_elliot,pGG_0.9_pBB_0.9,19,361,4,,,cbaa_gilbert_elliott_drop_0_50_rho_0_8,,coverage,02,,,,,,,,,,,,,,,,,failed,RuntimeError,Debug safety cap reached in trial 59. This usually means the allocator is stuck or returning no reachable goals.
59,CBAA,gilbert_elliot,pGG_0.9_pBB_0.9,19,361,4,,,cbaa_gilbert_elliott_drop_0_50_rho_0_8,,coverage,03,,,,,,,,,,,,,,,,,failed,RuntimeError,Debug safety cap reached in trial 59. This usually means the allocator is stuck or returning no reachable goals.
60,CBAA,gilbert_elliot,pGG_0.9_pBB_0.9,19,361,4,,,cbaa_gilbert_elliott_drop_0_50_rho_0_8,,coverage,00,2,0,3,0,0,0,0,269,4,265,6,263,0,cbaa_entry:263;collision_intent:4;state:2,1177,901,completed,,
60,CBAA,gilbert_elliot,pGG_0.9_pBB_0.9,19,361,4,,,cbaa_gilbert_elliott_drop_0_50_rho_0_8,,coverage,01,3,0,4,0,0,0,0,301,4,297,7,294,0,cbaa_entry:294;collision_intent:4;state:3,1256,790,completed,,
60,CBAA,gilbert_elliot,pGG_0.9_pBB_0.9,19,361,4,,,cbaa_gilbert_elliott_drop_0_50_rho_0_8,,coverage,02,354,0,339,16,0,0,0,1429,355,1074,709,720,0,cbaa_entry:720;collision_intent:355;state:354,492,426,completed,,
60,CBAA,gilbert_elliot,pGG_0.9_pBB_0.9,19,361,4,,,cbaa_gilbert_elliott_drop_0_50_rho_0_8,,coverage,03,25,0,15,11,0,0,0,348,26,322,51,297,0,cbaa_entry:297;collision_intent:26;state:25,1127,870,completed,,
61,CBAA,gilbert_elliot,pGG_0.9_pBB_0.9,19,361,4,,,cbaa_gilbert_elliott_drop_0_50_rho_0_8,,coverage,00,8,0,5,4,0,0,0,262,11,251,19,243,0,cbaa_entry:243;collision_intent:11;state:8,1698,1028,completed,,
61,CBAA,gilbert_elliot,pGG_0.9_pBB_0.9,19,361,4,,,cbaa_gilbert_elliott_drop_0_50_rho_0_8,,coverage,01,9,0,7,3,0,0,0,235,11,224,20,215,0,cbaa_entry:215;collision_intent:11;state:9,1526,1227,completed,,
61,CBAA,gilbert_elliot,pGG_0.9_pBB_0.9,19,361,4,,,cbaa_gilbert_elliott_drop_0_50_rho_0_8,,coverage,02,275,0,14,262,0,0,0,1077,275,802,550,527,0,cbaa_entry:527;collision_intent:275;state:275,1192,721,completed,,
61,CBAA,gilbert_elliot,pGG_0.9_pBB_0.9,19,361,4,,,cbaa_gilbert_elliott_drop_0_50_rho_0_8,,coverage,03,349,0,335,15,0,0,0,1416,351,1065,700,716,0,cbaa_entry:716;collision_intent:351;state:349,867,707,completed,,
62,CBAA,gilbert_elliot,pGG_0.9_pBB_0.9,19,361,4,,,cbaa_gilbert_elliott_drop_0_50_rho_0_8,,coverage,00,2,0,3,0,0,0,0,326,4,322,6,320,0,cbaa_entry:320;collision_intent:4;state:2,1745,1101,completed,,
62,CBAA,gilbert_elliot,pGG_0.9_pBB_0.9,19,361,4,,,cbaa_gilbert_elliott_drop_0_50_rho_0_8,,coverage,01,3,0,4,0,0,0,0,320,4,316,7,313,0,cbaa_entry:313;collision_intent:4;state:3,1700,1151,completed,,
62,CBAA,gilbert_elliot,pGG_0.9_pBB_0.9,19,361,4,,,cbaa_gilbert_elliott_drop_0_50_rho_0_8,,coverage,02,288,0,159,130,0,0,0,1264,294,970,582,682,0,cbaa_entry:682;collision_intent:294;state:288,1108,800,completed,,
62,CBAA,gilbert_elliot,pGG_0.9_pBB_0.9,19,361,4,,,cbaa_gilbert_elliott_drop_0_50_rho_0_8,,coverage,03,287,0,195,93,0,0,0,1262,294,968,581,681,0,cbaa_entry:681;collision_intent:294;state:287,1144,765,completed,,
63,CBAA,gilbert_elliot,pGG_0.9_pBB_0.9,19,361,4,,,cbaa_gilbert_elliott_drop_0_50_rho_0_8,,coverage,00,,,,,,,,,,,,,,,,,failed,RuntimeError,Debug safety cap reached in trial 63. This usually means the allocator is stuck or returning no reachable goals.
63,CBAA,gilbert_elliot,pGG_0.9_pBB_0.9,19,361,4,,,cbaa_gilbert_elliott_drop_0_50_rho_0_8,,coverage,01,,,,,,,,,,,,,,,,,failed,RuntimeError,Debug safety cap reached in trial 63. This usually means the allocator is stuck or returning no reachable goals.
63,CBAA,gilbert_elliot,pGG_0.9_pBB_0.9,19,361,4,,,cbaa_gilbert_elliott_drop_0_50_rho_0_8,,coverage,02,,,,,,,,,,,,,,,,,failed,RuntimeError,Debug safety cap reached in trial 63. This usually means the allocator is stuck or returning no reachable goals.
63,CBAA,gilbert_elliot,pGG_0.9_pBB_0.9,19,361,4,,,cbaa_gilbert_elliott_drop_0_50_rho_0_8,,coverage,03,,,,,,,,,,,,,,,,,failed,RuntimeError,Debug safety cap reached in trial 63. This usually means the allocator is stuck or returning no reachable goals.
64,CBAA,gilbert_elliot,pGG_0.9_pBB_0.9,19,361,4,,,cbaa_gilbert_elliott_drop_0_50_rho_0_8,,coverage,00,294,0,155,140,0,0,0,1289,300,989,594,695,0,cbaa_entry:695;collision_intent:300;state:294,1141,932,completed,,
64,CBAA,gilbert_elliot,pGG_0.9_pBB_0.9,19,361,4,,,cbaa_gilbert_elliott_drop_0_50_rho_0_8,,coverage,01,299,0,191,109,0,0,0,1315,301,1014,600,715,0,cbaa_entry:715;collision_intent:301;state:299,1149,900,completed,,
64,CBAA,gilbert_elliot,pGG_0.9_pBB_0.9,19,361,4,,,cbaa_gilbert_elliott_drop_0_50_rho_0_8,,coverage,02,18,0,6,13,0,0,0,376,19,357,37,339,0,cbaa_entry:339;collision_intent:19;state:18,1724,1262,completed,,
64,CBAA,gilbert_elliot,pGG_0.9_pBB_0.9,19,361,4,,,cbaa_gilbert_elliott_drop_0_50_rho_0_8,,coverage,03,15,0,9,7,0,0,0,384,18,366,33,351,0,cbaa_entry:351;collision_intent:18;state:15,1715,1263,completed,,
65,CBAA,gilbert_elliot,pGG_0.9_pBB_0.9,19,361,4,,,cbaa_gilbert_elliott_drop_0_50_rho_0_8,,coverage,00,,,,,,,,,,,,,,,,,failed,RuntimeError,Debug safety cap reached in trial 65. This usually means the allocator is stuck or returning no reachable goals.
65,CBAA,gilbert_elliot,pGG_0.9_pBB_0.9,19,361,4,,,cbaa_gilbert_elliott_drop_0_50_rho_0_8,,coverage,01,,,,,,,,,,,,,,,,,failed,RuntimeError,Debug safety cap reached in trial 65. This usually means the allocator is stuck or returning no reachable goals.
65,CBAA,gilbert_elliot,pGG_0.9_pBB_0.9,19,361,4,,,cbaa_gilbert_elliott_drop_0_50_rho_0_8,,coverage,02,,,,,,,,,,,,,,,,,failed,RuntimeError,Debug safety cap reached in trial 65. This usually means the allocator is stuck or returning no reachable goals.
65,CBAA,gilbert_elliot,pGG_0.9_pBB_0.9,19,361,4,,,cbaa_gilbert_elliott_drop_0_50_rho_0_8,,coverage,03,,,,,,,,,,,,,,,,,failed,RuntimeError,Debug safety cap reached in trial 65. This usually means the allocator is stuck or returning no reachable goals.
66,CBAA,gilbert_elliot,pGG_0.9_pBB_0.9,19,361,4,,,cbaa_gilbert_elliott_drop_0_50_rho_0_8,,coverage,00,,,,,,,,,,,,,,,,,failed,RuntimeError,Debug safety cap reached in trial 66. This usually means the allocator is stuck or returning no reachable goals.
66,CBAA,gilbert_elliot,pGG_0.9_pBB_0.9,19,361,4,,,cbaa_gilbert_elliott_drop_0_50_rho_0_8,,coverage,01,,,,,,,,,,,,,,,,,failed,RuntimeError,Debug safety cap reached in trial 66. This usually means the allocator is stuck or returning no reachable goals.
66,CBAA,gilbert_elliot,pGG_0.9_pBB_0.9,19,361,4,,,cbaa_gilbert_elliott_drop_0_50_rho_0_8,,coverage,02,,,,,,,,,,,,,,,,,failed,RuntimeError,Debug safety cap reached in trial 66. This usually means the allocator is stuck or returning no reachable goals.
66,CBAA,gilbert_elliot,pGG_0.9_pBB_0.9,19,361,4,,,cbaa_gilbert_elliott_drop_0_50_rho_0_8,,coverage,03,,,,,,,,,,,,,,,,,failed,RuntimeError,Debug safety cap reached in trial 66. This usually means the allocator is stuck or returning no reachable goals.
67,CBAA,gilbert_elliot,pGG_0.9_pBB_0.9,19,361,4,,,cbaa_gilbert_elliott_drop_0_50_rho_0_8,,coverage,00,172,0,49,124,0,0,0,969,186,783,358,611,0,cbaa_entry:611;collision_intent:186;state:172,1961,1346,completed,,
67,CBAA,gilbert_elliot,pGG_0.9_pBB_0.9,19,361,4,,,cbaa_gilbert_elliott_drop_0_50_rho_0_8,,coverage,01,175,0,86,90,0,0,0,950,183,767,358,592,0,cbaa_entry:592;collision_intent:183;state:175,2023,1301,completed,,
67,CBAA,gilbert_elliot,pGG_0.9_pBB_0.9,19,361,4,,,cbaa_gilbert_elliott_drop_0_50_rho_0_8,,coverage,02,244,0,92,153,0,0,0,1191,251,940,495,696,0,cbaa_entry:696;collision_intent:251;state:244,1704,1381,completed,,
67,CBAA,gilbert_elliot,pGG_0.9_pBB_0.9,19,361,4,,,cbaa_gilbert_elliott_drop_0_50_rho_0_8,,coverage,03,244,0,134,111,0,0,0,1166,253,913,497,669,0,cbaa_entry:669;collision_intent:253;state:244,1895,1215,completed,,
68,CBAA,gilbert_elliot,pGG_0.9_pBB_0.9,19,361,4,,,cbaa_gilbert_elliott_drop_0_50_rho_0_8,,coverage,00,283,0,182,102,0,0,0,1239,288,951,571,668,0,cbaa_entry:668;collision_intent:288;state:283,1115,817,completed,,
68,CBAA,gilbert_elliot,pGG_0.9_pBB_0.9,19,361,4,,,cbaa_gilbert_elliott_drop_0_50_rho_0_8,,coverage,01,13,0,12,2,0,0,0,334,15,319,28,306,0,cbaa_entry:306;collision_intent:15;state:13,1695,1140,completed,,
68,CBAA,gilbert_elliot,pGG_0.9_pBB_0.9,19,361,4,,,cbaa_gilbert_elliott_drop_0_50_rho_0_8,,coverage,02,14,0,8,7,0,0,0,332,16,316,30,302,0,cbaa_entry:302;collision_intent:16;state:14,1654,1183,completed,,
68,CBAA,gilbert_elliot,pGG_0.9_pBB_0.9,19,361,4,,,cbaa_gilbert_elliott_drop_0_50_rho_0_8,,coverage,03,280,0,159,122,0,0,0,1266,286,980,566,700,0,cbaa_entry:700;collision_intent:286;state:280,1061,844,completed,,
69,CBAA,gilbert_elliot,pGG_0.9_pBB_0.9,19,361,4,,,cbaa_gilbert_elliott_drop_0_50_rho_0_8,,coverage,00,115,0,48,68,0,0,0,746,120,626,235,511,0,cbaa_entry:511;collision_intent:120;state:115,1884,1285,completed,,
69,CBAA,gilbert_elliot,pGG_0.9_pBB_0.9,19,361,4,,,cbaa_gilbert_elliott_drop_0_50_rho_0_8,,coverage,01,110,0,42,69,0,0,0,723,121,602,231,492,0,cbaa_entry:492;collision_intent:121;state:110,1703,1488,completed,,
69,CBAA,gilbert_elliot,pGG_0.9_pBB_0.9,19,361,4,,,cbaa_gilbert_elliott_drop_0_50_rho_0_8,,coverage,02,268,0,107,162,0,0,0,1263,270,993,538,725,0,cbaa_entry:725;collision_intent:270;state:268,1573,1079,completed,,
69,CBAA,gilbert_elliot,pGG_0.9_pBB_0.9,19,361,4,,,cbaa_gilbert_elliott_drop_0_50_rho_0_8,,coverage,03,255,0,164,92,0,0,0,1183,269,914,524,659,0,cbaa_entry:659;collision_intent:269;state:255,1608,1122,completed,,
70,CBAA,gilbert_elliot,pGG_0.9_pBB_0.9,19,361,4,,,cbaa_gilbert_elliott_drop_0_50_rho_0_8,,coverage,00,,,,,,,,,,,,,,,,,failed,RuntimeError,Debug safety cap reached in trial 70. This usually means the allocator is stuck or returning no reachable goals.
70,CBAA,gilbert_elliot,pGG_0.9_pBB_0.9,19,361,4,,,cbaa_gilbert_elliott_drop_0_50_rho_0_8,,coverage,01,,,,,,,,,,,,,,,,,failed,RuntimeError,Debug safety cap reached in trial 70. This usually means the allocator is stuck or returning no reachable goals.
70,CBAA,gilbert_elliot,pGG_0.9_pBB_0.9,19,361,4,,,cbaa_gilbert_elliott_drop_0_50_rho_0_8,,coverage,02,,,,,,,,,,,,,,,,,failed,RuntimeError,Debug safety cap reached in trial 70. This usually means the allocator is stuck or returning no reachable goals.
70,CBAA,gilbert_elliot,pGG_0.9_pBB_0.9,19,361,4,,,cbaa_gilbert_elliott_drop_0_50_rho_0_8,,coverage,03,,,,,,,,,,,,,,,,,failed,RuntimeError,Debug safety cap reached in trial 70. This usually means the allocator is stuck or returning no reachable goals.
71,CBAA,gilbert_elliot,pGG_0.9_pBB_0.9,19,361,4,,,cbaa_gilbert_elliott_drop_0_50_rho_0_8,,coverage,00,3,0,4,0,0,0,0,321,4,317,7,314,0,cbaa_entry:314;collision_intent:4;state:3,1602,1180,completed,,
71,CBAA,gilbert_elliot,pGG_0.9_pBB_0.9,19,361,4,,,cbaa_gilbert_elliott_drop_0_50_rho_0_8,,coverage,01,2,0,3,0,0,0,0,346,4,342,6,340,0,cbaa_entry:340;collision_intent:4;state:2,1647,1109,completed,,
71,CBAA,gilbert_elliot,pGG_0.9_pBB_0.9,19,361,4,,,cbaa_gilbert_elliott_drop_0_50_rho_0_8,,coverage,02,268,0,201,68,0,0,0,1194,273,921,541,653,0,cbaa_entry:653;collision_intent:273;state:268,1128,778,completed,,
71,CBAA,gilbert_elliot,pGG_0.9_pBB_0.9,19,361,4,,,cbaa_gilbert_elliott_drop_0_50_rho_0_8,,coverage,03,272,0,153,120,0,0,0,1242,276,966,548,694,0,cbaa_entry:694;collision_intent:276;state:272,1058,803,completed,,
72,CBAA,gilbert_elliot,pGG_0.9_pBB_0.9,19,361,4,,,cbaa_gilbert_elliott_drop_0_50_rho_0_8,,coverage,00,17,0,9,9,0,0,0,348,23,325,40,308,0,cbaa_entry:308;collision_intent:23;state:17,1274,735,completed,,
72,CBAA,gilbert_elliot,pGG_0.9_pBB_0.9,19,361,4,,,cbaa_gilbert_elliott_drop_0_50_rho_0_8,,coverage,01,20,0,17,4,0,0,0,319,23,296,43,276,0,cbaa_entry:276;collision_intent:23;state:20,1260,778,completed,,
72,CBAA,gilbert_elliot,pGG_0.9_pBB_0.9,19,361,4,,,cbaa_gilbert_elliott_drop_0_50_rho_0_8,,coverage,02,339,0,322,18,0,0,0,1391,340,1051,679,712,0,cbaa_entry:712;collision_intent:340;state:339,551,417,completed,,
72,CBAA,gilbert_elliot,pGG_0.9_pBB_0.9,19,361,4,,,cbaa_gilbert_elliott_drop_0_50_rho_0_8,,coverage,03,20,0,13,8,0,0,0,301,23,278,43,258,0,cbaa_entry:258;collision_intent:23;state:20,1161,897,completed,,
73,CBAA,gilbert_elliot,pGG_0.9_pBB_0.9,19,361,4,,,cbaa_gilbert_elliott_drop_0_50_rho_0_8,,coverage,00,18,0,11,8,0,0,0,350,21,329,39,311,0,cbaa_entry:311;collision_intent:21;state:18,1225,792,completed,,
73,CBAA,gilbert_elliot,pGG_0.9_pBB_0.9,19,361,4,,,cbaa_gilbert_elliott_drop_0_50_rho_0_8,,coverage,01,15,0,12,4,0,0,0,304,18,286,33,271,0,cbaa_entry:271;collision_intent:18;state:15,1240,825,completed,,
73,CBAA,gilbert_elliot,pGG_0.9_pBB_0.9,19,361,4,,,cbaa_gilbert_elliott_drop_0_50_rho_0_8,,coverage,02,342,0,326,17,0,0,0,1402,344,1058,686,716,0,cbaa_entry:716;collision_intent:344;state:342,567,400,completed,,
73,CBAA,gilbert_elliot,pGG_0.9_pBB_0.9,19,361,4,,,cbaa_gilbert_elliott_drop_0_50_rho_0_8,,coverage,03,16,0,12,5,0,0,0,313,18,295,34,279,0,cbaa_entry:279;collision_intent:18;state:16,1146,909,completed,,
74,CBAA,gilbert_elliot,pGG_0.9_pBB_0.9,19,361,4,,,cbaa_gilbert_elliott_drop_0_50_rho_0_8,,coverage,00,3,0,4,0,0,0,0,325,4,321,7,318,0,cbaa_entry:318;collision_intent:4;state:3,1766,1186,completed,,
74,CBAA,gilbert_elliot,pGG_0.9_pBB_0.9,19,361,4,,,cbaa_gilbert_elliott_drop_0_50_rho_0_8,,coverage,01,2,0,3,0,0,0,0,345,4,341,6,339,0,cbaa_entry:339;collision_intent:4;state:2,1771,1159,completed,,
74,CBAA,gilbert_elliot,pGG_0.9_pBB_0.9,19,361,4,,,cbaa_gilbert_elliott_drop_0_50_rho_0_8,,coverage,02,294,0,124,171,0,0,0,1315,299,1016,593,722,0,cbaa_entry:722;collision_intent:299;state:294,1089,873,completed,,
74,CBAA,gilbert_elliot,pGG_0.9_pBB_0.9,19,361,4,,,cbaa_gilbert_elliott_drop_0_50_rho_0_8,,coverage,03,298,0,230,69,0,0,0,1292,300,992,598,694,0,cbaa_entry:694;collision_intent:300;state:298,1241,744,completed,,
75,CBAA,gilbert_elliot,pGG_0.9_pBB_0.9,19,361,4,,,cbaa_gilbert_elliott_drop_0_50_rho_0_8,,coverage,00,203,0,53,151,0,0,0,1043,212,831,415,628,0,cbaa_entry:628;collision_intent:212;state:203,1851,1318,completed,,
75,CBAA,gilbert_elliot,pGG_0.9_pBB_0.9,19,361,4,,,cbaa_gilbert_elliott_drop_0_50_rho_0_8,,coverage,01,203,0,76,128,0,0,0,1057,212,845,415,642,0,cbaa_entry:642;collision_intent:212;state:203,1921,1233,completed,,
75,CBAA,gilbert_elliot,pGG_0.9_pBB_0.9,19,361,4,,,cbaa_gilbert_elliott_drop_0_50_rho_0_8,,coverage,02,207,0,86,122,0,0,0,1075,214,861,421,654,0,cbaa_entry:654;collision_intent:214;state:207,1739,1399,completed,,
75,CBAA,gilbert_elliot,pGG_0.9_pBB_0.9,19,361,4,,,cbaa_gilbert_elliott_drop_0_50_rho_0_8,,coverage,03,209,0,146,64,0,0,0,1038,214,824,423,615,0,cbaa_entry:615;collision_intent:214;state:209,1982,1193,completed,,
76,CBAA,gilbert_elliot,pGG_0.9_pBB_0.9,19,361,4,,,cbaa_gilbert_elliott_drop_0_50_rho_0_8,,coverage,00,,,,,,,,,,,,,,,,,failed,RuntimeError,Debug safety cap reached in trial 76. This usually means the allocator is stuck or returning no reachable goals.
76,CBAA,gilbert_elliot,pGG_0.9_pBB_0.9,19,361,4,,,cbaa_gilbert_elliott_drop_0_50_rho_0_8,,coverage,01,,,,,,,,,,,,,,,,,failed,RuntimeError,Debug safety cap reached in trial 76. This usually means the allocator is stuck or returning no reachable goals.
76,CBAA,gilbert_elliot,pGG_0.9_pBB_0.9,19,361,4,,,cbaa_gilbert_elliott_drop_0_50_rho_0_8,,coverage,02,,,,,,,,,,,,,,,,,failed,RuntimeError,Debug safety cap reached in trial 76. This usually means the allocator is stuck or returning no reachable goals.
76,CBAA,gilbert_elliot,pGG_0.9_pBB_0.9,19,361,4,,,cbaa_gilbert_elliott_drop_0_50_rho_0_8,,coverage,03,,,,,,,,,,,,,,,,,failed,RuntimeError,Debug safety cap reached in trial 76. This usually means the allocator is stuck or returning no reachable goals.
77,CBAA,gilbert_elliot,pGG_0.9_pBB_0.9,19,361,4,,,cbaa_gilbert_elliott_drop_0_50_rho_0_8,,coverage,00,18,0,12,7,0,0,0,317,23,294,41,276,0,cbaa_entry:276;collision_intent:23;state:18,1170,852,completed,,
77,CBAA,gilbert_elliot,pGG_0.9_pBB_0.9,19,361,4,,,cbaa_gilbert_elliott_drop_0_50_rho_0_8,,coverage,01,19,0,9,11,0,0,0,316,24,292,43,273,0,cbaa_entry:273;collision_intent:24;state:19,1170,853,completed,,
77,CBAA,gilbert_elliot,pGG_0.9_pBB_0.9,19,361,4,,,cbaa_gilbert_elliott_drop_0_50_rho_0_8,,coverage,02,336,0,322,15,0,0,0,1379,338,1041,674,705,0,cbaa_entry:705;collision_intent:338;state:336,508,452,completed,,
77,CBAA,gilbert_elliot,pGG_0.9_pBB_0.9,19,361,4,,,cbaa_gilbert_elliott_drop_0_50_rho_0_8,,coverage,03,20,0,18,3,0,0,0,327,22,305,42,285,0,cbaa_entry:285;collision_intent:22;state:20,1241,769,completed,,
78,CBAA,gilbert_elliot,pGG_0.9_pBB_0.9,19,361,4,,,cbaa_gilbert_elliott_drop_0_50_rho_0_8,,coverage,00,68,0,30,39,0,0,0,547,74,473,142,405,0,cbaa_entry:405;collision_intent:74;state:68,1494,808,completed,,
78,CBAA,gilbert_elliot,pGG_0.9_pBB_0.9,19,361,4,,,cbaa_gilbert_elliott_drop_0_50_rho_0_8,,coverage,01,54,0,25,30,0,0,0,499,57,442,111,388,0,cbaa_entry:388;collision_intent:57;state:54,1458,892,completed,,
78,CBAA,gilbert_elliot,pGG_0.9_pBB_0.9,19,361,4,,,cbaa_gilbert_elliott_drop_0_50_rho_0_8,,coverage,02,53,0,25,29,0,0,0,438,57,381,110,328,0,cbaa_entry:328;collision_intent:57;state:53,1330,1080,completed,,
78,CBAA,gilbert_elliot,pGG_0.9_pBB_0.9,19,361,4,,,cbaa_gilbert_elliott_drop_0_50_rho_0_8,,coverage,03,322,0,281,42,0,0,0,1365,324,1041,646,719,0,cbaa_entry:719;collision_intent:324;state:322,858,626,completed,,
79,CBAA,gilbert_elliot,pGG_0.9_pBB_0.9,19,361,4,,,cbaa_gilbert_elliott_drop_0_50_rho_0_8,,coverage,00,14,0,10,5,0,0,0,271,18,253,32,239,0,cbaa_entry:239;collision_intent:18;state:14,1141,881,completed,,
79,CBAA,gilbert_elliot,pGG_0.9_pBB_0.9,19,361,4,,,cbaa_gilbert_elliott_drop_0_50_rho_0_8,,coverage,01,348,0,333,16,0,0,0,1418,349,1069,697,721,0,cbaa_entry:721;collision_intent:349;state:348,471,404,completed,,
79,CBAA,gilbert_elliot,pGG_0.9_pBB_0.9,19,361,4,,,cbaa_gilbert_elliott_drop_0_50_rho_0_8,,coverage,02,17,0,6,12,0,0,0,289,20,269,37,252,0,cbaa_entry:252;collision_intent:20;state:17,1167,836,completed,,
79,CBAA,gilbert_elliot,pGG_0.9_pBB_0.9,19,361,4,,,cbaa_gilbert_elliott_drop_0_50_rho_0_8,,coverage,03,17,0,12,6,0,0,0,315,18,297,35,280,0,cbaa_entry:280;collision_intent:18;state:17,1221,755,completed,,
80,CBAA,gilbert_elliot,pGG_0.9_pBB_0.9,19,361,4,,,cbaa_gilbert_elliott_drop_0_50_rho_0_8,,coverage,00,165,0,71,95,0,0,0,919,176,743,341,578,0,cbaa_entry:578;collision_intent:176;state:165,1935,1217,completed,,
80,CBAA,gilbert_elliot,pGG_0.9_pBB_0.9,19,361,4,,,cbaa_gilbert_elliott_drop_0_50_rho_0_8,,coverage,01,172,0,70,103,0,0,0,937,180,757,352,585,0,cbaa_entry:585;collision_intent:180;state:172,1828,1307,completed,,
80,CBAA,gilbert_elliot,pGG_0.9_pBB_0.9,19,361,4,,,cbaa_gilbert_elliott_drop_0_50_rho_0_8,,coverage,02,218,0,120,99,0,0,0,1101,225,876,443,658,0,cbaa_entry:658;collision_intent:225;state:218,1724,1248,completed,,
80,CBAA,gilbert_elliot,pGG_0.9_pBB_0.9,19,361,4,,,cbaa_gilbert_elliott_drop_0_50_rho_0_8,,coverage,03,219,0,100,120,0,0,0,1116,228,888,447,669,0,cbaa_entry:669;collision_intent:228;state:219,1886,1069,completed,,
81,CBAA,gilbert_elliot,pGG_0.9_pBB_0.9,19,361,4,,,cbaa_gilbert_elliott_drop_0_50_rho_0_8,,coverage,00,,,,,,,,,,,,,,,,,failed,RuntimeError,Debug safety cap reached in trial 81. This usually means the allocator is stuck or returning no reachable goals.
81,CBAA,gilbert_elliot,pGG_0.9_pBB_0.9,19,361,4,,,cbaa_gilbert_elliott_drop_0_50_rho_0_8,,coverage,01,,,,,,,,,,,,,,,,,failed,RuntimeError,Debug safety cap reached in trial 81. This usually means the allocator is stuck or returning no reachable goals.
81,CBAA,gilbert_elliot,pGG_0.9_pBB_0.9,19,361,4,,,cbaa_gilbert_elliott_drop_0_50_rho_0_8,,coverage,02,,,,,,,,,,,,,,,,,failed,RuntimeError,Debug safety cap reached in trial 81. This usually means the allocator is stuck or returning no reachable goals.
81,CBAA,gilbert_elliot,pGG_0.9_pBB_0.9,19,361,4,,,cbaa_gilbert_elliott_drop_0_50_rho_0_8,,coverage,03,,,,,,,,,,,,,,,,,failed,RuntimeError,Debug safety cap reached in trial 81. This usually means the allocator is stuck or returning no reachable goals.
82,CBAA,gilbert_elliot,pGG_0.9_pBB_0.9,19,361,4,,,cbaa_gilbert_elliott_drop_0_50_rho_0_8,,coverage,00,2,0,3,0,0,0,0,325,4,321,6,319,0,cbaa_entry:319;collision_intent:4;state:2,1636,1288,completed,,
82,CBAA,gilbert_elliot,pGG_0.9_pBB_0.9,19,361,4,,,cbaa_gilbert_elliott_drop_0_50_rho_0_8,,coverage,01,3,0,4,0,0,0,0,371,4,367,7,364,0,cbaa_entry:364;collision_intent:4;state:3,1808,1071,completed,,
82,CBAA,gilbert_elliot,pGG_0.9_pBB_0.9,19,361,4,,,cbaa_gilbert_elliott_drop_0_50_rho_0_8,,coverage,02,282,0,148,135,0,0,0,1278,289,989,571,707,0,cbaa_entry:707;collision_intent:289;state:282,1140,832,completed,,
82,CBAA,gilbert_elliot,pGG_0.9_pBB_0.9,19,361,4,,,cbaa_gilbert_elliott_drop_0_50_rho_0_8,,coverage,03,289,0,206,84,0,0,0,1276,296,980,585,691,0,cbaa_entry:691;collision_intent:296;state:289,1187,787,completed,,
83,CBAA,gilbert_elliot,pGG_0.9_pBB_0.9,19,361,4,,,cbaa_gilbert_elliott_drop_0_50_rho_0_8,,coverage,00,236,0,112,125,0,0,0,1151,252,899,488,663,0,cbaa_entry:663;collision_intent:252;state:236,1466,1103,completed,,
83,CBAA,gilbert_elliot,pGG_0.9_pBB_0.9,19,361,4,,,cbaa_gilbert_elliott_drop_0_50_rho_0_8,,coverage,01,136,0,70,67,0,0,0,794,143,651,279,515,0,cbaa_entry:515;collision_intent:143;state:136,1798,1128,completed,,
83,CBAA,gilbert_elliot,pGG_0.9_pBB_0.9,19,361,4,,,cbaa_gilbert_elliott_drop_0_50_rho_0_8,,coverage,02,111,0,48,64,0,0,0,690,115,575,226,464,0,cbaa_entry:464;collision_intent:115;state:111,1729,1299,completed,,
83,CBAA,gilbert_elliot,pGG_0.9_pBB_0.9,19,361,4,,,cbaa_gilbert_elliott_drop_0_50_rho_0_8,,coverage,03,220,0,131,90,0,0,0,1085,226,859,446,639,0,cbaa_entry:639;collision_intent:226;state:220,1578,1056,completed,,
84,CBAA,gilbert_elliot,pGG_0.9_pBB_0.9,19,361,4,,,cbaa_gilbert_elliott_drop_0_50_rho_0_8,,coverage,00,2,0,3,0,0,0,0,324,4,320,6,318,0,cbaa_entry:318;collision_intent:4;state:2,1724,1052,completed,,
84,CBAA,gilbert_elliot,pGG_0.9_pBB_0.9,19,361,4,,,cbaa_gilbert_elliott_drop_0_50_rho_0_8,,coverage,01,3,0,4,0,0,0,0,299,4,295,7,292,0,cbaa_entry:292;collision_intent:4;state:3,1576,1225,completed,,
84,CBAA,gilbert_elliot,pGG_0.9_pBB_0.9,19,361,4,,,cbaa_gilbert_elliott_drop_0_50_rho_0_8,,coverage,02,284,0,221,64,0,0,0,1228,284,944,568,660,0,cbaa_entry:660;collision_intent:284;state:284,1211,661,completed,,
84,CBAA,gilbert_elliot,pGG_0.9_pBB_0.9,19,361,4,,,cbaa_gilbert_elliott_drop_0_50_rho_0_8,,coverage,03,276,0,133,144,0,0,0,1249,283,966,559,690,0,cbaa_entry:690;collision_intent:283;state:276,1029,822,completed,,
85,CBAA,gilbert_elliot,pGG_0.9_pBB_0.9,19,361,4,,,cbaa_gilbert_elliott_drop_0_50_rho_0_8,,coverage,00,268,0,208,61,0,0,0,1196,275,921,543,653,0,cbaa_entry:653;collision_intent:275;state:268,1125,808,completed,,
85,CBAA,gilbert_elliot,pGG_0.9_pBB_0.9,19,361,4,,,cbaa_gilbert_elliott_drop_0_50_rho_0_8,,coverage,01,14,0,13,2,0,0,0,365,16,349,30,335,0,cbaa_entry:335;collision_intent:16;state:14,1787,977,completed,,
85,CBAA,gilbert_elliot,pGG_0.9_pBB_0.9,19,361,4,,,cbaa_gilbert_elliott_drop_0_50_rho_0_8,,coverage,02,266,0,125,142,0,0,0,1224,274,950,540,684,0,cbaa_entry:684;collision_intent:274;state:266,1098,809,completed,,
85,CBAA,gilbert_elliot,pGG_0.9_pBB_0.9,19,361,4,,,cbaa_gilbert_elliott_drop_0_50_rho_0_8,,coverage,03,15,0,15,1,0,0,0,346,16,330,31,315,0,cbaa_entry:315;collision_intent:16;state:15,1636,1149,completed,,
86,CBAA,gilbert_elliot,pGG_0.9_pBB_0.9,19,361,4,,,cbaa_gilbert_elliott_drop_0_50_rho_0_8,,coverage,00,72,0,31,42,0,0,0,597,81,516,153,444,0,cbaa_entry:444;collision_intent:81;state:72,1871,1305,completed,,
86,CBAA,gilbert_elliot,pGG_0.9_pBB_0.9,19,361,4,,,cbaa_gilbert_elliott_drop_0_50_rho_0_8,,coverage,01,278,0,85,194,0,0,0,1287,290,997,568,719,0,cbaa_entry:719;collision_intent:290;state:278,1377,1111,completed,,
86,CBAA,gilbert_elliot,pGG_0.9_pBB_0.9,19,361,4,,,cbaa_gilbert_elliott_drop_0_50_rho_0_8,,coverage,02,79,0,54,26,0,0,0,588,81,507,160,428,0,cbaa_entry:428;collision_intent:81;state:79,1914,1273,completed,,
86,CBAA,gilbert_elliot,pGG_0.9_pBB_0.9,19,361,4,,,cbaa_gilbert_elliott_drop_0_50_rho_0_8,,coverage,03,292,0,191,102,0,0,0,1304,295,1009,587,717,0,cbaa_entry:717;collision_intent:295;state:292,1452,1020,completed,,
87,CBAA,gilbert_elliot,pGG_0.9_pBB_0.9,19,361,4,,,cbaa_gilbert_elliott_drop_0_50_rho_0_8,,coverage,00,3,0,4,0,0,0,0,263,6,257,9,254,0,cbaa_entry:254;collision_intent:6;state:3,1228,741,completed,,
87,CBAA,gilbert_elliot,pGG_0.9_pBB_0.9,19,361,4,,,cbaa_gilbert_elliott_drop_0_50_rho_0_8,,coverage,01,4,0,5,0,0,0,0,227,7,220,11,216,0,cbaa_entry:216;collision_intent:7;state:4,1059,946,completed,,
87,CBAA,gilbert_elliot,pGG_0.9_pBB_0.9,19,361,4,,,cbaa_gilbert_elliott_drop_0_50_rho_0_8,,coverage,02,350,0,341,10,0,0,0,1414,350,1064,700,714,0,cbaa_entry:714;collision_intent:350;state:350,423,397,completed,,
87,CBAA,gilbert_elliot,pGG_0.9_pBB_0.9,19,361,4,,,cbaa_gilbert_elliott_drop_0_50_rho_0_8,,coverage,03,19,0,11,9,0,0,0,330,20,310,39,291,0,cbaa_entry:291;collision_intent:20;state:19,1132,770,completed,,
88,CBAA,gilbert_elliot,pGG_0.9_pBB_0.9,19,361,4,,,cbaa_gilbert_elliott_drop_0_50_rho_0_8,,coverage,00,80,0,25,56,0,0,0,625,85,540,165,460,0,cbaa_entry:460;collision_intent:85;state:80,1843,1213,completed,,
88,CBAA,gilbert_elliot,pGG_0.9_pBB_0.9,19,361,4,,,cbaa_gilbert_elliott_drop_0_50_rho_0_8,,coverage,01,79,0,38,42,0,0,0,605,84,521,163,442,0,cbaa_entry:442;collision_intent:84;state:79,1860,1215,completed,,
88,CBAA,gilbert_elliot,pGG_0.9_pBB_0.9,19,361,4,,,cbaa_gilbert_elliott_drop_0_50_rho_0_8,,coverage,02,268,0,130,139,0,0,0,1232,277,955,545,687,0,cbaa_entry:687;collision_intent:277;state:268,1433,1015,completed,,
88,CBAA,gilbert_elliot,pGG_0.9_pBB_0.9,19,361,4,,,cbaa_gilbert_elliott_drop_0_50_rho_0_8,,coverage,03,273,0,168,106,0,0,0,1220,275,945,548,672,0,cbaa_entry:672;collision_intent:275;state:273,1442,1020,completed,,
89,CBAA,gilbert_elliot,pGG_0.9_pBB_0.9,19,361,4,,,cbaa_gilbert_elliott_drop_0_50_rho_0_8,,coverage,00,,,,,,,,,,,,,,,,,failed,RuntimeError,Debug safety cap reached in trial 89. This usually means the allocator is stuck or returning no reachable goals.
89,CBAA,gilbert_elliot,pGG_0.9_pBB_0.9,19,361,4,,,cbaa_gilbert_elliott_drop_0_50_rho_0_8,,coverage,01,,,,,,,,,,,,,,,,,failed,RuntimeError,Debug safety cap reached in trial 89. This usually means the allocator is stuck or returning no reachable goals.
89,CBAA,gilbert_elliot,pGG_0.9_pBB_0.9,19,361,4,,,cbaa_gilbert_elliott_drop_0_50_rho_0_8,,coverage,02,,,,,,,,,,,,,,,,,failed,RuntimeError,Debug safety cap reached in trial 89. This usually means the allocator is stuck or returning no reachable goals.
89,CBAA,gilbert_elliot,pGG_0.9_pBB_0.9,19,361,4,,,cbaa_gilbert_elliott_drop_0_50_rho_0_8,,coverage,03,,,,,,,,,,,,,,,,,failed,RuntimeError,Debug safety cap reached in trial 89. This usually means the allocator is stuck or returning no reachable goals.
90,CBAA,gilbert_elliot,pGG_0.9_pBB_0.9,19,361,4,,,cbaa_gilbert_elliott_drop_0_50_rho_0_8,,coverage,00,251,0,142,110,0,0,0,1169,257,912,508,661,0,cbaa_entry:661;collision_intent:257;state:251,1669,1008,completed,,
90,CBAA,gilbert_elliot,pGG_0.9_pBB_0.9,19,361,4,,,cbaa_gilbert_elliott_drop_0_50_rho_0_8,,coverage,01,118,0,57,62,0,0,0,752,124,628,242,510,0,cbaa_entry:510;collision_intent:124;state:118,1815,1277,completed,,
90,CBAA,gilbert_elliot,pGG_0.9_pBB_0.9,19,361,4,,,cbaa_gilbert_elliott_drop_0_50_rho_0_8,,coverage,02,250,0,97,154,0,0,0,1191,257,934,507,684,0,cbaa_entry:684;collision_intent:257;state:250,1528,1127,completed,,
90,CBAA,gilbert_elliot,pGG_0.9_pBB_0.9,19,361,4,,,cbaa_gilbert_elliott_drop_0_50_rho_0_8,,coverage,03,117,0,65,53,0,0,0,734,124,610,241,493,0,cbaa_entry:493;collision_intent:124;state:117,1796,1316,completed,,
91,CBAA,gilbert_elliot,pGG_0.9_pBB_0.9,19,361,4,,,cbaa_gilbert_elliott_drop_0_50_rho_0_8,,coverage,00,266,0,134,133,0,0,0,1229,274,955,540,689,0,cbaa_entry:689;collision_intent:274;state:266,1345,945,completed,,
91,CBAA,gilbert_elliot,pGG_0.9_pBB_0.9,19,361,4,,,cbaa_gilbert_elliott_drop_0_50_rho_0_8,,coverage,01,57,0,27,31,0,0,0,538,61,477,118,420,0,cbaa_entry:420;collision_intent:61;state:57,1784,1197,completed,,
91,CBAA,gilbert_elliot,pGG_0.9_pBB_0.9,19,361,4,,,cbaa_gilbert_elliott_drop_0_50_rho_0_8,,coverage,02,266,0,146,121,0,0,0,1217,271,946,537,680,0,cbaa_entry:680;collision_intent:271;state:266,1414,888,completed,,
91,CBAA,gilbert_elliot,pGG_0.9_pBB_0.9,19,361,4,,,cbaa_gilbert_elliott_drop_0_50_rho_0_8,,coverage,03,56,0,54,3,0,0,0,535,60,475,116,419,0,cbaa_entry:419;collision_intent:60;state:56,1805,1179,completed,,
92,CBAA,gilbert_elliot,pGG_0.9_pBB_0.9,19,361,4,,,cbaa_gilbert_elliott_drop_0_50_rho_0_8,,coverage,00,90,0,27,64,0,0,0,620,99,521,189,431,0,cbaa_entry:431;collision_intent:99;state:90,1595,1065,completed,,
92,CBAA,gilbert_elliot,pGG_0.9_pBB_0.9,19,361,4,,,cbaa_gilbert_elliott_drop_0_50_rho_0_8,,coverage,01,348,0,233,116,0,0,0,1446,355,1091,703,743,0,cbaa_entry:743;collision_intent:355;state:348,1075,761,completed,,
92,CBAA,gilbert_elliot,pGG_0.9_pBB_0.9,19,361,4,,,cbaa_gilbert_elliott_drop_0_50_rho_0_8,,coverage,02,90,0,52,39,0,0,0,611,100,511,190,421,0,cbaa_entry:421;collision_intent:100;state:90,1526,1145,completed,,
92,CBAA,gilbert_elliot,pGG_0.9_pBB_0.9,19,361,4,,,cbaa_gilbert_elliott_drop_0_50_rho_0_8,,coverage,03,83,0,49,35,0,0,0,605,91,514,174,431,0,cbaa_entry:431;collision_intent:91;state:83,1638,1039,completed,,
93,CBAA,gilbert_elliot,pGG_0.9_pBB_0.9,19,361,4,,,cbaa_gilbert_elliott_drop_0_50_rho_0_8,,coverage,00,208,0,49,160,0,0,0,1105,217,888,425,680,0,cbaa_entry:680;collision_intent:217;state:208,1850,1402,completed,,
93,CBAA,gilbert_elliot,pGG_0.9_pBB_0.9,19,361,4,,,cbaa_gilbert_elliott_drop_0_50_rho_0_8,,coverage,01,212,0,105,108,0,0,0,1085,217,868,429,656,0,cbaa_entry:656;collision_intent:217;state:212,2100,1172,completed,,
93,CBAA,gilbert_elliot,pGG_0.9_pBB_0.9,19,361,4,,,cbaa_gilbert_elliott_drop_0_50_rho_0_8,,coverage,02,216,0,92,125,0,0,0,1091,221,870,437,654,0,cbaa_entry:654;collision_intent:221;state:216,2024,1240,completed,,
93,CBAA,gilbert_elliot,pGG_0.9_pBB_0.9,19,361,4,,,cbaa_gilbert_elliott_drop_0_50_rho_0_8,,coverage,03,213,0,115,99,0,0,0,1076,221,855,434,642,0,cbaa_entry:642;collision_intent:221;state:213,1936,1343,completed,,
94,CBAA,gilbert_elliot,pGG_0.9_pBB_0.9,19,361,4,,,cbaa_gilbert_elliott_drop_0_50_rho_0_8,,coverage,00,,,,,,,,,,,,,,,,,failed,RuntimeError,Debug safety cap reached in trial 94. This usually means the allocator is stuck or returning no reachable goals.
94,CBAA,gilbert_elliot,pGG_0.9_pBB_0.9,19,361,4,,,cbaa_gilbert_elliott_drop_0_50_rho_0_8,,coverage,01,,,,,,,,,,,,,,,,,failed,RuntimeError,Debug safety cap reached in trial 94. This usually means the allocator is stuck or returning no reachable goals.
94,CBAA,gilbert_elliot,pGG_0.9_pBB_0.9,19,361,4,,,cbaa_gilbert_elliott_drop_0_50_rho_0_8,,coverage,02,,,,,,,,,,,,,,,,,failed,RuntimeError,Debug safety cap reached in trial 94. This usually means the allocator is stuck or returning no reachable goals.
94,CBAA,gilbert_elliot,pGG_0.9_pBB_0.9,19,361,4,,,cbaa_gilbert_elliott_drop_0_50_rho_0_8,,coverage,03,,,,,,,,,,,,,,,,,failed,RuntimeError,Debug safety cap reached in trial 94. This usually means the allocator is stuck or returning no reachable goals.
95,CBAA,gilbert_elliot,pGG_0.9_pBB_0.9,19,361,4,,,cbaa_gilbert_elliott_drop_0_50_rho_0_8,,coverage,00,,,,,,,,,,,,,,,,,failed,RuntimeError,Debug safety cap reached in trial 95. This usually means the allocator is stuck or returning no reachable goals.
95,CBAA,gilbert_elliot,pGG_0.9_pBB_0.9,19,361,4,,,cbaa_gilbert_elliott_drop_0_50_rho_0_8,,coverage,01,,,,,,,,,,,,,,,,,failed,RuntimeError,Debug safety cap reached in trial 95. This usually means the allocator is stuck or returning no reachable goals.
95,CBAA,gilbert_elliot,pGG_0.9_pBB_0.9,19,361,4,,,cbaa_gilbert_elliott_drop_0_50_rho_0_8,,coverage,02,,,,,,,,,,,,,,,,,failed,RuntimeError,Debug safety cap reached in trial 95. This usually means the allocator is stuck or returning no reachable goals.
95,CBAA,gilbert_elliot,pGG_0.9_pBB_0.9,19,361,4,,,cbaa_gilbert_elliott_drop_0_50_rho_0_8,,coverage,03,,,,,,,,,,,,,,,,,failed,RuntimeError,Debug safety cap reached in trial 95. This usually means the allocator is stuck or returning no reachable goals.
96,CBAA,gilbert_elliot,pGG_0.9_pBB_0.9,19,361,4,,,cbaa_gilbert_elliott_drop_0_50_rho_0_8,,coverage,00,16,0,10,7,0,0,0,296,17,279,33,263,0,cbaa_entry:263;collision_intent:17;state:16,1163,809,completed,,
96,CBAA,gilbert_elliot,pGG_0.9_pBB_0.9,19,361,4,,,cbaa_gilbert_elliott_drop_0_50_rho_0_8,,coverage,01,9,0,10,0,0,0,0,302,11,291,20,282,0,cbaa_entry:282;collision_intent:11;state:9,1310,656,completed,,
96,CBAA,gilbert_elliot,pGG_0.9_pBB_0.9,19,361,4,,,cbaa_gilbert_elliott_drop_0_50_rho_0_8,,coverage,02,344,0,333,12,0,0,0,1399,344,1055,688,711,0,cbaa_entry:711;collision_intent:344;state:344,477,392,completed,,
96,CBAA,gilbert_elliot,pGG_0.9_pBB_0.9,19,361,4,,,cbaa_gilbert_elliott_drop_0_50_rho_0_8,,coverage,03,10,0,8,3,0,0,0,271,11,260,21,250,0,cbaa_entry:250;collision_intent:11;state:10,1189,806,completed,,
97,CBAA,gilbert_elliot,pGG_0.9_pBB_0.9,19,361,4,,,cbaa_gilbert_elliott_drop_0_50_rho_0_8,,coverage,00,2,0,3,0,0,0,0,248,4,244,6,242,0,cbaa_entry:242;collision_intent:4;state:2,1177,771,completed,,
97,CBAA,gilbert_elliot,pGG_0.9_pBB_0.9,19,361,4,,,cbaa_gilbert_elliott_drop_0_50_rho_0_8,,coverage,01,3,0,4,0,0,0,0,243,4,239,7,236,0,cbaa_entry:236;collision_intent:4;state:3,1083,870,completed,,
97,CBAA,gilbert_elliot,pGG_0.9_pBB_0.9,19,361,4,,,cbaa_gilbert_elliott_drop_0_50_rho_0_8,,coverage,02,11,0,11,1,0,0,0,288,12,276,23,265,0,cbaa_entry:265;collision_intent:12;state:11,1180,729,completed,,
97,CBAA,gilbert_elliot,pGG_0.9_pBB_0.9,19,361,4,,,cbaa_gilbert_elliott_drop_0_50_rho_0_8,,coverage,03,352,0,343,10,0,0,0,1419,352,1067,704,715,0,cbaa_entry:715;collision_intent:352;state:352,514,265,completed,,
98,CBAA,gilbert_elliot,pGG_0.9_pBB_0.9,19,361,4,,,cbaa_gilbert_elliott_drop_0_50_rho_0_8,,coverage,00,123,0,74,50,0,0,0,741,130,611,253,488,0,cbaa_entry:488;collision_intent:130;state:123,1375,1046,completed,,
98,CBAA,gilbert_elliot,pGG_0.9_pBB_0.9,19,361,4,,,cbaa_gilbert_elliott_drop_0_50_rho_0_8,,coverage,01,253,0,171,83,0,0,0,1198,261,937,514,684,0,cbaa_entry:684;collision_intent:261;state:253,1190,774,completed,,
98,CBAA,gilbert_elliot,pGG_0.9_pBB_0.9,19,361,4,,,cbaa_gilbert_elliott_drop_0_50_rho_0_8,,coverage,02,85,0,61,25,0,0,0,597,90,507,175,422,0,cbaa_entry:422;collision_intent:90;state:85,1560,1005,completed,,
98,CBAA,gilbert_elliot,pGG_0.9_pBB_0.9,19,361,4,,,cbaa_gilbert_elliott_drop_0_50_rho_0_8,,coverage,03,92,0,55,38,0,0,0,626,93,533,185,441,0,cbaa_entry:441;collision_intent:93;state:92,1585,951,completed,,
99,CBAA,gilbert_elliot,pGG_0.9_pBB_0.9,19,361,4,,,cbaa_gilbert_elliott_drop_0_50_rho_0_8,,coverage,00,9,0,8,2,0,0,0,281,12,269,21,260,0,cbaa_entry:260;collision_intent:12;state:9,1174,801,completed,,
99,CBAA,gilbert_elliot,pGG_0.9_pBB_0.9,19,361,4,,,cbaa_gilbert_elliott_drop_0_50_rho_0_8,,coverage,01,10,0,9,2,0,0,0,261,12,249,22,239,0,cbaa_entry:239;collision_intent:12;state:10,1168,828,completed,,
99,CBAA,gilbert_elliot,pGG_0.9_pBB_0.9,19,361,4,,,cbaa_gilbert_elliott_drop_0_50_rho_0_8,,coverage,02,16,0,9,8,0,0,0,293,17,276,33,260,0,cbaa_entry:260;collision_intent:17;state:16,1152,810,completed,,
99,CBAA,gilbert_elliot,pGG_0.9_pBB_0.9,19,361,4,,,cbaa_gilbert_elliott_drop_0_50_rho_0_8,,coverage,03,352,0,335,18,0,0,0,1422,352,1070,704,718,0,cbaa_entry:718;collision_intent:352;state:352,508,327,completed,,
