trial_id,trial_mode,algorithm,comm_model,comm_level,grid_size,grid_cells,robot_count,target_count,condition_id,scenario_file,target_index,target_x,target_y,first_completion_time_s,first_completion_sim_time_s,first_found_by_robot,first_finder_robot_id,total_visits,duplicate_visits,completed,trial_status
0,known_visit,HIPC,ideal,1.0,19,361,4,5,targets_5_hipc_h12_ideal,objective_tuning_target_load_pilot_25\scenarios\known_visit_g19_t5_n25.csv,1,10,12,19.7005297822506,19.7005297822506,02,02,1,0,True,completed
0,known_visit,HIPC,ideal,1.0,19,361,4,5,targets_5_hipc_h12_ideal,objective_tuning_target_load_pilot_25\scenarios\known_visit_g19_t5_n25.csv,2,15,17,36.895605549593625,36.895605549593625,02,02,1,0,True,completed
0,known_visit,HIPC,ideal,1.0,19,361,4,5,targets_5_hipc_h12_ideal,objective_tuning_target_load_pilot_25\scenarios\known_visit_g19_t5_n25.csv,3,16,5,69.9564126115898,69.9564126115898,02,02,1,0,True,completed
0,known_visit,HIPC,ideal,1.0,19,361,4,5,targets_5_hipc_h12_ideal,objective_tuning_target_load_pilot_25\scenarios\known_visit_g19_t5_n25.csv,4,18,18,43.90946546741802,43.90946546741802,02,02,1,0,True,completed
0,known_visit,HIPC,ideal,1.0,19,361,4,5,targets_5_hipc_h12_ideal,objective_tuning_target_load_pilot_25\scenarios\known_visit_g19_t5_n25.csv,5,2,11,3.843744620462385,3.843744620462385,02,02,1,0,True,completed
1,known_visit,HIPC,ideal,1.0,19,361,4,5,targets_5_hipc_h12_ideal,objective_tuning_target_load_pilot_25\scenarios\known_visit_g19_t5_n25.csv,1,6,10,12.769673645983508,12.769673645983508,02,02,1,0,True,completed
1,known_visit,HIPC,ideal,1.0,19,361,4,5,targets_5_hipc_h12_ideal,objective_tuning_target_load_pilot_25\scenarios\known_visit_g19_t5_n25.csv,2,3,16,7.764094508865381,7.764094508865381,03,03,1,0,True,completed
1,known_visit,HIPC,ideal,1.0,19,361,4,5,targets_5_hipc_h12_ideal,objective_tuning_target_load_pilot_25\scenarios\known_visit_g19_t5_n25.csv,3,7,16,14.95664665885612,14.95664665885612,03,03,1,0,True,completed
1,known_visit,HIPC,ideal,1.0,19,361,4,5,targets_5_hipc_h12_ideal,objective_tuning_target_load_pilot_25\scenarios\known_visit_g19_t5_n25.csv,4,10,1,17.328288789007004,17.328288789007004,00,00,1,0,True,completed
1,known_visit,HIPC,ideal,1.0,19,361,4,5,targets_5_hipc_h12_ideal,objective_tuning_target_load_pilot_25\scenarios\known_visit_g19_t5_n25.csv,5,0,8,2.191875423621911,2.191875423621911,01,01,1,0,True,completed
2,known_visit,HIPC,ideal,1.0,19,361,4,5,targets_5_hipc_h12_ideal,objective_tuning_target_load_pilot_25\scenarios\known_visit_g19_t5_n25.csv,1,11,5,32.505097707122104,32.505097707122104,01,01,1,0,True,completed
2,known_visit,HIPC,ideal,1.0,19,361,4,5,targets_5_hipc_h12_ideal,objective_tuning_target_load_pilot_25\scenarios\known_visit_g19_t5_n25.csv,2,9,8,23.213880243970042,23.213880243970042,01,01,1,0,True,completed
2,known_visit,HIPC,ideal,1.0,19,361,4,5,targets_5_hipc_h12_ideal,objective_tuning_target_load_pilot_25\scenarios\known_visit_g19_t5_n25.csv,3,7,14,13.991330552760507,13.991330552760507,02,02,1,0,True,completed
2,known_visit,HIPC,ideal,1.0,19,361,4,5,targets_5_hipc_h12_ideal,objective_tuning_target_load_pilot_25\scenarios\known_visit_g19_t5_n25.csv,4,2,13,3.800808188075352,3.800808188075352,02,02,1,0,True,completed
2,known_visit,HIPC,ideal,1.0,19,361,4,5,targets_5_hipc_h12_ideal,objective_tuning_target_load_pilot_25\scenarios\known_visit_g19_t5_n25.csv,5,6,6,14.196057147385387,14.196057147385387,01,01,1,0,True,completed
3,known_visit,HIPC,ideal,1.0,19,361,4,5,targets_5_hipc_h12_ideal,objective_tuning_target_load_pilot_25\scenarios\known_visit_g19_t5_n25.csv,1,17,11,36.24958330762349,36.24958330762349,01,01,1,0,True,completed
3,known_visit,HIPC,ideal,1.0,19,361,4,5,targets_5_hipc_h12_ideal,objective_tuning_target_load_pilot_25\scenarios\known_visit_g19_t5_n25.csv,2,3,15,9.357483036270366,9.357483036270366,03,03,1,0,True,completed
3,known_visit,HIPC,ideal,1.0,19,361,4,5,targets_5_hipc_h12_ideal,objective_tuning_target_load_pilot_25\scenarios\known_visit_g19_t5_n25.csv,3,1,18,0.22142777643624778,0.22142777643624778,03,03,1,0,True,completed
3,known_visit,HIPC,ideal,1.0,19,361,4,5,targets_5_hipc_h12_ideal,objective_tuning_target_load_pilot_25\scenarios\known_visit_g19_t5_n25.csv,4,7,6,10.272605951726353,10.272605951726353,01,01,1,0,True,completed
3,known_visit,HIPC,ideal,1.0,19,361,4,5,targets_5_hipc_h12_ideal,objective_tuning_target_load_pilot_25\scenarios\known_visit_g19_t5_n25.csv,5,1,16,3.9640850231264095,3.9640850231264095,03,03,1,0,True,completed
4,known_visit,HIPC,ideal,1.0,19,361,4,5,targets_5_hipc_h12_ideal,objective_tuning_target_load_pilot_25\scenarios\known_visit_g19_t5_n25.csv,1,16,4,47.54749934197725,47.54749934197725,01,01,1,0,True,completed
4,known_visit,HIPC,ideal,1.0,19,361,4,5,targets_5_hipc_h12_ideal,objective_tuning_target_load_pilot_25\scenarios\known_visit_g19_t5_n25.csv,2,18,8,37.20525794373577,37.20525794373577,01,01,1,0,True,completed
4,known_visit,HIPC,ideal,1.0,19,361,4,5,targets_5_hipc_h12_ideal,objective_tuning_target_load_pilot_25\scenarios\known_visit_g19_t5_n25.csv,3,10,9,21.361777362365725,21.361777362365725,01,01,1,0,True,completed
4,known_visit,HIPC,ideal,1.0,19,361,4,5,targets_5_hipc_h12_ideal,objective_tuning_target_load_pilot_25\scenarios\known_visit_g19_t5_n25.csv,4,18,7,38.84561860344142,38.84561860344142,01,01,1,0,True,completed
4,known_visit,HIPC,ideal,1.0,19,361,4,5,targets_5_hipc_h12_ideal,objective_tuning_target_load_pilot_25\scenarios\known_visit_g19_t5_n25.csv,5,0,7,0.44857839199930805,0.44857839199930805,01,01,1,0,True,completed
5,known_visit,HIPC,ideal,1.0,19,361,4,5,targets_5_hipc_h12_ideal,objective_tuning_target_load_pilot_25\scenarios\known_visit_g19_t5_n25.csv,1,6,13,10.701613200188273,10.701613200188273,02,02,1,0,True,completed
5,known_visit,HIPC,ideal,1.0,19,361,4,5,targets_5_hipc_h12_ideal,objective_tuning_target_load_pilot_25\scenarios\known_visit_g19_t5_n25.csv,2,13,10,28.29642837811846,28.29642837811846,02,02,1,0,True,completed
5,known_visit,HIPC,ideal,1.0,19,361,4,5,targets_5_hipc_h12_ideal,objective_tuning_target_load_pilot_25\scenarios\known_visit_g19_t5_n25.csv,3,17,11,37.52449519188256,37.52449519188256,02,02,1,0,True,completed
5,known_visit,HIPC,ideal,1.0,19,361,4,5,targets_5_hipc_h12_ideal,objective_tuning_target_load_pilot_25\scenarios\known_visit_g19_t5_n25.csv,4,4,4,12.777842846849376,12.777842846849376,00,00,1,0,True,completed
5,known_visit,HIPC,ideal,1.0,19,361,4,5,targets_5_hipc_h12_ideal,objective_tuning_target_load_pilot_25\scenarios\known_visit_g19_t5_n25.csv,5,3,2,7.281232319743602,7.281232319743602,00,00,1,0,True,completed
6,known_visit,HIPC,ideal,1.0,19,361,4,5,targets_5_hipc_h12_ideal,objective_tuning_target_load_pilot_25\scenarios\known_visit_g19_t5_n25.csv,1,5,3,16.423677770134294,16.423677770134294,00,00,1,0,True,completed
6,known_visit,HIPC,ideal,1.0,19,361,4,5,targets_5_hipc_h12_ideal,objective_tuning_target_load_pilot_25\scenarios\known_visit_g19_t5_n25.csv,2,0,2,2.3190643583716244,2.3190643583716244,00,00,1,0,True,completed
6,known_visit,HIPC,ideal,1.0,19,361,4,5,targets_5_hipc_h12_ideal,objective_tuning_target_load_pilot_25\scenarios\known_visit_g19_t5_n25.csv,3,18,10,51.43105434146829,51.43105434146829,00,00,1,0,True,completed
6,known_visit,HIPC,ideal,1.0,19,361,4,5,targets_5_hipc_h12_ideal,objective_tuning_target_load_pilot_25\scenarios\known_visit_g19_t5_n25.csv,4,4,4,12.86312926244649,12.86312926244649,00,00,1,0,True,completed
6,known_visit,HIPC,ideal,1.0,19,361,4,5,targets_5_hipc_h12_ideal,objective_tuning_target_load_pilot_25\scenarios\known_visit_g19_t5_n25.csv,5,15,5,37.343176180627225,37.343176180627225,00,00,1,0,True,completed
7,known_visit,HIPC,ideal,1.0,19,361,4,5,targets_5_hipc_h12_ideal,objective_tuning_target_load_pilot_25\scenarios\known_visit_g19_t5_n25.csv,1,3,12,3.677879074529218,3.677879074529218,02,02,1,0,True,completed
7,known_visit,HIPC,ideal,1.0,19,361,4,5,targets_5_hipc_h12_ideal,objective_tuning_target_load_pilot_25\scenarios\known_visit_g19_t5_n25.csv,2,12,6,29.515680939977155,29.515680939977155,02,02,1,0,True,completed
7,known_visit,HIPC,ideal,1.0,19,361,4,5,targets_5_hipc_h12_ideal,objective_tuning_target_load_pilot_25\scenarios\known_visit_g19_t5_n25.csv,3,11,9,22.411358660606965,22.411358660606965,02,02,1,0,True,completed
7,known_visit,HIPC,ideal,1.0,19,361,4,5,targets_5_hipc_h12_ideal,objective_tuning_target_load_pilot_25\scenarios\known_visit_g19_t5_n25.csv,4,18,10,47.29075764405033,47.29075764405033,02,02,1,0,True,completed
7,known_visit,HIPC,ideal,1.0,19,361,4,5,targets_5_hipc_h12_ideal,objective_tuning_target_load_pilot_25\scenarios\known_visit_g19_t5_n25.csv,5,18,11,49.0785953262989,49.0785953262989,02,02,1,0,True,completed
8,known_visit,HIPC,ideal,1.0,19,361,4,5,targets_5_hipc_h12_ideal,objective_tuning_target_load_pilot_25\scenarios\known_visit_g19_t5_n25.csv,1,1,9,5.296662147190901,5.296662147190901,02,02,1,0,True,completed
8,known_visit,HIPC,ideal,1.0,19,361,4,5,targets_5_hipc_h12_ideal,objective_tuning_target_load_pilot_25\scenarios\known_visit_g19_t5_n25.csv,2,5,12,17.685422329508842,17.685422329508842,02,02,1,0,True,completed
8,known_visit,HIPC,ideal,1.0,19,361,4,5,targets_5_hipc_h12_ideal,objective_tuning_target_load_pilot_25\scenarios\known_visit_g19_t5_n25.csv,3,12,11,31.761707295846506,31.761707295846506,02,02,1,0,True,completed
8,known_visit,HIPC,ideal,1.0,19,361,4,5,targets_5_hipc_h12_ideal,objective_tuning_target_load_pilot_25\scenarios\known_visit_g19_t5_n25.csv,4,12,3,45.543235985164166,45.543235985164166,02,02,1,0,True,completed
8,known_visit,HIPC,ideal,1.0,19,361,4,5,targets_5_hipc_h12_ideal,objective_tuning_target_load_pilot_25\scenarios\known_visit_g19_t5_n25.csv,5,8,6,58.19486109130016,58.19486109130016,02,02,1,0,True,completed
9,known_visit,HIPC,ideal,1.0,19,361,4,5,targets_5_hipc_h12_ideal,objective_tuning_target_load_pilot_25\scenarios\known_visit_g19_t5_n25.csv,1,11,11,29.945028417337824,29.945028417337824,03,03,1,0,True,completed
9,known_visit,HIPC,ideal,1.0,19,361,4,5,targets_5_hipc_h12_ideal,objective_tuning_target_load_pilot_25\scenarios\known_visit_g19_t5_n25.csv,2,5,17,8.896959077969733,8.896959077969733,03,03,1,0,True,completed
9,known_visit,HIPC,ideal,1.0,19,361,4,5,targets_5_hipc_h12_ideal,objective_tuning_target_load_pilot_25\scenarios\known_visit_g19_t5_n25.csv,3,9,14,21.19346534013675,21.19346534013675,03,03,1,0,True,completed
9,known_visit,HIPC,ideal,1.0,19,361,4,5,targets_5_hipc_h12_ideal,objective_tuning_target_load_pilot_25\scenarios\known_visit_g19_t5_n25.csv,4,0,2,2.172262991771379,2.172262991771379,00,00,1,0,True,completed
9,known_visit,HIPC,ideal,1.0,19,361,4,5,targets_5_hipc_h12_ideal,objective_tuning_target_load_pilot_25\scenarios\known_visit_g19_t5_n25.csv,5,15,0,55.59394587458393,55.59394587458393,03,03,1,0,True,completed
10,known_visit,HIPC,ideal,1.0,19,361,4,5,targets_5_hipc_h12_ideal,objective_tuning_target_load_pilot_25\scenarios\known_visit_g19_t5_n25.csv,1,4,6,5.252681028322126,5.252681028322126,01,01,1,0,True,completed
10,known_visit,HIPC,ideal,1.0,19,361,4,5,targets_5_hipc_h12_ideal,objective_tuning_target_load_pilot_25\scenarios\known_visit_g19_t5_n25.csv,2,17,7,50.916512256910764,50.916512256910764,01,01,1,0,True,completed
10,known_visit,HIPC,ideal,1.0,19,361,4,5,targets_5_hipc_h12_ideal,objective_tuning_target_load_pilot_25\scenarios\known_visit_g19_t5_n25.csv,3,6,4,12.293796737270327,12.293796737270327,01,01,1,0,True,completed
10,known_visit,HIPC,ideal,1.0,19,361,4,5,targets_5_hipc_h12_ideal,objective_tuning_target_load_pilot_25\scenarios\known_visit_g19_t5_n25.csv,4,2,9,7.194171928330049,7.194171928330049,02,02,1,0,True,completed
10,known_visit,HIPC,ideal,1.0,19,361,4,5,targets_5_hipc_h12_ideal,objective_tuning_target_load_pilot_25\scenarios\known_visit_g19_t5_n25.csv,5,5,2,17.63308937581328,17.63308937581328,01,01,1,0,True,completed
11,known_visit,HIPC,ideal,1.0,19,361,4,5,targets_5_hipc_h12_ideal,objective_tuning_target_load_pilot_25\scenarios\known_visit_g19_t5_n25.csv,1,2,12,1.8534752000592238,1.8534752000592238,02,02,1,0,True,completed
11,known_visit,HIPC,ideal,1.0,19,361,4,5,targets_5_hipc_h12_ideal,objective_tuning_target_load_pilot_25\scenarios\known_visit_g19_t5_n25.csv,2,0,8,2.176872296582887,2.176872296582887,01,01,1,0,True,completed
11,known_visit,HIPC,ideal,1.0,19,361,4,5,targets_5_hipc_h12_ideal,objective_tuning_target_load_pilot_25\scenarios\known_visit_g19_t5_n25.csv,3,5,10,10.525098685909754,10.525098685909754,02,02,1,0,True,completed
11,known_visit,HIPC,ideal,1.0,19,361,4,5,targets_5_hipc_h12_ideal,objective_tuning_target_load_pilot_25\scenarios\known_visit_g19_t5_n25.csv,4,2,1,3.7651183942689532,3.7651183942689532,00,00,1,0,True,completed
11,known_visit,HIPC,ideal,1.0,19,361,4,5,targets_5_hipc_h12_ideal,objective_tuning_target_load_pilot_25\scenarios\known_visit_g19_t5_n25.csv,5,18,8,36.396039790430564,36.396039790430564,02,02,1,0,True,completed
12,known_visit,HIPC,ideal,1.0,19,361,4,5,targets_5_hipc_h12_ideal,objective_tuning_target_load_pilot_25\scenarios\known_visit_g19_t5_n25.csv,1,16,3,32.53382830193953,32.53382830193953,00,00,1,0,True,completed
12,known_visit,HIPC,ideal,1.0,19,361,4,5,targets_5_hipc_h12_ideal,objective_tuning_target_load_pilot_25\scenarios\known_visit_g19_t5_n25.csv,2,2,14,5.56530781792369,5.56530781792369,02,02,1,0,True,completed
12,known_visit,HIPC,ideal,1.0,19,361,4,5,targets_5_hipc_h12_ideal,objective_tuning_target_load_pilot_25\scenarios\known_visit_g19_t5_n25.csv,3,18,11,49.46410302381865,49.46410302381865,00,00,1,0,True,completed
12,known_visit,HIPC,ideal,1.0,19,361,4,5,targets_5_hipc_h12_ideal,objective_tuning_target_load_pilot_25\scenarios\known_visit_g19_t5_n25.csv,4,0,2,2.2721390458375277,2.2721390458375277,00,00,1,0,True,completed
12,known_visit,HIPC,ideal,1.0,19,361,4,5,targets_5_hipc_h12_ideal,objective_tuning_target_load_pilot_25\scenarios\known_visit_g19_t5_n25.csv,5,3,2,7.848020773734545,7.848020773734545,00,00,1,0,True,completed
13,known_visit,HIPC,ideal,1.0,19,361,4,5,targets_5_hipc_h12_ideal,objective_tuning_target_load_pilot_25\scenarios\known_visit_g19_t5_n25.csv,1,0,8,2.1457545601455537,2.1457545601455537,01,01,1,0,True,completed
13,known_visit,HIPC,ideal,1.0,19,361,4,5,targets_5_hipc_h12_ideal,objective_tuning_target_load_pilot_25\scenarios\known_visit_g19_t5_n25.csv,2,16,15,45.80679945719326,45.80679945719326,01,01,1,0,True,completed
13,known_visit,HIPC,ideal,1.0,19,361,4,5,targets_5_hipc_h12_ideal,objective_tuning_target_load_pilot_25\scenarios\known_visit_g19_t5_n25.csv,3,6,9,14.657511762859164,14.657511762859164,01,01,1,0,True,completed
13,known_visit,HIPC,ideal,1.0,19,361,4,5,targets_5_hipc_h12_ideal,objective_tuning_target_load_pilot_25\scenarios\known_visit_g19_t5_n25.csv,4,3,2,7.3149105812833355,7.3149105812833355,00,00,1,0,True,completed
13,known_visit,HIPC,ideal,1.0,19,361,4,5,targets_5_hipc_h12_ideal,objective_tuning_target_load_pilot_25\scenarios\known_visit_g19_t5_n25.csv,5,8,8,20.042913283087476,20.042913283087476,01,01,1,0,True,completed
14,known_visit,HIPC,ideal,1.0,19,361,4,5,targets_5_hipc_h12_ideal,objective_tuning_target_load_pilot_25\scenarios\known_visit_g19_t5_n25.csv,1,13,10,34.00972875165868,34.00972875165868,03,03,1,0,True,completed
14,known_visit,HIPC,ideal,1.0,19,361,4,5,targets_5_hipc_h12_ideal,objective_tuning_target_load_pilot_25\scenarios\known_visit_g19_t5_n25.csv,2,10,18,15.351798142853506,15.351798142853506,03,03,1,0,True,completed
14,known_visit,HIPC,ideal,1.0,19,361,4,5,targets_5_hipc_h12_ideal,objective_tuning_target_load_pilot_25\scenarios\known_visit_g19_t5_n25.csv,3,17,7,46.277479574356704,46.277479574356704,03,03,1,0,True,completed
14,known_visit,HIPC,ideal,1.0,19,361,4,5,targets_5_hipc_h12_ideal,objective_tuning_target_load_pilot_25\scenarios\known_visit_g19_t5_n25.csv,4,16,7,44.65360390086436,44.65360390086436,03,03,1,0,True,completed
14,known_visit,HIPC,ideal,1.0,19,361,4,5,targets_5_hipc_h12_ideal,objective_tuning_target_load_pilot_25\scenarios\known_visit_g19_t5_n25.csv,5,16,5,52.054116659530614,52.054116659530614,03,03,1,0,True,completed
15,known_visit,HIPC,ideal,1.0,19,361,4,5,targets_5_hipc_h12_ideal,objective_tuning_target_load_pilot_25\scenarios\known_visit_g19_t5_n25.csv,1,6,10,15.478510873106186,15.478510873106186,01,01,1,0,True,completed
15,known_visit,HIPC,ideal,1.0,19,361,4,5,targets_5_hipc_h12_ideal,objective_tuning_target_load_pilot_25\scenarios\known_visit_g19_t5_n25.csv,2,15,0,62.156168867753394,62.156168867753394,03,03,1,0,True,completed
15,known_visit,HIPC,ideal,1.0,19,361,4,5,targets_5_hipc_h12_ideal,objective_tuning_target_load_pilot_25\scenarios\known_visit_g19_t5_n25.csv,3,6,6,8.571902954582677,8.571902954582677,01,01,1,0,True,completed
15,known_visit,HIPC,ideal,1.0,19,361,4,5,targets_5_hipc_h12_ideal,objective_tuning_target_load_pilot_25\scenarios\known_visit_g19_t5_n25.csv,4,16,9,44.85301170702383,44.85301170702383,03,03,1,0,True,completed
15,known_visit,HIPC,ideal,1.0,19,361,4,5,targets_5_hipc_h12_ideal,objective_tuning_target_load_pilot_25\scenarios\known_visit_g19_t5_n25.csv,5,17,18,27.322816278624263,27.322816278624263,03,03,1,0,True,completed
16,known_visit,HIPC,ideal,1.0,19,361,4,5,targets_5_hipc_h12_ideal,objective_tuning_target_load_pilot_25\scenarios\known_visit_g19_t5_n25.csv,1,11,14,42.18492398231385,42.18492398231385,00,00,1,0,True,completed
16,known_visit,HIPC,ideal,1.0,19,361,4,5,targets_5_hipc_h12_ideal,objective_tuning_target_load_pilot_25\scenarios\known_visit_g19_t5_n25.csv,2,11,7,29.936511042071277,29.936511042071277,00,00,1,0,True,completed
16,known_visit,HIPC,ideal,1.0,19,361,4,5,targets_5_hipc_h12_ideal,objective_tuning_target_load_pilot_25\scenarios\known_visit_g19_t5_n25.csv,3,15,13,57.84824271744712,57.84824271744712,00,00,1,0,True,completed
16,known_visit,HIPC,ideal,1.0,19,361,4,5,targets_5_hipc_h12_ideal,objective_tuning_target_load_pilot_25\scenarios\known_visit_g19_t5_n25.csv,4,14,16,50.911535226527725,50.911535226527725,00,00,1,0,True,completed
16,known_visit,HIPC,ideal,1.0,19,361,4,5,targets_5_hipc_h12_ideal,objective_tuning_target_load_pilot_25\scenarios\known_visit_g19_t5_n25.csv,5,5,3,12.201900632759017,12.201900632759017,00,00,1,0,True,completed
17,known_visit,HIPC,ideal,1.0,19,361,4,5,targets_5_hipc_h12_ideal,objective_tuning_target_load_pilot_25\scenarios\known_visit_g19_t5_n25.csv,1,15,11,68.2399953829377,68.2399953829377,02,02,1,0,True,completed
17,known_visit,HIPC,ideal,1.0,19,361,4,5,targets_5_hipc_h12_ideal,objective_tuning_target_load_pilot_25\scenarios\known_visit_g19_t5_n25.csv,2,17,14,77.07263709713133,77.07263709713133,02,02,1,0,True,completed
17,known_visit,HIPC,ideal,1.0,19,361,4,5,targets_5_hipc_h12_ideal,objective_tuning_target_load_pilot_25\scenarios\known_visit_g19_t5_n25.csv,3,6,15,14.283405798259482,14.283405798259482,02,02,1,0,True,completed
17,known_visit,HIPC,ideal,1.0,19,361,4,5,targets_5_hipc_h12_ideal,objective_tuning_target_load_pilot_25\scenarios\known_visit_g19_t5_n25.csv,4,7,10,24.996517060071046,24.996517060071046,02,02,1,0,True,completed
17,known_visit,HIPC,ideal,1.0,19,361,4,5,targets_5_hipc_h12_ideal,objective_tuning_target_load_pilot_25\scenarios\known_visit_g19_t5_n25.csv,5,7,2,38.64635439945635,38.64635439945635,02,02,1,0,True,completed
18,known_visit,HIPC,ideal,1.0,19,361,4,5,targets_5_hipc_h12_ideal,objective_tuning_target_load_pilot_25\scenarios\known_visit_g19_t5_n25.csv,1,3,2,7.424126420762778,7.424126420762778,00,00,1,0,True,completed
18,known_visit,HIPC,ideal,1.0,19,361,4,5,targets_5_hipc_h12_ideal,objective_tuning_target_load_pilot_25\scenarios\known_visit_g19_t5_n25.csv,2,16,9,42.05367328217165,42.05367328217165,00,00,1,0,True,completed
18,known_visit,HIPC,ideal,1.0,19,361,4,5,targets_5_hipc_h12_ideal,objective_tuning_target_load_pilot_25\scenarios\known_visit_g19_t5_n25.csv,3,5,2,11.065887206923152,11.065887206923152,00,00,1,0,True,completed
18,known_visit,HIPC,ideal,1.0,19,361,4,5,targets_5_hipc_h12_ideal,objective_tuning_target_load_pilot_25\scenarios\known_visit_g19_t5_n25.csv,4,2,16,5.609938830210268,5.609938830210268,03,03,1,0,True,completed
18,known_visit,HIPC,ideal,1.0,19,361,4,5,targets_5_hipc_h12_ideal,objective_tuning_target_load_pilot_25\scenarios\known_visit_g19_t5_n25.csv,5,8,2,16.130572073111527,16.130572073111527,00,00,1,0,True,completed
19,known_visit,HIPC,ideal,1.0,19,361,4,5,targets_5_hipc_h12_ideal,objective_tuning_target_load_pilot_25\scenarios\known_visit_g19_t5_n25.csv,1,4,16,8.891834649527707,8.891834649527707,03,03,1,0,True,completed
19,known_visit,HIPC,ideal,1.0,19,361,4,5,targets_5_hipc_h12_ideal,objective_tuning_target_load_pilot_25\scenarios\known_visit_g19_t5_n25.csv,2,16,18,43.495886553138476,43.495886553138476,02,02,1,0,True,completed
19,known_visit,HIPC,ideal,1.0,19,361,4,5,targets_5_hipc_h12_ideal,objective_tuning_target_load_pilot_25\scenarios\known_visit_g19_t5_n25.csv,3,1,11,2.1966724333467935,2.1966724333467935,02,02,1,0,True,completed
19,known_visit,HIPC,ideal,1.0,19,361,4,5,targets_5_hipc_h12_ideal,objective_tuning_target_load_pilot_25\scenarios\known_visit_g19_t5_n25.csv,4,13,10,24.741988509934927,24.741988509934927,02,02,1,0,True,completed
19,known_visit,HIPC,ideal,1.0,19,361,4,5,targets_5_hipc_h12_ideal,objective_tuning_target_load_pilot_25\scenarios\known_visit_g19_t5_n25.csv,5,3,0,3.509636681086636,3.509636681086636,00,00,1,0,True,completed
20,known_visit,HIPC,ideal,1.0,19,361,4,5,targets_5_hipc_h12_ideal,objective_tuning_target_load_pilot_25\scenarios\known_visit_g19_t5_n25.csv,1,12,12,30.103301057146652,30.103301057146652,03,03,1,0,True,completed
20,known_visit,HIPC,ideal,1.0,19,361,4,5,targets_5_hipc_h12_ideal,objective_tuning_target_load_pilot_25\scenarios\known_visit_g19_t5_n25.csv,2,7,6,10.346376382173327,10.346376382173327,01,01,1,0,True,completed
20,known_visit,HIPC,ideal,1.0,19,361,4,5,targets_5_hipc_h12_ideal,objective_tuning_target_load_pilot_25\scenarios\known_visit_g19_t5_n25.csv,3,6,17,10.51945607368911,10.51945607368911,03,03,1,0,True,completed
20,known_visit,HIPC,ideal,1.0,19,361,4,5,targets_5_hipc_h12_ideal,objective_tuning_target_load_pilot_25\scenarios\known_visit_g19_t5_n25.csv,4,9,14,21.185218326051903,21.185218326051903,03,03,1,0,True,completed
20,known_visit,HIPC,ideal,1.0,19,361,4,5,targets_5_hipc_h12_ideal,objective_tuning_target_load_pilot_25\scenarios\known_visit_g19_t5_n25.csv,5,17,12,38.97973376641782,38.97973376641782,03,03,1,0,True,completed
21,known_visit,HIPC,ideal,1.0,19,361,4,5,targets_5_hipc_h12_ideal,objective_tuning_target_load_pilot_25\scenarios\known_visit_g19_t5_n25.csv,1,6,18,19.922292803557916,19.922292803557916,02,02,1,0,True,completed
21,known_visit,HIPC,ideal,1.0,19,361,4,5,targets_5_hipc_h12_ideal,objective_tuning_target_load_pilot_25\scenarios\known_visit_g19_t5_n25.csv,2,8,12,33.744233393209996,33.744233393209996,02,02,1,0,True,completed
21,known_visit,HIPC,ideal,1.0,19,361,4,5,targets_5_hipc_h12_ideal,objective_tuning_target_load_pilot_25\scenarios\known_visit_g19_t5_n25.csv,3,14,14,47.84381468853944,47.84381468853944,02,02,1,0,True,completed
21,known_visit,HIPC,ideal,1.0,19,361,4,5,targets_5_hipc_h12_ideal,objective_tuning_target_load_pilot_25\scenarios\known_visit_g19_t5_n25.csv,4,3,16,7.2387754698469795,7.2387754698469795,03,03,1,0,True,completed
21,known_visit,HIPC,ideal,1.0,19,361,4,5,targets_5_hipc_h12_ideal,objective_tuning_target_load_pilot_25\scenarios\known_visit_g19_t5_n25.csv,5,5,14,11.146198850691942,11.146198850691942,02,02,1,0,True,completed
22,known_visit,HIPC,ideal,1.0,19,361,4,5,targets_5_hipc_h12_ideal,objective_tuning_target_load_pilot_25\scenarios\known_visit_g19_t5_n25.csv,1,18,8,44.01223914526647,44.01223914526647,02,02,1,0,True,completed
22,known_visit,HIPC,ideal,1.0,19,361,4,5,targets_5_hipc_h12_ideal,objective_tuning_target_load_pilot_25\scenarios\known_visit_g19_t5_n25.csv,2,17,6,49.54803817197448,49.54803817197448,02,02,1,0,True,completed
22,known_visit,HIPC,ideal,1.0,19,361,4,5,targets_5_hipc_h12_ideal,objective_tuning_target_load_pilot_25\scenarios\known_visit_g19_t5_n25.csv,3,18,13,63.717149943806554,63.717149943806554,02,02,1,0,True,completed
22,known_visit,HIPC,ideal,1.0,19,361,4,5,targets_5_hipc_h12_ideal,objective_tuning_target_load_pilot_25\scenarios\known_visit_g19_t5_n25.csv,4,13,10,31.729846247857523,31.729846247857523,02,02,1,0,True,completed
22,known_visit,HIPC,ideal,1.0,19,361,4,5,targets_5_hipc_h12_ideal,objective_tuning_target_load_pilot_25\scenarios\known_visit_g19_t5_n25.csv,5,4,14,8.780730216448235,8.780730216448235,02,02,1,0,True,completed
23,known_visit,HIPC,ideal,1.0,19,361,4,5,targets_5_hipc_h12_ideal,objective_tuning_target_load_pilot_25\scenarios\known_visit_g19_t5_n25.csv,1,2,16,5.451009306648104,5.451009306648104,03,03,1,0,True,completed
23,known_visit,HIPC,ideal,1.0,19,361,4,5,targets_5_hipc_h12_ideal,objective_tuning_target_load_pilot_25\scenarios\known_visit_g19_t5_n25.csv,2,12,8,33.01161044102235,33.01161044102235,00,00,1,0,True,completed
23,known_visit,HIPC,ideal,1.0,19,361,4,5,targets_5_hipc_h12_ideal,objective_tuning_target_load_pilot_25\scenarios\known_visit_g19_t5_n25.csv,3,8,3,17.092050233984544,17.092050233984544,00,00,1,0,True,completed
23,known_visit,HIPC,ideal,1.0,19,361,4,5,targets_5_hipc_h12_ideal,objective_tuning_target_load_pilot_25\scenarios\known_visit_g19_t5_n25.csv,4,8,0,11.750607590664902,11.750607590664902,00,00,1,0,True,completed
23,known_visit,HIPC,ideal,1.0,19,361,4,5,targets_5_hipc_h12_ideal,objective_tuning_target_load_pilot_25\scenarios\known_visit_g19_t5_n25.csv,5,11,15,47.32852549025127,47.32852549025127,00,00,1,0,True,completed
24,known_visit,HIPC,ideal,1.0,19,361,4,5,targets_5_hipc_h12_ideal,objective_tuning_target_load_pilot_25\scenarios\known_visit_g19_t5_n25.csv,1,14,12,36.90226670551271,36.90226670551271,03,03,1,0,True,completed
24,known_visit,HIPC,ideal,1.0,19,361,4,5,targets_5_hipc_h12_ideal,objective_tuning_target_load_pilot_25\scenarios\known_visit_g19_t5_n25.csv,2,7,11,22.90109256825688,22.90109256825688,03,03,1,0,True,completed
24,known_visit,HIPC,ideal,1.0,19,361,4,5,targets_5_hipc_h12_ideal,objective_tuning_target_load_pilot_25\scenarios\known_visit_g19_t5_n25.csv,3,12,1,20.73780653637718,20.73780653637718,00,00,1,0,True,completed
24,known_visit,HIPC,ideal,1.0,19,361,4,5,targets_5_hipc_h12_ideal,objective_tuning_target_load_pilot_25\scenarios\known_visit_g19_t5_n25.csv,4,6,17,10.685205708652298,10.685205708652298,03,03,1,0,True,completed
24,known_visit,HIPC,ideal,1.0,19,361,4,5,targets_5_hipc_h12_ideal,objective_tuning_target_load_pilot_25\scenarios\known_visit_g19_t5_n25.csv,5,17,12,42.419052965527186,42.419052965527186,03,03,1,0,True,completed
