target_count,algorithm,selection_metric,candidate_set,candidate_horizons,horizon,eligible,mean_response,standard_error,selected_horizon,selected,paired_trial_n,normalization,analysis_scope
5,ACBBA,max_robot_steps,all_horizons,1;2;3;5;8;12,1,1,20.5,0.620483682299543,1,1,25,equal-weight ideal/Bernoulli mean within each paired trial,pilot/exploratory; selected on the same 25 paired scenarios summarized here
5,ACBBA,max_robot_steps,all_horizons,1;2;3;5;8;12,2,1,22.48,0.843346508460984,1,0,25,equal-weight ideal/Bernoulli mean within each paired trial,pilot/exploratory; selected on the same 25 paired scenarios summarized here
5,ACBBA,max_robot_steps,all_horizons,1;2;3;5;8;12,3,1,23.76,0.908350152749478,1,0,25,equal-weight ideal/Bernoulli mean within each paired trial,pilot/exploratory; selected on the same 25 paired scenarios summarized here
5,ACBBA,max_robot_steps,all_horizons,1;2;3;5;8;12,5,1,23.96,0.807217442824423,1,0,25,equal-weight ideal/Bernoulli mean within each paired trial,pilot/exploratory; selected on the same 25 paired scenarios summarized here
5,ACBBA,max_robot_steps,all_horizons,1;2;3;5;8;12,8,1,23.96,0.807217442824423,1,0,25,equal-weight ideal/Bernoulli mean within each paired trial,pilot/exploratory; selected on the same 25 paired scenarios summarized here
5,ACBBA,max_robot_steps,all_horizons,1;2;3;5;8;12,12,1,23.96,0.807217442824423,1,0,25,equal-weight ideal/Bernoulli mean within each paired trial,pilot/exploratory; selected on the same 25 paired scenarios summarized here
5,ACBBA,max_robot_steps,exclude_horizon_1,2;3;5;8;12,1,0,20.5,0.620483682299543,2,0,25,equal-weight ideal/Bernoulli mean within each paired trial,pilot/exploratory; selected on the same 25 paired scenarios summarized here
5,ACBBA,max_robot_steps,exclude_horizon_1,2;3;5;8;12,2,1,22.48,0.843346508460984,2,1,25,equal-weight ideal/Bernoulli mean within each paired trial,pilot/exploratory; selected on the same 25 paired scenarios summarized here
5,ACBBA,max_robot_steps,exclude_horizon_1,2;3;5;8;12,3,1,23.76,0.908350152749478,2,0,25,equal-weight ideal/Bernoulli mean within each paired trial,pilot/exploratory; selected on the same 25 paired scenarios summarized here
5,ACBBA,max_robot_steps,exclude_horizon_1,2;3;5;8;12,5,1,23.96,0.807217442824423,2,0,25,equal-weight ideal/Bernoulli mean within each paired trial,pilot/exploratory; selected on the same 25 paired scenarios summarized here
5,ACBBA,max_robot_steps,exclude_horizon_1,2;3;5;8;12,8,1,23.96,0.807217442824423,2,0,25,equal-weight ideal/Bernoulli mean within each paired trial,pilot/exploratory; selected on the same 25 paired scenarios summarized here
5,ACBBA,max_robot_steps,exclude_horizon_1,2;3;5;8;12,12,1,23.96,0.807217442824423,2,0,25,equal-weight ideal/Bernoulli mean within each paired trial,pilot/exploratory; selected on the same 25 paired scenarios summarized here
5,ACBBA,total_team_steps,all_horizons,1;2;3;5;8;12,1,1,64.34,2.41880135604394,5,0,25,equal-weight ideal/Bernoulli mean within each paired trial,pilot/exploratory; selected on the same 25 paired scenarios summarized here
5,ACBBA,total_team_steps,all_horizons,1;2;3;5;8;12,2,1,57.18,2.54572844846683,5,0,25,equal-weight ideal/Bernoulli mean within each paired trial,pilot/exploratory; selected on the same 25 paired scenarios summarized here
5,ACBBA,total_team_steps,all_horizons,1;2;3;5;8;12,3,1,57.3,2.4271038983392,5,0,25,equal-weight ideal/Bernoulli mean within each paired trial,pilot/exploratory; selected on the same 25 paired scenarios summarized here
5,ACBBA,total_team_steps,all_horizons,1;2;3;5;8;12,5,1,55.28,2.23029893362601,5,1,25,equal-weight ideal/Bernoulli mean within each paired trial,pilot/exploratory; selected on the same 25 paired scenarios summarized here
5,ACBBA,total_team_steps,all_horizons,1;2;3;5;8;12,8,1,55.28,2.23029893362601,5,0,25,equal-weight ideal/Bernoulli mean within each paired trial,pilot/exploratory; selected on the same 25 paired scenarios summarized here
5,ACBBA,total_team_steps,all_horizons,1;2;3;5;8;12,12,1,55.28,2.23029893362601,5,0,25,equal-weight ideal/Bernoulli mean within each paired trial,pilot/exploratory; selected on the same 25 paired scenarios summarized here
5,ACBBA,total_team_steps,exclude_horizon_1,2;3;5;8;12,1,0,64.34,2.41880135604394,5,0,25,equal-weight ideal/Bernoulli mean within each paired trial,pilot/exploratory; selected on the same 25 paired scenarios summarized here
5,ACBBA,total_team_steps,exclude_horizon_1,2;3;5;8;12,2,1,57.18,2.54572844846683,5,0,25,equal-weight ideal/Bernoulli mean within each paired trial,pilot/exploratory; selected on the same 25 paired scenarios summarized here
5,ACBBA,total_team_steps,exclude_horizon_1,2;3;5;8;12,3,1,57.3,2.4271038983392,5,0,25,equal-weight ideal/Bernoulli mean within each paired trial,pilot/exploratory; selected on the same 25 paired scenarios summarized here
5,ACBBA,total_team_steps,exclude_horizon_1,2;3;5;8;12,5,1,55.28,2.23029893362601,5,1,25,equal-weight ideal/Bernoulli mean within each paired trial,pilot/exploratory; selected on the same 25 paired scenarios summarized here
5,ACBBA,total_team_steps,exclude_horizon_1,2;3;5;8;12,8,1,55.28,2.23029893362601,5,0,25,equal-weight ideal/Bernoulli mean within each paired trial,pilot/exploratory; selected on the same 25 paired scenarios summarized here
5,ACBBA,total_team_steps,exclude_horizon_1,2;3;5;8;12,12,1,55.28,2.23029893362601,5,0,25,equal-weight ideal/Bernoulli mean within each paired trial,pilot/exploratory; selected on the same 25 paired scenarios summarized here
5,DGA,max_robot_steps,all_horizons,1;2;3;5;8;12,1,1,18.12,0.501065531309695,1,1,25,equal-weight ideal/Bernoulli mean within each paired trial,pilot/exploratory; selected on the same 25 paired scenarios summarized here
5,DGA,max_robot_steps,all_horizons,1;2;3;5;8;12,2,1,18.34,0.505568986390581,1,0,25,equal-weight ideal/Bernoulli mean within each paired trial,pilot/exploratory; selected on the same 25 paired scenarios summarized here
5,DGA,max_robot_steps,all_horizons,1;2;3;5;8;12,3,1,18.28,0.530785581316348,1,0,25,equal-weight ideal/Bernoulli mean within each paired trial,pilot/exploratory; selected on the same 25 paired scenarios summarized here
5,DGA,max_robot_steps,all_horizons,1;2;3;5;8;12,5,1,18.34,0.548270006474912,1,0,25,equal-weight ideal/Bernoulli mean within each paired trial,pilot/exploratory; selected on the same 25 paired scenarios summarized here
5,DGA,max_robot_steps,all_horizons,1;2;3;5;8;12,8,1,18.34,0.548270006474912,1,0,25,equal-weight ideal/Bernoulli mean within each paired trial,pilot/exploratory; selected on the same 25 paired scenarios summarized here
5,DGA,max_robot_steps,all_horizons,1;2;3;5;8;12,12,1,18.34,0.548270006474912,1,0,25,equal-weight ideal/Bernoulli mean within each paired trial,pilot/exploratory; selected on the same 25 paired scenarios summarized here
5,DGA,max_robot_steps,exclude_horizon_1,2;3;5;8;12,1,0,18.12,0.501065531309695,3,0,25,equal-weight ideal/Bernoulli mean within each paired trial,pilot/exploratory; selected on the same 25 paired scenarios summarized here
5,DGA,max_robot_steps,exclude_horizon_1,2;3;5;8;12,2,1,18.34,0.505568986390581,3,0,25,equal-weight ideal/Bernoulli mean within each paired trial,pilot/exploratory; selected on the same 25 paired scenarios summarized here
5,DGA,max_robot_steps,exclude_horizon_1,2;3;5;8;12,3,1,18.28,0.530785581316348,3,1,25,equal-weight ideal/Bernoulli mean within each paired trial,pilot/exploratory; selected on the same 25 paired scenarios summarized here
5,DGA,max_robot_steps,exclude_horizon_1,2;3;5;8;12,5,1,18.34,0.548270006474912,3,0,25,equal-weight ideal/Bernoulli mean within each paired trial,pilot/exploratory; selected on the same 25 paired scenarios summarized here
5,DGA,max_robot_steps,exclude_horizon_1,2;3;5;8;12,8,1,18.34,0.548270006474912,3,0,25,equal-weight ideal/Bernoulli mean within each paired trial,pilot/exploratory; selected on the same 25 paired scenarios summarized here
5,DGA,max_robot_steps,exclude_horizon_1,2;3;5;8;12,12,1,18.34,0.548270006474912,3,0,25,equal-weight ideal/Bernoulli mean within each paired trial,pilot/exploratory; selected on the same 25 paired scenarios summarized here
5,DGA,total_team_steps,all_horizons,1;2;3;5;8;12,1,1,44.92,1.92303579443199,1,1,25,equal-weight ideal/Bernoulli mean within each paired trial,pilot/exploratory; selected on the same 25 paired scenarios summarized here
5,DGA,total_team_steps,all_horizons,1;2;3;5;8;12,2,1,45.54,2.22821303589521,1,0,25,equal-weight ideal/Bernoulli mean within each paired trial,pilot/exploratory; selected on the same 25 paired scenarios summarized here
5,DGA,total_team_steps,all_horizons,1;2;3;5;8;12,3,1,46.5,2.39043231794307,1,0,25,equal-weight ideal/Bernoulli mean within each paired trial,pilot/exploratory; selected on the same 25 paired scenarios summarized here
5,DGA,total_team_steps,all_horizons,1;2;3;5;8;12,5,1,45.76,2.30364204395272,1,0,25,equal-weight ideal/Bernoulli mean within each paired trial,pilot/exploratory; selected on the same 25 paired scenarios summarized here
5,DGA,total_team_steps,all_horizons,1;2;3;5;8;12,8,1,45.76,2.30364204395272,1,0,25,equal-weight ideal/Bernoulli mean within each paired trial,pilot/exploratory; selected on the same 25 paired scenarios summarized here
5,DGA,total_team_steps,all_horizons,1;2;3;5;8;12,12,1,45.76,2.30364204395272,1,0,25,equal-weight ideal/Bernoulli mean within each paired trial,pilot/exploratory; selected on the same 25 paired scenarios summarized here
5,DGA,total_team_steps,exclude_horizon_1,2;3;5;8;12,1,0,44.92,1.92303579443199,2,0,25,equal-weight ideal/Bernoulli mean within each paired trial,pilot/exploratory; selected on the same 25 paired scenarios summarized here
5,DGA,total_team_steps,exclude_horizon_1,2;3;5;8;12,2,1,45.54,2.22821303589521,2,1,25,equal-weight ideal/Bernoulli mean within each paired trial,pilot/exploratory; selected on the same 25 paired scenarios summarized here
5,DGA,total_team_steps,exclude_horizon_1,2;3;5;8;12,3,1,46.5,2.39043231794307,2,0,25,equal-weight ideal/Bernoulli mean within each paired trial,pilot/exploratory; selected on the same 25 paired scenarios summarized here
5,DGA,total_team_steps,exclude_horizon_1,2;3;5;8;12,5,1,45.76,2.30364204395272,2,0,25,equal-weight ideal/Bernoulli mean within each paired trial,pilot/exploratory; selected on the same 25 paired scenarios summarized here
5,DGA,total_team_steps,exclude_horizon_1,2;3;5;8;12,8,1,45.76,2.30364204395272,2,0,25,equal-weight ideal/Bernoulli mean within each paired trial,pilot/exploratory; selected on the same 25 paired scenarios summarized here
5,DGA,total_team_steps,exclude_horizon_1,2;3;5;8;12,12,1,45.76,2.30364204395272,2,0,25,equal-weight ideal/Bernoulli mean within each paired trial,pilot/exploratory; selected on the same 25 paired scenarios summarized here
5,DMCHBA,max_robot_steps,all_horizons,1;2;3;5;8;12,1,1,19.1,0.58949130612758,5,0,25,equal-weight ideal/Bernoulli mean within each paired trial,pilot/exploratory; selected on the same 25 paired scenarios summarized here
5,DMCHBA,max_robot_steps,all_horizons,1;2;3;5;8;12,2,1,19.12,0.55773350864608,5,0,25,equal-weight ideal/Bernoulli mean within each paired trial,pilot/exploratory; selected on the same 25 paired scenarios summarized here
5,DMCHBA,max_robot_steps,all_horizons,1;2;3;5;8;12,3,1,19.06,0.55024237083913,5,0,25,equal-weight ideal/Bernoulli mean within each paired trial,pilot/exploratory; selected on the same 25 paired scenarios summarized here
5,DMCHBA,max_robot_steps,all_horizons,1;2;3;5;8;12,5,1,19,0.544671154612273,5,1,25,equal-weight ideal/Bernoulli mean within each paired trial,pilot/exploratory; selected on the same 25 paired scenarios summarized here
5,DMCHBA,max_robot_steps,all_horizons,1;2;3;5;8;12,8,1,19,0.544671154612273,5,0,25,equal-weight ideal/Bernoulli mean within each paired trial,pilot/exploratory; selected on the same 25 paired scenarios summarized here
5,DMCHBA,max_robot_steps,all_horizons,1;2;3;5;8;12,12,1,19,0.544671154612273,5,0,25,equal-weight ideal/Bernoulli mean within each paired trial,pilot/exploratory; selected on the same 25 paired scenarios summarized here
5,DMCHBA,max_robot_steps,exclude_horizon_1,2;3;5;8;12,1,0,19.1,0.58949130612758,5,0,25,equal-weight ideal/Bernoulli mean within each paired trial,pilot/exploratory; selected on the same 25 paired scenarios summarized here
5,DMCHBA,max_robot_steps,exclude_horizon_1,2;3;5;8;12,2,1,19.12,0.55773350864608,5,0,25,equal-weight ideal/Bernoulli mean within each paired trial,pilot/exploratory; selected on the same 25 paired scenarios summarized here
5,DMCHBA,max_robot_steps,exclude_horizon_1,2;3;5;8;12,3,1,19.06,0.55024237083913,5,0,25,equal-weight ideal/Bernoulli mean within each paired trial,pilot/exploratory; selected on the same 25 paired scenarios summarized here
5,DMCHBA,max_robot_steps,exclude_horizon_1,2;3;5;8;12,5,1,19,0.544671154612273,5,1,25,equal-weight ideal/Bernoulli mean within each paired trial,pilot/exploratory; selected on the same 25 paired scenarios summarized here
5,DMCHBA,max_robot_steps,exclude_horizon_1,2;3;5;8;12,8,1,19,0.544671154612273,5,0,25,equal-weight ideal/Bernoulli mean within each paired trial,pilot/exploratory; selected on the same 25 paired scenarios summarized here
5,DMCHBA,max_robot_steps,exclude_horizon_1,2;3;5;8;12,12,1,19,0.544671154612273,5,0,25,equal-weight ideal/Bernoulli mean within each paired trial,pilot/exploratory; selected on the same 25 paired scenarios summarized here
5,DMCHBA,total_team_steps,all_horizons,1;2;3;5;8;12,1,1,59.42,2.47566152775374,1,1,25,equal-weight ideal/Bernoulli mean within each paired trial,pilot/exploratory; selected on the same 25 paired scenarios summarized here
5,DMCHBA,total_team_steps,all_horizons,1;2;3;5;8;12,2,1,59.86,2.49157246198728,1,0,25,equal-weight ideal/Bernoulli mean within each paired trial,pilot/exploratory; selected on the same 25 paired scenarios summarized here
5,DMCHBA,total_team_steps,all_horizons,1;2;3;5;8;12,3,1,59.52,2.42581257863559,1,0,25,equal-weight ideal/Bernoulli mean within each paired trial,pilot/exploratory; selected on the same 25 paired scenarios summarized here
5,DMCHBA,total_team_steps,all_horizons,1;2;3;5;8;12,5,1,59.7,2.43635656941535,1,0,25,equal-weight ideal/Bernoulli mean within each paired trial,pilot/exploratory; selected on the same 25 paired scenarios summarized here
5,DMCHBA,total_team_steps,all_horizons,1;2;3;5;8;12,8,1,59.7,2.43635656941535,1,0,25,equal-weight ideal/Bernoulli mean within each paired trial,pilot/exploratory; selected on the same 25 paired scenarios summarized here
5,DMCHBA,total_team_steps,all_horizons,1;2;3;5;8;12,12,1,59.7,2.43635656941535,1,0,25,equal-weight ideal/Bernoulli mean within each paired trial,pilot/exploratory; selected on the same 25 paired scenarios summarized here
5,DMCHBA,total_team_steps,exclude_horizon_1,2;3;5;8;12,1,0,59.42,2.47566152775374,3,0,25,equal-weight ideal/Bernoulli mean within each paired trial,pilot/exploratory; selected on the same 25 paired scenarios summarized here
5,DMCHBA,total_team_steps,exclude_horizon_1,2;3;5;8;12,2,1,59.86,2.49157246198728,3,0,25,equal-weight ideal/Bernoulli mean within each paired trial,pilot/exploratory; selected on the same 25 paired scenarios summarized here
5,DMCHBA,total_team_steps,exclude_horizon_1,2;3;5;8;12,3,1,59.52,2.42581257863559,3,1,25,equal-weight ideal/Bernoulli mean within each paired trial,pilot/exploratory; selected on the same 25 paired scenarios summarized here
5,DMCHBA,total_team_steps,exclude_horizon_1,2;3;5;8;12,5,1,59.7,2.43635656941535,3,0,25,equal-weight ideal/Bernoulli mean within each paired trial,pilot/exploratory; selected on the same 25 paired scenarios summarized here
5,DMCHBA,total_team_steps,exclude_horizon_1,2;3;5;8;12,8,1,59.7,2.43635656941535,3,0,25,equal-weight ideal/Bernoulli mean within each paired trial,pilot/exploratory; selected on the same 25 paired scenarios summarized here
5,DMCHBA,total_team_steps,exclude_horizon_1,2;3;5;8;12,12,1,59.7,2.43635656941535,3,0,25,equal-weight ideal/Bernoulli mean within each paired trial,pilot/exploratory; selected on the same 25 paired scenarios summarized here
5,HIPC,max_robot_steps,all_horizons,1;2;3;5;8;12,1,1,19.94,0.532541078227774,1,1,25,equal-weight ideal/Bernoulli mean within each paired trial,pilot/exploratory; selected on the same 25 paired scenarios summarized here
5,HIPC,max_robot_steps,all_horizons,1;2;3;5;8;12,2,1,22.5,0.646786930397742,1,0,25,equal-weight ideal/Bernoulli mean within each paired trial,pilot/exploratory; selected on the same 25 paired scenarios summarized here
5,HIPC,max_robot_steps,all_horizons,1;2;3;5;8;12,3,1,24.68,0.857748992032829,1,0,25,equal-weight ideal/Bernoulli mean within each paired trial,pilot/exploratory; selected on the same 25 paired scenarios summarized here
5,HIPC,max_robot_steps,all_horizons,1;2;3;5;8;12,5,1,28.24,1.28326406739481,1,0,25,equal-weight ideal/Bernoulli mean within each paired trial,pilot/exploratory; selected on the same 25 paired scenarios summarized here
5,HIPC,max_robot_steps,all_horizons,1;2;3;5;8;12,8,1,28.24,1.28326406739481,1,0,25,equal-weight ideal/Bernoulli mean within each paired trial,pilot/exploratory; selected on the same 25 paired scenarios summarized here
5,HIPC,max_robot_steps,all_horizons,1;2;3;5;8;12,12,1,28.24,1.28326406739481,1,0,25,equal-weight ideal/Bernoulli mean within each paired trial,pilot/exploratory; selected on the same 25 paired scenarios summarized here
5,HIPC,max_robot_steps,exclude_horizon_1,2;3;5;8;12,1,0,19.94,0.532541078227774,2,0,25,equal-weight ideal/Bernoulli mean within each paired trial,pilot/exploratory; selected on the same 25 paired scenarios summarized here
5,HIPC,max_robot_steps,exclude_horizon_1,2;3;5;8;12,2,1,22.5,0.646786930397742,2,1,25,equal-weight ideal/Bernoulli mean within each paired trial,pilot/exploratory; selected on the same 25 paired scenarios summarized here
5,HIPC,max_robot_steps,exclude_horizon_1,2;3;5;8;12,3,1,24.68,0.857748992032829,2,0,25,equal-weight ideal/Bernoulli mean within each paired trial,pilot/exploratory; selected on the same 25 paired scenarios summarized here
5,HIPC,max_robot_steps,exclude_horizon_1,2;3;5;8;12,5,1,28.24,1.28326406739481,2,0,25,equal-weight ideal/Bernoulli mean within each paired trial,pilot/exploratory; selected on the same 25 paired scenarios summarized here
5,HIPC,max_robot_steps,exclude_horizon_1,2;3;5;8;12,8,1,28.24,1.28326406739481,2,0,25,equal-weight ideal/Bernoulli mean within each paired trial,pilot/exploratory; selected on the same 25 paired scenarios summarized here
5,HIPC,max_robot_steps,exclude_horizon_1,2;3;5;8;12,12,1,28.24,1.28326406739481,2,0,25,equal-weight ideal/Bernoulli mean within each paired trial,pilot/exploratory; selected on the same 25 paired scenarios summarized here
5,HIPC,total_team_steps,all_horizons,1;2;3;5;8;12,1,1,55.16,2.60315833812185,5,0,25,equal-weight ideal/Bernoulli mean within each paired trial,pilot/exploratory; selected on the same 25 paired scenarios summarized here
5,HIPC,total_team_steps,all_horizons,1;2;3;5;8;12,2,1,43.94,1.64476948739532,5,0,25,equal-weight ideal/Bernoulli mean within each paired trial,pilot/exploratory; selected on the same 25 paired scenarios summarized here
5,HIPC,total_team_steps,all_horizons,1;2;3;5;8;12,3,1,39.52,1.57122033252289,5,0,25,equal-weight ideal/Bernoulli mean within each paired trial,pilot/exploratory; selected on the same 25 paired scenarios summarized here
5,HIPC,total_team_steps,all_horizons,1;2;3;5;8;12,5,1,35.74,1.42540052850652,5,1,25,equal-weight ideal/Bernoulli mean within each paired trial,pilot/exploratory; selected on the same 25 paired scenarios summarized here
5,HIPC,total_team_steps,all_horizons,1;2;3;5;8;12,8,1,35.74,1.42540052850652,5,0,25,equal-weight ideal/Bernoulli mean within each paired trial,pilot/exploratory; selected on the same 25 paired scenarios summarized here
5,HIPC,total_team_steps,all_horizons,1;2;3;5;8;12,12,1,35.74,1.42540052850652,5,0,25,equal-weight ideal/Bernoulli mean within each paired trial,pilot/exploratory; selected on the same 25 paired scenarios summarized here
5,HIPC,total_team_steps,exclude_horizon_1,2;3;5;8;12,1,0,55.16,2.60315833812185,5,0,25,equal-weight ideal/Bernoulli mean within each paired trial,pilot/exploratory; selected on the same 25 paired scenarios summarized here
5,HIPC,total_team_steps,exclude_horizon_1,2;3;5;8;12,2,1,43.94,1.64476948739532,5,0,25,equal-weight ideal/Bernoulli mean within each paired trial,pilot/exploratory; selected on the same 25 paired scenarios summarized here
5,HIPC,total_team_steps,exclude_horizon_1,2;3;5;8;12,3,1,39.52,1.57122033252289,5,0,25,equal-weight ideal/Bernoulli mean within each paired trial,pilot/exploratory; selected on the same 25 paired scenarios summarized here
5,HIPC,total_team_steps,exclude_horizon_1,2;3;5;8;12,5,1,35.74,1.42540052850652,5,1,25,equal-weight ideal/Bernoulli mean within each paired trial,pilot/exploratory; selected on the same 25 paired scenarios summarized here
5,HIPC,total_team_steps,exclude_horizon_1,2;3;5;8;12,8,1,35.74,1.42540052850652,5,0,25,equal-weight ideal/Bernoulli mean within each paired trial,pilot/exploratory; selected on the same 25 paired scenarios summarized here
5,HIPC,total_team_steps,exclude_horizon_1,2;3;5;8;12,12,1,35.74,1.42540052850652,5,0,25,equal-weight ideal/Bernoulli mean within each paired trial,pilot/exploratory; selected on the same 25 paired scenarios summarized here
5,PI,max_robot_steps,all_horizons,1;2;3;5;8;12,1,1,20.48,0.598943514309432,1,1,25,equal-weight ideal/Bernoulli mean within each paired trial,pilot/exploratory; selected on the same 25 paired scenarios summarized here
5,PI,max_robot_steps,all_horizons,1;2;3;5;8;12,2,1,22.9,0.83815273071201,1,0,25,equal-weight ideal/Bernoulli mean within each paired trial,pilot/exploratory; selected on the same 25 paired scenarios summarized here
5,PI,max_robot_steps,all_horizons,1;2;3;5;8;12,3,1,26.64,1.01263682203114,1,0,25,equal-weight ideal/Bernoulli mean within each paired trial,pilot/exploratory; selected on the same 25 paired scenarios summarized here
5,PI,max_robot_steps,all_horizons,1;2;3;5;8;12,5,1,32.82,2.22464978517219,1,0,25,equal-weight ideal/Bernoulli mean within each paired trial,pilot/exploratory; selected on the same 25 paired scenarios summarized here
5,PI,max_robot_steps,all_horizons,1;2;3;5;8;12,8,1,32.82,2.22464978517219,1,0,25,equal-weight ideal/Bernoulli mean within each paired trial,pilot/exploratory; selected on the same 25 paired scenarios summarized here
5,PI,max_robot_steps,all_horizons,1;2;3;5;8;12,12,1,32.82,2.22464978517219,1,0,25,equal-weight ideal/Bernoulli mean within each paired trial,pilot/exploratory; selected on the same 25 paired scenarios summarized here
5,PI,max_robot_steps,exclude_horizon_1,2;3;5;8;12,1,0,20.48,0.598943514309432,2,0,25,equal-weight ideal/Bernoulli mean within each paired trial,pilot/exploratory; selected on the same 25 paired scenarios summarized here
5,PI,max_robot_steps,exclude_horizon_1,2;3;5;8;12,2,1,22.9,0.83815273071201,2,1,25,equal-weight ideal/Bernoulli mean within each paired trial,pilot/exploratory; selected on the same 25 paired scenarios summarized here
5,PI,max_robot_steps,exclude_horizon_1,2;3;5;8;12,3,1,26.64,1.01263682203114,2,0,25,equal-weight ideal/Bernoulli mean within each paired trial,pilot/exploratory; selected on the same 25 paired scenarios summarized here
5,PI,max_robot_steps,exclude_horizon_1,2;3;5;8;12,5,1,32.82,2.22464978517219,2,0,25,equal-weight ideal/Bernoulli mean within each paired trial,pilot/exploratory; selected on the same 25 paired scenarios summarized here
5,PI,max_robot_steps,exclude_horizon_1,2;3;5;8;12,8,1,32.82,2.22464978517219,2,0,25,equal-weight ideal/Bernoulli mean within each paired trial,pilot/exploratory; selected on the same 25 paired scenarios summarized here
5,PI,max_robot_steps,exclude_horizon_1,2;3;5;8;12,12,1,32.82,2.22464978517219,2,0,25,equal-weight ideal/Bernoulli mean within each paired trial,pilot/exploratory; selected on the same 25 paired scenarios summarized here
5,PI,total_team_steps,all_horizons,1;2;3;5;8;12,1,1,66.2,2.52355569253649,3,0,25,equal-weight ideal/Bernoulli mean within each paired trial,pilot/exploratory; selected on the same 25 paired scenarios summarized here
5,PI,total_team_steps,all_horizons,1;2;3;5;8;12,2,1,56.12,1.82945347030199,3,0,25,equal-weight ideal/Bernoulli mean within each paired trial,pilot/exploratory; selected on the same 25 paired scenarios summarized here
5,PI,total_team_steps,all_horizons,1;2;3;5;8;12,3,1,53.88,2.21176400187723,3,1,25,equal-weight ideal/Bernoulli mean within each paired trial,pilot/exploratory; selected on the same 25 paired scenarios summarized here
5,PI,total_team_steps,all_horizons,1;2;3;5;8;12,5,1,55.46,2.67876215194008,3,0,25,equal-weight ideal/Bernoulli mean within each paired trial,pilot/exploratory; selected on the same 25 paired scenarios summarized here
5,PI,total_team_steps,all_horizons,1;2;3;5;8;12,8,1,55.46,2.67876215194008,3,0,25,equal-weight ideal/Bernoulli mean within each paired trial,pilot/exploratory; selected on the same 25 paired scenarios summarized here
5,PI,total_team_steps,all_horizons,1;2;3;5;8;12,12,1,55.46,2.67876215194008,3,0,25,equal-weight ideal/Bernoulli mean within each paired trial,pilot/exploratory; selected on the same 25 paired scenarios summarized here
5,PI,total_team_steps,exclude_horizon_1,2;3;5;8;12,1,0,66.2,2.52355569253649,3,0,25,equal-weight ideal/Bernoulli mean within each paired trial,pilot/exploratory; selected on the same 25 paired scenarios summarized here
5,PI,total_team_steps,exclude_horizon_1,2;3;5;8;12,2,1,56.12,1.82945347030199,3,0,25,equal-weight ideal/Bernoulli mean within each paired trial,pilot/exploratory; selected on the same 25 paired scenarios summarized here
5,PI,total_team_steps,exclude_horizon_1,2;3;5;8;12,3,1,53.88,2.21176400187723,3,1,25,equal-weight ideal/Bernoulli mean within each paired trial,pilot/exploratory; selected on the same 25 paired scenarios summarized here
5,PI,total_team_steps,exclude_horizon_1,2;3;5;8;12,5,1,55.46,2.67876215194008,3,0,25,equal-weight ideal/Bernoulli mean within each paired trial,pilot/exploratory; selected on the same 25 paired scenarios summarized here
5,PI,total_team_steps,exclude_horizon_1,2;3;5;8;12,8,1,55.46,2.67876215194008,3,0,25,equal-weight ideal/Bernoulli mean within each paired trial,pilot/exploratory; selected on the same 25 paired scenarios summarized here
5,PI,total_team_steps,exclude_horizon_1,2;3;5;8;12,12,1,55.46,2.67876215194008,3,0,25,equal-weight ideal/Bernoulli mean within each paired trial,pilot/exploratory; selected on the same 25 paired scenarios summarized here
10,ACBBA,max_robot_steps,all_horizons,1;2;3;5;8;12,1,1,24.44,0.533322916564939,1,1,25,equal-weight ideal/Bernoulli mean within each paired trial,pilot/exploratory; selected on the same 25 paired scenarios summarized here
10,ACBBA,max_robot_steps,all_horizons,1;2;3;5;8;12,2,1,25.78,0.679509627108648,1,0,25,equal-weight ideal/Bernoulli mean within each paired trial,pilot/exploratory; selected on the same 25 paired scenarios summarized here
10,ACBBA,max_robot_steps,all_horizons,1;2;3;5;8;12,3,1,25.78,0.822638032997097,1,0,25,equal-weight ideal/Bernoulli mean within each paired trial,pilot/exploratory; selected on the same 25 paired scenarios summarized here
10,ACBBA,max_robot_steps,all_horizons,1;2;3;5;8;12,5,1,28.76,0.878502513750909,1,0,25,equal-weight ideal/Bernoulli mean within each paired trial,pilot/exploratory; selected on the same 25 paired scenarios summarized here
10,ACBBA,max_robot_steps,all_horizons,1;2;3;5;8;12,8,1,29.74,1.32228337860435,1,0,25,equal-weight ideal/Bernoulli mean within each paired trial,pilot/exploratory; selected on the same 25 paired scenarios summarized here
10,ACBBA,max_robot_steps,all_horizons,1;2;3;5;8;12,12,1,31,1.21002754789578,1,0,25,equal-weight ideal/Bernoulli mean within each paired trial,pilot/exploratory; selected on the same 25 paired scenarios summarized here
10,ACBBA,max_robot_steps,exclude_horizon_1,2;3;5;8;12,1,0,24.44,0.533322916564939,2,0,25,equal-weight ideal/Bernoulli mean within each paired trial,pilot/exploratory; selected on the same 25 paired scenarios summarized here
10,ACBBA,max_robot_steps,exclude_horizon_1,2;3;5;8;12,2,1,25.78,0.679509627108648,2,1,25,equal-weight ideal/Bernoulli mean within each paired trial,pilot/exploratory; selected on the same 25 paired scenarios summarized here
10,ACBBA,max_robot_steps,exclude_horizon_1,2;3;5;8;12,3,1,25.78,0.822638032997097,2,0,25,equal-weight ideal/Bernoulli mean within each paired trial,pilot/exploratory; selected on the same 25 paired scenarios summarized here
10,ACBBA,max_robot_steps,exclude_horizon_1,2;3;5;8;12,5,1,28.76,0.878502513750909,2,0,25,equal-weight ideal/Bernoulli mean within each paired trial,pilot/exploratory; selected on the same 25 paired scenarios summarized here
10,ACBBA,max_robot_steps,exclude_horizon_1,2;3;5;8;12,8,1,29.74,1.32228337860435,2,0,25,equal-weight ideal/Bernoulli mean within each paired trial,pilot/exploratory; selected on the same 25 paired scenarios summarized here
10,ACBBA,max_robot_steps,exclude_horizon_1,2;3;5;8;12,12,1,31,1.21002754789578,2,0,25,equal-weight ideal/Bernoulli mean within each paired trial,pilot/exploratory; selected on the same 25 paired scenarios summarized here
10,ACBBA,total_team_steps,all_horizons,1;2;3;5;8;12,1,1,88.16,1.6380170939279,8,0,25,equal-weight ideal/Bernoulli mean within each paired trial,pilot/exploratory; selected on the same 25 paired scenarios summarized here
10,ACBBA,total_team_steps,all_horizons,1;2;3;5;8;12,2,1,84.52,1.99572042130154,8,0,25,equal-weight ideal/Bernoulli mean within each paired trial,pilot/exploratory; selected on the same 25 paired scenarios summarized here
10,ACBBA,total_team_steps,all_horizons,1;2;3;5;8;12,3,1,81.56,2.34064093786296,8,0,25,equal-weight ideal/Bernoulli mean within each paired trial,pilot/exploratory; selected on the same 25 paired scenarios summarized here
10,ACBBA,total_team_steps,all_horizons,1;2;3;5;8;12,5,1,83.26,2.39811036721276,8,0,25,equal-weight ideal/Bernoulli mean within each paired trial,pilot/exploratory; selected on the same 25 paired scenarios summarized here
10,ACBBA,total_team_steps,all_horizons,1;2;3;5;8;12,8,1,80.14,2.39418044432745,8,1,25,equal-weight ideal/Bernoulli mean within each paired trial,pilot/exploratory; selected on the same 25 paired scenarios summarized here
10,ACBBA,total_team_steps,all_horizons,1;2;3;5;8;12,12,1,84,2.45254969368614,8,0,25,equal-weight ideal/Bernoulli mean within each paired trial,pilot/exploratory; selected on the same 25 paired scenarios summarized here
10,ACBBA,total_team_steps,exclude_horizon_1,2;3;5;8;12,1,0,88.16,1.6380170939279,8,0,25,equal-weight ideal/Bernoulli mean within each paired trial,pilot/exploratory; selected on the same 25 paired scenarios summarized here
10,ACBBA,total_team_steps,exclude_horizon_1,2;3;5;8;12,2,1,84.52,1.99572042130154,8,0,25,equal-weight ideal/Bernoulli mean within each paired trial,pilot/exploratory; selected on the same 25 paired scenarios summarized here
10,ACBBA,total_team_steps,exclude_horizon_1,2;3;5;8;12,3,1,81.56,2.34064093786296,8,0,25,equal-weight ideal/Bernoulli mean within each paired trial,pilot/exploratory; selected on the same 25 paired scenarios summarized here
10,ACBBA,total_team_steps,exclude_horizon_1,2;3;5;8;12,5,1,83.26,2.39811036721276,8,0,25,equal-weight ideal/Bernoulli mean within each paired trial,pilot/exploratory; selected on the same 25 paired scenarios summarized here
10,ACBBA,total_team_steps,exclude_horizon_1,2;3;5;8;12,8,1,80.14,2.39418044432745,8,1,25,equal-weight ideal/Bernoulli mean within each paired trial,pilot/exploratory; selected on the same 25 paired scenarios summarized here
10,ACBBA,total_team_steps,exclude_horizon_1,2;3;5;8;12,12,1,84,2.45254969368614,8,0,25,equal-weight ideal/Bernoulli mean within each paired trial,pilot/exploratory; selected on the same 25 paired scenarios summarized here
10,DGA,max_robot_steps,all_horizons,1;2;3;5;8;12,1,1,22.22,0.707153920067383,3,0,25,equal-weight ideal/Bernoulli mean within each paired trial,pilot/exploratory; selected on the same 25 paired scenarios summarized here
10,DGA,max_robot_steps,all_horizons,1;2;3;5;8;12,2,1,22.42,0.524944441504686,3,0,25,equal-weight ideal/Bernoulli mean within each paired trial,pilot/exploratory; selected on the same 25 paired scenarios summarized here
10,DGA,max_robot_steps,all_horizons,1;2;3;5;8;12,3,1,21.72,0.464650406219558,3,1,25,equal-weight ideal/Bernoulli mean within each paired trial,pilot/exploratory; selected on the same 25 paired scenarios summarized here
10,DGA,max_robot_steps,all_horizons,1;2;3;5;8;12,5,1,22.88,0.715471872263334,3,0,25,equal-weight ideal/Bernoulli mean within each paired trial,pilot/exploratory; selected on the same 25 paired scenarios summarized here
10,DGA,max_robot_steps,all_horizons,1;2;3;5;8;12,8,1,22.56,0.589717446466243,3,0,25,equal-weight ideal/Bernoulli mean within each paired trial,pilot/exploratory; selected on the same 25 paired scenarios summarized here
10,DGA,max_robot_steps,all_horizons,1;2;3;5;8;12,12,1,23.2,0.657647321898295,3,0,25,equal-weight ideal/Bernoulli mean within each paired trial,pilot/exploratory; selected on the same 25 paired scenarios summarized here
10,DGA,max_robot_steps,exclude_horizon_1,2;3;5;8;12,1,0,22.22,0.707153920067383,3,0,25,equal-weight ideal/Bernoulli mean within each paired trial,pilot/exploratory; selected on the same 25 paired scenarios summarized here
10,DGA,max_robot_steps,exclude_horizon_1,2;3;5;8;12,2,1,22.42,0.524944441504686,3,0,25,equal-weight ideal/Bernoulli mean within each paired trial,pilot/exploratory; selected on the same 25 paired scenarios summarized here
10,DGA,max_robot_steps,exclude_horizon_1,2;3;5;8;12,3,1,21.72,0.464650406219558,3,1,25,equal-weight ideal/Bernoulli mean within each paired trial,pilot/exploratory; selected on the same 25 paired scenarios summarized here
10,DGA,max_robot_steps,exclude_horizon_1,2;3;5;8;12,5,1,22.88,0.715471872263334,3,0,25,equal-weight ideal/Bernoulli mean within each paired trial,pilot/exploratory; selected on the same 25 paired scenarios summarized here
10,DGA,max_robot_steps,exclude_horizon_1,2;3;5;8;12,8,1,22.56,0.589717446466243,3,0,25,equal-weight ideal/Bernoulli mean within each paired trial,pilot/exploratory; selected on the same 25 paired scenarios summarized here
10,DGA,max_robot_steps,exclude_horizon_1,2;3;5;8;12,12,1,23.2,0.657647321898295,3,0,25,equal-weight ideal/Bernoulli mean within each paired trial,pilot/exploratory; selected on the same 25 paired scenarios summarized here
10,DGA,total_team_steps,all_horizons,1;2;3;5;8;12,1,1,71.84,2.32051000141492,1,1,25,equal-weight ideal/Bernoulli mean within each paired trial,pilot/exploratory; selected on the same 25 paired scenarios summarized here
10,DGA,total_team_steps,all_horizons,1;2;3;5;8;12,2,1,72.96,1.99497702576579,1,0,25,equal-weight ideal/Bernoulli mean within each paired trial,pilot/exploratory; selected on the same 25 paired scenarios summarized here
10,DGA,total_team_steps,all_horizons,1;2;3;5;8;12,3,1,72.28,2.16565617461929,1,0,25,equal-weight ideal/Bernoulli mean within each paired trial,pilot/exploratory; selected on the same 25 paired scenarios summarized here
10,DGA,total_team_steps,all_horizons,1;2;3;5;8;12,5,1,75.68,3.00428582750266,1,0,25,equal-weight ideal/Bernoulli mean within each paired trial,pilot/exploratory; selected on the same 25 paired scenarios summarized here
10,DGA,total_team_steps,all_horizons,1;2;3;5;8;12,8,1,73.88,2.14520395300773,1,0,25,equal-weight ideal/Bernoulli mean within each paired trial,pilot/exploratory; selected on the same 25 paired scenarios summarized here
10,DGA,total_team_steps,all_horizons,1;2;3;5;8;12,12,1,75.44,2.29987680829503,1,0,25,equal-weight ideal/Bernoulli mean within each paired trial,pilot/exploratory; selected on the same 25 paired scenarios summarized here
10,DGA,total_team_steps,exclude_horizon_1,2;3;5;8;12,1,0,71.84,2.32051000141492,3,0,25,equal-weight ideal/Bernoulli mean within each paired trial,pilot/exploratory; selected on the same 25 paired scenarios summarized here
10,DGA,total_team_steps,exclude_horizon_1,2;3;5;8;12,2,1,72.96,1.99497702576579,3,0,25,equal-weight ideal/Bernoulli mean within each paired trial,pilot/exploratory; selected on the same 25 paired scenarios summarized here
10,DGA,total_team_steps,exclude_horizon_1,2;3;5;8;12,3,1,72.28,2.16565617461929,3,1,25,equal-weight ideal/Bernoulli mean within each paired trial,pilot/exploratory; selected on the same 25 paired scenarios summarized here
10,DGA,total_team_steps,exclude_horizon_1,2;3;5;8;12,5,1,75.68,3.00428582750266,3,0,25,equal-weight ideal/Bernoulli mean within each paired trial,pilot/exploratory; selected on the same 25 paired scenarios summarized here
10,DGA,total_team_steps,exclude_horizon_1,2;3;5;8;12,8,1,73.88,2.14520395300773,3,0,25,equal-weight ideal/Bernoulli mean within each paired trial,pilot/exploratory; selected on the same 25 paired scenarios summarized here
10,DGA,total_team_steps,exclude_horizon_1,2;3;5;8;12,12,1,75.44,2.29987680829503,3,0,25,equal-weight ideal/Bernoulli mean within each paired trial,pilot/exploratory; selected on the same 25 paired scenarios summarized here
10,DMCHBA,max_robot_steps,all_horizons,1;2;3;5;8;12,1,1,22.16,0.510489960724009,1,1,25,equal-weight ideal/Bernoulli mean within each paired trial,pilot/exploratory; selected on the same 25 paired scenarios summarized here
10,DMCHBA,max_robot_steps,all_horizons,1;2;3;5;8;12,2,1,22.74,0.578157994553969,1,0,25,equal-weight ideal/Bernoulli mean within each paired trial,pilot/exploratory; selected on the same 25 paired scenarios summarized here
10,DMCHBA,max_robot_steps,all_horizons,1;2;3;5;8;12,3,1,22.4,0.58022983951764,1,0,25,equal-weight ideal/Bernoulli mean within each paired trial,pilot/exploratory; selected on the same 25 paired scenarios summarized here
10,DMCHBA,max_robot_steps,all_horizons,1;2;3;5;8;12,5,1,22.32,0.585149553533112,1,0,25,equal-weight ideal/Bernoulli mean within each paired trial,pilot/exploratory; selected on the same 25 paired scenarios summarized here
10,DMCHBA,max_robot_steps,all_horizons,1;2;3;5;8;12,8,1,22.32,0.585149553533112,1,0,25,equal-weight ideal/Bernoulli mean within each paired trial,pilot/exploratory; selected on the same 25 paired scenarios summarized here
10,DMCHBA,max_robot_steps,all_horizons,1;2;3;5;8;12,12,1,22.32,0.585149553533112,1,0,25,equal-weight ideal/Bernoulli mean within each paired trial,pilot/exploratory; selected on the same 25 paired scenarios summarized here
10,DMCHBA,max_robot_steps,exclude_horizon_1,2;3;5;8;12,1,0,22.16,0.510489960724009,5,0,25,equal-weight ideal/Bernoulli mean within each paired trial,pilot/exploratory; selected on the same 25 paired scenarios summarized here
10,DMCHBA,max_robot_steps,exclude_horizon_1,2;3;5;8;12,2,1,22.74,0.578157994553969,5,0,25,equal-weight ideal/Bernoulli mean within each paired trial,pilot/exploratory; selected on the same 25 paired scenarios summarized here
10,DMCHBA,max_robot_steps,exclude_horizon_1,2;3;5;8;12,3,1,22.4,0.58022983951764,5,0,25,equal-weight ideal/Bernoulli mean within each paired trial,pilot/exploratory; selected on the same 25 paired scenarios summarized here
10,DMCHBA,max_robot_steps,exclude_horizon_1,2;3;5;8;12,5,1,22.32,0.585149553533112,5,1,25,equal-weight ideal/Bernoulli mean within each paired trial,pilot/exploratory; selected on the same 25 paired scenarios summarized here
10,DMCHBA,max_robot_steps,exclude_horizon_1,2;3;5;8;12,8,1,22.32,0.585149553533112,5,0,25,equal-weight ideal/Bernoulli mean within each paired trial,pilot/exploratory; selected on the same 25 paired scenarios summarized here
10,DMCHBA,max_robot_steps,exclude_horizon_1,2;3;5;8;12,12,1,22.32,0.585149553533112,5,0,25,equal-weight ideal/Bernoulli mean within each paired trial,pilot/exploratory; selected on the same 25 paired scenarios summarized here
10,DMCHBA,total_team_steps,all_horizons,1;2;3;5;8;12,1,1,77.4,1.73637553541853,1,1,25,equal-weight ideal/Bernoulli mean within each paired trial,pilot/exploratory; selected on the same 25 paired scenarios summarized here
10,DMCHBA,total_team_steps,all_horizons,1;2;3;5;8;12,2,1,79.44,1.91187517026261,1,0,25,equal-weight ideal/Bernoulli mean within each paired trial,pilot/exploratory; selected on the same 25 paired scenarios summarized here
10,DMCHBA,total_team_steps,all_horizons,1;2;3;5;8;12,3,1,79.12,1.8928109608023,1,0,25,equal-weight ideal/Bernoulli mean within each paired trial,pilot/exploratory; selected on the same 25 paired scenarios summarized here
10,DMCHBA,total_team_steps,all_horizons,1;2;3;5;8;12,5,1,79.06,1.93440774743417,1,0,25,equal-weight ideal/Bernoulli mean within each paired trial,pilot/exploratory; selected on the same 25 paired scenarios summarized here
10,DMCHBA,total_team_steps,all_horizons,1;2;3;5;8;12,8,1,79.06,1.93440774743417,1,0,25,equal-weight ideal/Bernoulli mean within each paired trial,pilot/exploratory; selected on the same 25 paired scenarios summarized here
10,DMCHBA,total_team_steps,all_horizons,1;2;3;5;8;12,12,1,78.98,1.9156113036487,1,0,25,equal-weight ideal/Bernoulli mean within each paired trial,pilot/exploratory; selected on the same 25 paired scenarios summarized here
10,DMCHBA,total_team_steps,exclude_horizon_1,2;3;5;8;12,1,0,77.4,1.73637553541853,12,0,25,equal-weight ideal/Bernoulli mean within each paired trial,pilot/exploratory; selected on the same 25 paired scenarios summarized here
10,DMCHBA,total_team_steps,exclude_horizon_1,2;3;5;8;12,2,1,79.44,1.91187517026261,12,0,25,equal-weight ideal/Bernoulli mean within each paired trial,pilot/exploratory; selected on the same 25 paired scenarios summarized here
10,DMCHBA,total_team_steps,exclude_horizon_1,2;3;5;8;12,3,1,79.12,1.8928109608023,12,0,25,equal-weight ideal/Bernoulli mean within each paired trial,pilot/exploratory; selected on the same 25 paired scenarios summarized here
10,DMCHBA,total_team_steps,exclude_horizon_1,2;3;5;8;12,5,1,79.06,1.93440774743417,12,0,25,equal-weight ideal/Bernoulli mean within each paired trial,pilot/exploratory; selected on the same 25 paired scenarios summarized here
10,DMCHBA,total_team_steps,exclude_horizon_1,2;3;5;8;12,8,1,79.06,1.93440774743417,12,0,25,equal-weight ideal/Bernoulli mean within each paired trial,pilot/exploratory; selected on the same 25 paired scenarios summarized here
10,DMCHBA,total_team_steps,exclude_horizon_1,2;3;5;8;12,12,1,78.98,1.9156113036487,12,1,25,equal-weight ideal/Bernoulli mean within each paired trial,pilot/exploratory; selected on the same 25 paired scenarios summarized here
10,HIPC,max_robot_steps,all_horizons,1;2;3;5;8;12,1,1,23.86,0.663023378170031,2,0,25,equal-weight ideal/Bernoulli mean within each paired trial,pilot/exploratory; selected on the same 25 paired scenarios summarized here
10,HIPC,max_robot_steps,all_horizons,1;2;3;5;8;12,2,1,23.52,0.721387551874857,2,1,25,equal-weight ideal/Bernoulli mean within each paired trial,pilot/exploratory; selected on the same 25 paired scenarios summarized here
10,HIPC,max_robot_steps,all_horizons,1;2;3;5;8;12,3,1,25.9,0.947804480540862,2,0,25,equal-weight ideal/Bernoulli mean within each paired trial,pilot/exploratory; selected on the same 25 paired scenarios summarized here
10,HIPC,max_robot_steps,all_horizons,1;2;3;5;8;12,5,1,29.88,1.14901407011983,2,0,25,equal-weight ideal/Bernoulli mean within each paired trial,pilot/exploratory; selected on the same 25 paired scenarios summarized here
10,HIPC,max_robot_steps,all_horizons,1;2;3;5;8;12,8,1,33.46,1.63857661808453,2,0,25,equal-weight ideal/Bernoulli mean within each paired trial,pilot/exploratory; selected on the same 25 paired scenarios summarized here
10,HIPC,max_robot_steps,all_horizons,1;2;3;5;8;12,12,1,35.06,1.82718362514554,2,0,25,equal-weight ideal/Bernoulli mean within each paired trial,pilot/exploratory; selected on the same 25 paired scenarios summarized here
10,HIPC,max_robot_steps,exclude_horizon_1,2;3;5;8;12,1,0,23.86,0.663023378170031,2,0,25,equal-weight ideal/Bernoulli mean within each paired trial,pilot/exploratory; selected on the same 25 paired scenarios summarized here
10,HIPC,max_robot_steps,exclude_horizon_1,2;3;5;8;12,2,1,23.52,0.721387551874857,2,1,25,equal-weight ideal/Bernoulli mean within each paired trial,pilot/exploratory; selected on the same 25 paired scenarios summarized here
10,HIPC,max_robot_steps,exclude_horizon_1,2;3;5;8;12,3,1,25.9,0.947804480540862,2,0,25,equal-weight ideal/Bernoulli mean within each paired trial,pilot/exploratory; selected on the same 25 paired scenarios summarized here
10,HIPC,max_robot_steps,exclude_horizon_1,2;3;5;8;12,5,1,29.88,1.14901407011983,2,0,25,equal-weight ideal/Bernoulli mean within each paired trial,pilot/exploratory; selected on the same 25 paired scenarios summarized here
10,HIPC,max_robot_steps,exclude_horizon_1,2;3;5;8;12,8,1,33.46,1.63857661808453,2,0,25,equal-weight ideal/Bernoulli mean within each paired trial,pilot/exploratory; selected on the same 25 paired scenarios summarized here
10,HIPC,max_robot_steps,exclude_horizon_1,2;3;5;8;12,12,1,35.06,1.82718362514554,2,0,25,equal-weight ideal/Bernoulli mean within each paired trial,pilot/exploratory; selected on the same 25 paired scenarios summarized here
10,HIPC,total_team_steps,all_horizons,1;2;3;5;8;12,1,1,81.38,2.02263854078445,12,0,25,equal-weight ideal/Bernoulli mean within each paired trial,pilot/exploratory; selected on the same 25 paired scenarios summarized here
10,HIPC,total_team_steps,all_horizons,1;2;3;5;8;12,2,1,69.1,1.56843871413581,12,0,25,equal-weight ideal/Bernoulli mean within each paired trial,pilot/exploratory; selected on the same 25 paired scenarios summarized here
10,HIPC,total_team_steps,all_horizons,1;2;3;5;8;12,3,1,63.66,1.50988962068976,12,0,25,equal-weight ideal/Bernoulli mean within each paired trial,pilot/exploratory; selected on the same 25 paired scenarios summarized here
10,HIPC,total_team_steps,all_horizons,1;2;3;5;8;12,5,1,58.32,2.30197017067265,12,0,25,equal-weight ideal/Bernoulli mean within each paired trial,pilot/exploratory; selected on the same 25 paired scenarios summarized here
10,HIPC,total_team_steps,all_horizons,1;2;3;5;8;12,8,1,57.44,1.56106801047659,12,0,25,equal-weight ideal/Bernoulli mean within each paired trial,pilot/exploratory; selected on the same 25 paired scenarios summarized here
10,HIPC,total_team_steps,all_horizons,1;2;3;5;8;12,12,1,56.44,1.74363604765062,12,1,25,equal-weight ideal/Bernoulli mean within each paired trial,pilot/exploratory; selected on the same 25 paired scenarios summarized here
10,HIPC,total_team_steps,exclude_horizon_1,2;3;5;8;12,1,0,81.38,2.02263854078445,12,0,25,equal-weight ideal/Bernoulli mean within each paired trial,pilot/exploratory; selected on the same 25 paired scenarios summarized here
10,HIPC,total_team_steps,exclude_horizon_1,2;3;5;8;12,2,1,69.1,1.56843871413581,12,0,25,equal-weight ideal/Bernoulli mean within each paired trial,pilot/exploratory; selected on the same 25 paired scenarios summarized here
10,HIPC,total_team_steps,exclude_horizon_1,2;3;5;8;12,3,1,63.66,1.50988962068976,12,0,25,equal-weight ideal/Bernoulli mean within each paired trial,pilot/exploratory; selected on the same 25 paired scenarios summarized here
10,HIPC,total_team_steps,exclude_horizon_1,2;3;5;8;12,5,1,58.32,2.30197017067265,12,0,25,equal-weight ideal/Bernoulli mean within each paired trial,pilot/exploratory; selected on the same 25 paired scenarios summarized here
10,HIPC,total_team_steps,exclude_horizon_1,2;3;5;8;12,8,1,57.44,1.56106801047659,12,0,25,equal-weight ideal/Bernoulli mean within each paired trial,pilot/exploratory; selected on the same 25 paired scenarios summarized here
10,HIPC,total_team_steps,exclude_horizon_1,2;3;5;8;12,12,1,56.44,1.74363604765062,12,1,25,equal-weight ideal/Bernoulli mean within each paired trial,pilot/exploratory; selected on the same 25 paired scenarios summarized here
10,PI,max_robot_steps,all_horizons,1;2;3;5;8;12,1,1,24.38,0.617305974915735,1,1,25,equal-weight ideal/Bernoulli mean within each paired trial,pilot/exploratory; selected on the same 25 paired scenarios summarized here
10,PI,max_robot_steps,all_horizons,1;2;3;5;8;12,2,1,26.62,0.727025905086378,1,0,25,equal-weight ideal/Bernoulli mean within each paired trial,pilot/exploratory; selected on the same 25 paired scenarios summarized here
10,PI,max_robot_steps,all_horizons,1;2;3;5;8;12,3,1,29.88,0.99886602371556,1,0,25,equal-weight ideal/Bernoulli mean within each paired trial,pilot/exploratory; selected on the same 25 paired scenarios summarized here
10,PI,max_robot_steps,all_horizons,1;2;3;5;8;12,5,1,34.82,1.24895956699967,1,0,25,equal-weight ideal/Bernoulli mean within each paired trial,pilot/exploratory; selected on the same 25 paired scenarios summarized here
10,PI,max_robot_steps,all_horizons,1;2;3;5;8;12,8,1,35.18,1.1908960212098,1,0,25,equal-weight ideal/Bernoulli mean within each paired trial,pilot/exploratory; selected on the same 25 paired scenarios summarized here
10,PI,max_robot_steps,all_horizons,1;2;3;5;8;12,12,1,43.32,1.78719519545758,1,0,25,equal-weight ideal/Bernoulli mean within each paired trial,pilot/exploratory; selected on the same 25 paired scenarios summarized here
10,PI,max_robot_steps,exclude_horizon_1,2;3;5;8;12,1,0,24.38,0.617305974915735,2,0,25,equal-weight ideal/Bernoulli mean within each paired trial,pilot/exploratory; selected on the same 25 paired scenarios summarized here
10,PI,max_robot_steps,exclude_horizon_1,2;3;5;8;12,2,1,26.62,0.727025905086378,2,1,25,equal-weight ideal/Bernoulli mean within each paired trial,pilot/exploratory; selected on the same 25 paired scenarios summarized here
10,PI,max_robot_steps,exclude_horizon_1,2;3;5;8;12,3,1,29.88,0.99886602371556,2,0,25,equal-weight ideal/Bernoulli mean within each paired trial,pilot/exploratory; selected on the same 25 paired scenarios summarized here
10,PI,max_robot_steps,exclude_horizon_1,2;3;5;8;12,5,1,34.82,1.24895956699967,2,0,25,equal-weight ideal/Bernoulli mean within each paired trial,pilot/exploratory; selected on the same 25 paired scenarios summarized here
10,PI,max_robot_steps,exclude_horizon_1,2;3;5;8;12,8,1,35.18,1.1908960212098,2,0,25,equal-weight ideal/Bernoulli mean within each paired trial,pilot/exploratory; selected on the same 25 paired scenarios summarized here
10,PI,max_robot_steps,exclude_horizon_1,2;3;5;8;12,12,1,43.32,1.78719519545758,2,0,25,equal-weight ideal/Bernoulli mean within each paired trial,pilot/exploratory; selected on the same 25 paired scenarios summarized here
10,PI,total_team_steps,all_horizons,1;2;3;5;8;12,1,1,89.46,2.2625428172744,5,0,25,equal-weight ideal/Bernoulli mean within each paired trial,pilot/exploratory; selected on the same 25 paired scenarios summarized here
10,PI,total_team_steps,all_horizons,1;2;3;5;8;12,2,1,85.54,1.97355854570705,5,0,25,equal-weight ideal/Bernoulli mean within each paired trial,pilot/exploratory; selected on the same 25 paired scenarios summarized here
10,PI,total_team_steps,all_horizons,1;2;3;5;8;12,3,1,88.42,3.1319163462647,5,0,25,equal-weight ideal/Bernoulli mean within each paired trial,pilot/exploratory; selected on the same 25 paired scenarios summarized here
10,PI,total_team_steps,all_horizons,1;2;3;5;8;12,5,1,83.64,2.19725586433017,5,1,25,equal-weight ideal/Bernoulli mean within each paired trial,pilot/exploratory; selected on the same 25 paired scenarios summarized here
10,PI,total_team_steps,all_horizons,1;2;3;5;8;12,8,1,84.14,2.05173097651715,5,0,25,equal-weight ideal/Bernoulli mean within each paired trial,pilot/exploratory; selected on the same 25 paired scenarios summarized here
10,PI,total_team_steps,all_horizons,1;2;3;5;8;12,12,1,84.66,2.38427487229696,5,0,25,equal-weight ideal/Bernoulli mean within each paired trial,pilot/exploratory; selected on the same 25 paired scenarios summarized here
10,PI,total_team_steps,exclude_horizon_1,2;3;5;8;12,1,0,89.46,2.2625428172744,5,0,25,equal-weight ideal/Bernoulli mean within each paired trial,pilot/exploratory; selected on the same 25 paired scenarios summarized here
10,PI,total_team_steps,exclude_horizon_1,2;3;5;8;12,2,1,85.54,1.97355854570705,5,0,25,equal-weight ideal/Bernoulli mean within each paired trial,pilot/exploratory; selected on the same 25 paired scenarios summarized here
10,PI,total_team_steps,exclude_horizon_1,2;3;5;8;12,3,1,88.42,3.1319163462647,5,0,25,equal-weight ideal/Bernoulli mean within each paired trial,pilot/exploratory; selected on the same 25 paired scenarios summarized here
10,PI,total_team_steps,exclude_horizon_1,2;3;5;8;12,5,1,83.64,2.19725586433017,5,1,25,equal-weight ideal/Bernoulli mean within each paired trial,pilot/exploratory; selected on the same 25 paired scenarios summarized here
10,PI,total_team_steps,exclude_horizon_1,2;3;5;8;12,8,1,84.14,2.05173097651715,5,0,25,equal-weight ideal/Bernoulli mean within each paired trial,pilot/exploratory; selected on the same 25 paired scenarios summarized here
10,PI,total_team_steps,exclude_horizon_1,2;3;5;8;12,12,1,84.66,2.38427487229696,5,0,25,equal-weight ideal/Bernoulli mean within each paired trial,pilot/exploratory; selected on the same 25 paired scenarios summarized here
20,ACBBA,max_robot_steps,all_horizons,1;2;3;5;8;12,1,1,32.44,0.962340895940726,2,0,25,equal-weight ideal/Bernoulli mean within each paired trial,pilot/exploratory; selected on the same 25 paired scenarios summarized here
20,ACBBA,max_robot_steps,all_horizons,1;2;3;5;8;12,2,1,31.78,0.903732998918006,2,1,25,equal-weight ideal/Bernoulli mean within each paired trial,pilot/exploratory; selected on the same 25 paired scenarios summarized here
20,ACBBA,max_robot_steps,all_horizons,1;2;3;5;8;12,3,1,33.66,0.800895332320855,2,0,25,equal-weight ideal/Bernoulli mean within each paired trial,pilot/exploratory; selected on the same 25 paired scenarios summarized here
20,ACBBA,max_robot_steps,all_horizons,1;2;3;5;8;12,5,1,35.74,0.799020233369177,2,0,25,equal-weight ideal/Bernoulli mean within each paired trial,pilot/exploratory; selected on the same 25 paired scenarios summarized here
20,ACBBA,max_robot_steps,all_horizons,1;2;3;5;8;12,8,1,40.24,0.949613956651158,2,0,25,equal-weight ideal/Bernoulli mean within each paired trial,pilot/exploratory; selected on the same 25 paired scenarios summarized here
20,ACBBA,max_robot_steps,all_horizons,1;2;3;5;8;12,12,1,41.2,1.27115433104456,2,0,25,equal-weight ideal/Bernoulli mean within each paired trial,pilot/exploratory; selected on the same 25 paired scenarios summarized here
20,ACBBA,max_robot_steps,exclude_horizon_1,2;3;5;8;12,1,0,32.44,0.962340895940726,2,0,25,equal-weight ideal/Bernoulli mean within each paired trial,pilot/exploratory; selected on the same 25 paired scenarios summarized here
20,ACBBA,max_robot_steps,exclude_horizon_1,2;3;5;8;12,2,1,31.78,0.903732998918006,2,1,25,equal-weight ideal/Bernoulli mean within each paired trial,pilot/exploratory; selected on the same 25 paired scenarios summarized here
20,ACBBA,max_robot_steps,exclude_horizon_1,2;3;5;8;12,3,1,33.66,0.800895332320855,2,0,25,equal-weight ideal/Bernoulli mean within each paired trial,pilot/exploratory; selected on the same 25 paired scenarios summarized here
20,ACBBA,max_robot_steps,exclude_horizon_1,2;3;5;8;12,5,1,35.74,0.799020233369177,2,0,25,equal-weight ideal/Bernoulli mean within each paired trial,pilot/exploratory; selected on the same 25 paired scenarios summarized here
20,ACBBA,max_robot_steps,exclude_horizon_1,2;3;5;8;12,8,1,40.24,0.949613956651158,2,0,25,equal-weight ideal/Bernoulli mean within each paired trial,pilot/exploratory; selected on the same 25 paired scenarios summarized here
20,ACBBA,max_robot_steps,exclude_horizon_1,2;3;5;8;12,12,1,41.2,1.27115433104456,2,0,25,equal-weight ideal/Bernoulli mean within each paired trial,pilot/exploratory; selected on the same 25 paired scenarios summarized here
20,ACBBA,total_team_steps,all_horizons,1;2;3;5;8;12,1,1,121.34,3.13697306332075,2,0,25,equal-weight ideal/Bernoulli mean within each paired trial,pilot/exploratory; selected on the same 25 paired scenarios summarized here
20,ACBBA,total_team_steps,all_horizons,1;2;3;5;8;12,2,1,113.78,2.82121132376384,2,1,25,equal-weight ideal/Bernoulli mean within each paired trial,pilot/exploratory; selected on the same 25 paired scenarios summarized here
20,ACBBA,total_team_steps,all_horizons,1;2;3;5;8;12,3,1,120.5,2.74529901225106,2,0,25,equal-weight ideal/Bernoulli mean within each paired trial,pilot/exploratory; selected on the same 25 paired scenarios summarized here
20,ACBBA,total_team_steps,all_horizons,1;2;3;5;8;12,5,1,122.74,2.70664614113728,2,0,25,equal-weight ideal/Bernoulli mean within each paired trial,pilot/exploratory; selected on the same 25 paired scenarios summarized here
20,ACBBA,total_team_steps,all_horizons,1;2;3;5;8;12,8,1,132.96,3.20064056088777,2,0,25,equal-weight ideal/Bernoulli mean within each paired trial,pilot/exploratory; selected on the same 25 paired scenarios summarized here
20,ACBBA,total_team_steps,all_horizons,1;2;3;5;8;12,12,1,134.28,3.69313326774615,2,0,25,equal-weight ideal/Bernoulli mean within each paired trial,pilot/exploratory; selected on the same 25 paired scenarios summarized here
20,ACBBA,total_team_steps,exclude_horizon_1,2;3;5;8;12,1,0,121.34,3.13697306332075,2,0,25,equal-weight ideal/Bernoulli mean within each paired trial,pilot/exploratory; selected on the same 25 paired scenarios summarized here
20,ACBBA,total_team_steps,exclude_horizon_1,2;3;5;8;12,2,1,113.78,2.82121132376384,2,1,25,equal-weight ideal/Bernoulli mean within each paired trial,pilot/exploratory; selected on the same 25 paired scenarios summarized here
20,ACBBA,total_team_steps,exclude_horizon_1,2;3;5;8;12,3,1,120.5,2.74529901225106,2,0,25,equal-weight ideal/Bernoulli mean within each paired trial,pilot/exploratory; selected on the same 25 paired scenarios summarized here
20,ACBBA,total_team_steps,exclude_horizon_1,2;3;5;8;12,5,1,122.74,2.70664614113728,2,0,25,equal-weight ideal/Bernoulli mean within each paired trial,pilot/exploratory; selected on the same 25 paired scenarios summarized here
20,ACBBA,total_team_steps,exclude_horizon_1,2;3;5;8;12,8,1,132.96,3.20064056088777,2,0,25,equal-weight ideal/Bernoulli mean within each paired trial,pilot/exploratory; selected on the same 25 paired scenarios summarized here
20,ACBBA,total_team_steps,exclude_horizon_1,2;3;5;8;12,12,1,134.28,3.69313326774615,2,0,25,equal-weight ideal/Bernoulli mean within each paired trial,pilot/exploratory; selected on the same 25 paired scenarios summarized here
20,DGA,max_robot_steps,all_horizons,1;2;3;5;8;12,1,1,33.54,0.953904257949053,5,0,25,equal-weight ideal/Bernoulli mean within each paired trial,pilot/exploratory; selected on the same 25 paired scenarios summarized here
20,DGA,max_robot_steps,all_horizons,1;2;3;5;8;12,2,1,35.34,1.03187531546533,5,0,25,equal-weight ideal/Bernoulli mean within each paired trial,pilot/exploratory; selected on the same 25 paired scenarios summarized here
20,DGA,max_robot_steps,all_horizons,1;2;3;5;8;12,3,1,33.54,1.07622798080456,5,0,25,equal-weight ideal/Bernoulli mean within each paired trial,pilot/exploratory; selected on the same 25 paired scenarios summarized here
20,DGA,max_robot_steps,all_horizons,1;2;3;5;8;12,5,1,32.88,0.694790136180223,5,1,25,equal-weight ideal/Bernoulli mean within each paired trial,pilot/exploratory; selected on the same 25 paired scenarios summarized here
20,DGA,max_robot_steps,all_horizons,1;2;3;5;8;12,8,1,33.58,0.77496236467758,5,0,25,equal-weight ideal/Bernoulli mean within each paired trial,pilot/exploratory; selected on the same 25 paired scenarios summarized here
20,DGA,max_robot_steps,all_horizons,1;2;3;5;8;12,12,1,34.06,0.91256050027747,5,0,25,equal-weight ideal/Bernoulli mean within each paired trial,pilot/exploratory; selected on the same 25 paired scenarios summarized here
20,DGA,max_robot_steps,exclude_horizon_1,2;3;5;8;12,1,0,33.54,0.953904257949053,5,0,25,equal-weight ideal/Bernoulli mean within each paired trial,pilot/exploratory; selected on the same 25 paired scenarios summarized here
20,DGA,max_robot_steps,exclude_horizon_1,2;3;5;8;12,2,1,35.34,1.03187531546533,5,0,25,equal-weight ideal/Bernoulli mean within each paired trial,pilot/exploratory; selected on the same 25 paired scenarios summarized here
20,DGA,max_robot_steps,exclude_horizon_1,2;3;5;8;12,3,1,33.54,1.07622798080456,5,0,25,equal-weight ideal/Bernoulli mean within each paired trial,pilot/exploratory; selected on the same 25 paired scenarios summarized here
20,DGA,max_robot_steps,exclude_horizon_1,2;3;5;8;12,5,1,32.88,0.694790136180223,5,1,25,equal-weight ideal/Bernoulli mean within each paired trial,pilot/exploratory; selected on the same 25 paired scenarios summarized here
20,DGA,max_robot_steps,exclude_horizon_1,2;3;5;8;12,8,1,33.58,0.77496236467758,5,0,25,equal-weight ideal/Bernoulli mean within each paired trial,pilot/exploratory; selected on the same 25 paired scenarios summarized here
20,DGA,max_robot_steps,exclude_horizon_1,2;3;5;8;12,12,1,34.06,0.91256050027747,5,0,25,equal-weight ideal/Bernoulli mean within each paired trial,pilot/exploratory; selected on the same 25 paired scenarios summarized here
20,DGA,total_team_steps,all_horizons,1;2;3;5;8;12,1,1,128.6,3.85918817024168,5,0,25,equal-weight ideal/Bernoulli mean within each paired trial,pilot/exploratory; selected on the same 25 paired scenarios summarized here
20,DGA,total_team_steps,all_horizons,1;2;3;5;8;12,2,1,135.74,3.92493312044931,5,0,25,equal-weight ideal/Bernoulli mean within each paired trial,pilot/exploratory; selected on the same 25 paired scenarios summarized here
20,DGA,total_team_steps,all_horizons,1;2;3;5;8;12,3,1,127.52,4.25073327007627,5,0,25,equal-weight ideal/Bernoulli mean within each paired trial,pilot/exploratory; selected on the same 25 paired scenarios summarized here
20,DGA,total_team_steps,all_horizons,1;2;3;5;8;12,5,1,126.24,2.63472326187527,5,1,25,equal-weight ideal/Bernoulli mean within each paired trial,pilot/exploratory; selected on the same 25 paired scenarios summarized here
20,DGA,total_team_steps,all_horizons,1;2;3;5;8;12,8,1,127.94,3.01445406887107,5,0,25,equal-weight ideal/Bernoulli mean within each paired trial,pilot/exploratory; selected on the same 25 paired scenarios summarized here
20,DGA,total_team_steps,all_horizons,1;2;3;5;8;12,12,1,127.18,3.62006906011474,5,0,25,equal-weight ideal/Bernoulli mean within each paired trial,pilot/exploratory; selected on the same 25 paired scenarios summarized here
20,DGA,total_team_steps,exclude_horizon_1,2;3;5;8;12,1,0,128.6,3.85918817024168,5,0,25,equal-weight ideal/Bernoulli mean within each paired trial,pilot/exploratory; selected on the same 25 paired scenarios summarized here
20,DGA,total_team_steps,exclude_horizon_1,2;3;5;8;12,2,1,135.74,3.92493312044931,5,0,25,equal-weight ideal/Bernoulli mean within each paired trial,pilot/exploratory; selected on the same 25 paired scenarios summarized here
20,DGA,total_team_steps,exclude_horizon_1,2;3;5;8;12,3,1,127.52,4.25073327007627,5,0,25,equal-weight ideal/Bernoulli mean within each paired trial,pilot/exploratory; selected on the same 25 paired scenarios summarized here
20,DGA,total_team_steps,exclude_horizon_1,2;3;5;8;12,5,1,126.24,2.63472326187527,5,1,25,equal-weight ideal/Bernoulli mean within each paired trial,pilot/exploratory; selected on the same 25 paired scenarios summarized here
20,DGA,total_team_steps,exclude_horizon_1,2;3;5;8;12,8,1,127.94,3.01445406887107,5,0,25,equal-weight ideal/Bernoulli mean within each paired trial,pilot/exploratory; selected on the same 25 paired scenarios summarized here
20,DGA,total_team_steps,exclude_horizon_1,2;3;5;8;12,12,1,127.18,3.62006906011474,5,0,25,equal-weight ideal/Bernoulli mean within each paired trial,pilot/exploratory; selected on the same 25 paired scenarios summarized here
20,DMCHBA,max_robot_steps,all_horizons,1;2;3;5;8;12,1,1,30.94,0.884741016719959,12,0,25,equal-weight ideal/Bernoulli mean within each paired trial,pilot/exploratory; selected on the same 25 paired scenarios summarized here
20,DMCHBA,max_robot_steps,all_horizons,1;2;3;5;8;12,2,1,30.8,1.01036297108185,12,0,25,equal-weight ideal/Bernoulli mean within each paired trial,pilot/exploratory; selected on the same 25 paired scenarios summarized here
20,DMCHBA,max_robot_steps,all_horizons,1;2;3;5;8;12,3,1,30.6,0.871779788708135,12,0,25,equal-weight ideal/Bernoulli mean within each paired trial,pilot/exploratory; selected on the same 25 paired scenarios summarized here
20,DMCHBA,max_robot_steps,all_horizons,1;2;3;5;8;12,5,1,30.82,0.878388676308311,12,0,25,equal-weight ideal/Bernoulli mean within each paired trial,pilot/exploratory; selected on the same 25 paired scenarios summarized here
20,DMCHBA,max_robot_steps,all_horizons,1;2;3;5;8;12,8,1,30.46,0.815434444534528,12,0,25,equal-weight ideal/Bernoulli mean within each paired trial,pilot/exploratory; selected on the same 25 paired scenarios summarized here
20,DMCHBA,max_robot_steps,all_horizons,1;2;3;5;8;12,12,1,30.4,0.822090830342568,12,1,25,equal-weight ideal/Bernoulli mean within each paired trial,pilot/exploratory; selected on the same 25 paired scenarios summarized here
20,DMCHBA,max_robot_steps,exclude_horizon_1,2;3;5;8;12,1,0,30.94,0.884741016719959,12,0,25,equal-weight ideal/Bernoulli mean within each paired trial,pilot/exploratory; selected on the same 25 paired scenarios summarized here
20,DMCHBA,max_robot_steps,exclude_horizon_1,2;3;5;8;12,2,1,30.8,1.01036297108185,12,0,25,equal-weight ideal/Bernoulli mean within each paired trial,pilot/exploratory; selected on the same 25 paired scenarios summarized here
20,DMCHBA,max_robot_steps,exclude_horizon_1,2;3;5;8;12,3,1,30.6,0.871779788708135,12,0,25,equal-weight ideal/Bernoulli mean within each paired trial,pilot/exploratory; selected on the same 25 paired scenarios summarized here
20,DMCHBA,max_robot_steps,exclude_horizon_1,2;3;5;8;12,5,1,30.82,0.878388676308311,12,0,25,equal-weight ideal/Bernoulli mean within each paired trial,pilot/exploratory; selected on the same 25 paired scenarios summarized here
20,DMCHBA,max_robot_steps,exclude_horizon_1,2;3;5;8;12,8,1,30.46,0.815434444534528,12,0,25,equal-weight ideal/Bernoulli mean within each paired trial,pilot/exploratory; selected on the same 25 paired scenarios summarized here
20,DMCHBA,max_robot_steps,exclude_horizon_1,2;3;5;8;12,12,1,30.4,0.822090830342568,12,1,25,equal-weight ideal/Bernoulli mean within each paired trial,pilot/exploratory; selected on the same 25 paired scenarios summarized here
20,DMCHBA,total_team_steps,all_horizons,1;2;3;5;8;12,1,1,113.5,3.19191687443977,12,0,25,equal-weight ideal/Bernoulli mean within each paired trial,pilot/exploratory; selected on the same 25 paired scenarios summarized here
20,DMCHBA,total_team_steps,all_horizons,1;2;3;5;8;12,2,1,114.96,3.42878987399345,12,0,25,equal-weight ideal/Bernoulli mean within each paired trial,pilot/exploratory; selected on the same 25 paired scenarios summarized here
20,DMCHBA,total_team_steps,all_horizons,1;2;3;5;8;12,3,1,114.1,3.04425688797775,12,0,25,equal-weight ideal/Bernoulli mean within each paired trial,pilot/exploratory; selected on the same 25 paired scenarios summarized here
20,DMCHBA,total_team_steps,all_horizons,1;2;3;5;8;12,5,1,114.52,2.78724475662496,12,0,25,equal-weight ideal/Bernoulli mean within each paired trial,pilot/exploratory; selected on the same 25 paired scenarios summarized here
20,DMCHBA,total_team_steps,all_horizons,1;2;3;5;8;12,8,1,113.26,2.64356451279959,12,0,25,equal-weight ideal/Bernoulli mean within each paired trial,pilot/exploratory; selected on the same 25 paired scenarios summarized here
20,DMCHBA,total_team_steps,all_horizons,1;2;3;5;8;12,12,1,113.08,2.66390690528029,12,1,25,equal-weight ideal/Bernoulli mean within each paired trial,pilot/exploratory; selected on the same 25 paired scenarios summarized here
20,DMCHBA,total_team_steps,exclude_horizon_1,2;3;5;8;12,1,0,113.5,3.19191687443977,12,0,25,equal-weight ideal/Bernoulli mean within each paired trial,pilot/exploratory; selected on the same 25 paired scenarios summarized here
20,DMCHBA,total_team_steps,exclude_horizon_1,2;3;5;8;12,2,1,114.96,3.42878987399345,12,0,25,equal-weight ideal/Bernoulli mean within each paired trial,pilot/exploratory; selected on the same 25 paired scenarios summarized here
20,DMCHBA,total_team_steps,exclude_horizon_1,2;3;5;8;12,3,1,114.1,3.04425688797775,12,0,25,equal-weight ideal/Bernoulli mean within each paired trial,pilot/exploratory; selected on the same 25 paired scenarios summarized here
20,DMCHBA,total_team_steps,exclude_horizon_1,2;3;5;8;12,5,1,114.52,2.78724475662496,12,0,25,equal-weight ideal/Bernoulli mean within each paired trial,pilot/exploratory; selected on the same 25 paired scenarios summarized here
20,DMCHBA,total_team_steps,exclude_horizon_1,2;3;5;8;12,8,1,113.26,2.64356451279959,12,0,25,equal-weight ideal/Bernoulli mean within each paired trial,pilot/exploratory; selected on the same 25 paired scenarios summarized here
20,DMCHBA,total_team_steps,exclude_horizon_1,2;3;5;8;12,12,1,113.08,2.66390690528029,12,1,25,equal-weight ideal/Bernoulli mean within each paired trial,pilot/exploratory; selected on the same 25 paired scenarios summarized here
20,HIPC,max_robot_steps,all_horizons,1;2;3;5;8;12,1,1,31.4,1.03279555898864,1,1,25,equal-weight ideal/Bernoulli mean within each paired trial,pilot/exploratory; selected on the same 25 paired scenarios summarized here
20,HIPC,max_robot_steps,all_horizons,1;2;3;5;8;12,2,1,32.52,1.07915090078574,1,0,25,equal-weight ideal/Bernoulli mean within each paired trial,pilot/exploratory; selected on the same 25 paired scenarios summarized here
20,HIPC,max_robot_steps,all_horizons,1;2;3;5;8;12,3,1,32.7,1.13541475535007,1,0,25,equal-weight ideal/Bernoulli mean within each paired trial,pilot/exploratory; selected on the same 25 paired scenarios summarized here
20,HIPC,max_robot_steps,all_horizons,1;2;3;5;8;12,5,1,35.84,0.83152470398259,1,0,25,equal-weight ideal/Bernoulli mean within each paired trial,pilot/exploratory; selected on the same 25 paired scenarios summarized here
20,HIPC,max_robot_steps,all_horizons,1;2;3;5;8;12,8,1,41.4,1.40801278403287,1,0,25,equal-weight ideal/Bernoulli mean within each paired trial,pilot/exploratory; selected on the same 25 paired scenarios summarized here
20,HIPC,max_robot_steps,all_horizons,1;2;3;5;8;12,12,1,45.14,1.68090253534621,1,0,25,equal-weight ideal/Bernoulli mean within each paired trial,pilot/exploratory; selected on the same 25 paired scenarios summarized here
20,HIPC,max_robot_steps,exclude_horizon_1,2;3;5;8;12,1,0,31.4,1.03279555898864,2,0,25,equal-weight ideal/Bernoulli mean within each paired trial,pilot/exploratory; selected on the same 25 paired scenarios summarized here
20,HIPC,max_robot_steps,exclude_horizon_1,2;3;5;8;12,2,1,32.52,1.07915090078574,2,1,25,equal-weight ideal/Bernoulli mean within each paired trial,pilot/exploratory; selected on the same 25 paired scenarios summarized here
20,HIPC,max_robot_steps,exclude_horizon_1,2;3;5;8;12,3,1,32.7,1.13541475535007,2,0,25,equal-weight ideal/Bernoulli mean within each paired trial,pilot/exploratory; selected on the same 25 paired scenarios summarized here
20,HIPC,max_robot_steps,exclude_horizon_1,2;3;5;8;12,5,1,35.84,0.83152470398259,2,0,25,equal-weight ideal/Bernoulli mean within each paired trial,pilot/exploratory; selected on the same 25 paired scenarios summarized here
20,HIPC,max_robot_steps,exclude_horizon_1,2;3;5;8;12,8,1,41.4,1.40801278403287,2,0,25,equal-weight ideal/Bernoulli mean within each paired trial,pilot/exploratory; selected on the same 25 paired scenarios summarized here
20,HIPC,max_robot_steps,exclude_horizon_1,2;3;5;8;12,12,1,45.14,1.68090253534621,2,0,25,equal-weight ideal/Bernoulli mean within each paired trial,pilot/exploratory; selected on the same 25 paired scenarios summarized here
20,HIPC,total_team_steps,all_horizons,1;2;3;5;8;12,1,1,114.34,2.78533660443401,8,0,25,equal-weight ideal/Bernoulli mean within each paired trial,pilot/exploratory; selected on the same 25 paired scenarios summarized here
20,HIPC,total_team_steps,all_horizons,1;2;3;5;8;12,2,1,111.2,3.0255853428166,8,0,25,equal-weight ideal/Bernoulli mean within each paired trial,pilot/exploratory; selected on the same 25 paired scenarios summarized here
20,HIPC,total_team_steps,all_horizons,1;2;3;5;8;12,3,1,107.98,3.0450068418095,8,0,25,equal-weight ideal/Bernoulli mean within each paired trial,pilot/exploratory; selected on the same 25 paired scenarios summarized here
20,HIPC,total_team_steps,all_horizons,1;2;3;5;8;12,5,1,104.02,2.88609886640542,8,0,25,equal-weight ideal/Bernoulli mean within each paired trial,pilot/exploratory; selected on the same 25 paired scenarios summarized here
20,HIPC,total_team_steps,all_horizons,1;2;3;5;8;12,8,1,95.06,2.31702395326419,8,1,25,equal-weight ideal/Bernoulli mean within each paired trial,pilot/exploratory; selected on the same 25 paired scenarios summarized here
20,HIPC,total_team_steps,all_horizons,1;2;3;5;8;12,12,1,96.14,2.77571612381382,8,0,25,equal-weight ideal/Bernoulli mean within each paired trial,pilot/exploratory; selected on the same 25 paired scenarios summarized here
20,HIPC,total_team_steps,exclude_horizon_1,2;3;5;8;12,1,0,114.34,2.78533660443401,8,0,25,equal-weight ideal/Bernoulli mean within each paired trial,pilot/exploratory; selected on the same 25 paired scenarios summarized here
20,HIPC,total_team_steps,exclude_horizon_1,2;3;5;8;12,2,1,111.2,3.0255853428166,8,0,25,equal-weight ideal/Bernoulli mean within each paired trial,pilot/exploratory; selected on the same 25 paired scenarios summarized here
20,HIPC,total_team_steps,exclude_horizon_1,2;3;5;8;12,3,1,107.98,3.0450068418095,8,0,25,equal-weight ideal/Bernoulli mean within each paired trial,pilot/exploratory; selected on the same 25 paired scenarios summarized here
20,HIPC,total_team_steps,exclude_horizon_1,2;3;5;8;12,5,1,104.02,2.88609886640542,8,0,25,equal-weight ideal/Bernoulli mean within each paired trial,pilot/exploratory; selected on the same 25 paired scenarios summarized here
20,HIPC,total_team_steps,exclude_horizon_1,2;3;5;8;12,8,1,95.06,2.31702395326419,8,1,25,equal-weight ideal/Bernoulli mean within each paired trial,pilot/exploratory; selected on the same 25 paired scenarios summarized here
20,HIPC,total_team_steps,exclude_horizon_1,2;3;5;8;12,12,1,96.14,2.77571612381382,8,0,25,equal-weight ideal/Bernoulli mean within each paired trial,pilot/exploratory; selected on the same 25 paired scenarios summarized here
20,PI,max_robot_steps,all_horizons,1;2;3;5;8;12,1,1,33.72,1.08592510484533,1,1,25,equal-weight ideal/Bernoulli mean within each paired trial,pilot/exploratory; selected on the same 25 paired scenarios summarized here
20,PI,max_robot_steps,all_horizons,1;2;3;5;8;12,2,1,34.58,0.755358634468864,1,0,25,equal-weight ideal/Bernoulli mean within each paired trial,pilot/exploratory; selected on the same 25 paired scenarios summarized here
20,PI,max_robot_steps,all_horizons,1;2;3;5;8;12,3,1,36.12,1.17199260520989,1,0,25,equal-weight ideal/Bernoulli mean within each paired trial,pilot/exploratory; selected on the same 25 paired scenarios summarized here
20,PI,max_robot_steps,all_horizons,1;2;3;5;8;12,5,1,41.8,1.1,1,0,25,equal-weight ideal/Bernoulli mean within each paired trial,pilot/exploratory; selected on the same 25 paired scenarios summarized here
20,PI,max_robot_steps,all_horizons,1;2;3;5;8;12,8,1,48.28,1.78374138633753,1,0,25,equal-weight ideal/Bernoulli mean within each paired trial,pilot/exploratory; selected on the same 25 paired scenarios summarized here
20,PI,max_robot_steps,all_horizons,1;2;3;5;8;12,12,1,50.58,1.56303124302321,1,0,25,equal-weight ideal/Bernoulli mean within each paired trial,pilot/exploratory; selected on the same 25 paired scenarios summarized here
20,PI,max_robot_steps,exclude_horizon_1,2;3;5;8;12,1,0,33.72,1.08592510484533,2,0,25,equal-weight ideal/Bernoulli mean within each paired trial,pilot/exploratory; selected on the same 25 paired scenarios summarized here
20,PI,max_robot_steps,exclude_horizon_1,2;3;5;8;12,2,1,34.58,0.755358634468864,2,1,25,equal-weight ideal/Bernoulli mean within each paired trial,pilot/exploratory; selected on the same 25 paired scenarios summarized here
20,PI,max_robot_steps,exclude_horizon_1,2;3;5;8;12,3,1,36.12,1.17199260520989,2,0,25,equal-weight ideal/Bernoulli mean within each paired trial,pilot/exploratory; selected on the same 25 paired scenarios summarized here
20,PI,max_robot_steps,exclude_horizon_1,2;3;5;8;12,5,1,41.8,1.1,2,0,25,equal-weight ideal/Bernoulli mean within each paired trial,pilot/exploratory; selected on the same 25 paired scenarios summarized here
20,PI,max_robot_steps,exclude_horizon_1,2;3;5;8;12,8,1,48.28,1.78374138633753,2,0,25,equal-weight ideal/Bernoulli mean within each paired trial,pilot/exploratory; selected on the same 25 paired scenarios summarized here
20,PI,max_robot_steps,exclude_horizon_1,2;3;5;8;12,12,1,50.58,1.56303124302321,2,0,25,equal-weight ideal/Bernoulli mean within each paired trial,pilot/exploratory; selected on the same 25 paired scenarios summarized here
20,PI,total_team_steps,all_horizons,1;2;3;5;8;12,1,1,127.9,3.54400902933387,3,0,25,equal-weight ideal/Bernoulli mean within each paired trial,pilot/exploratory; selected on the same 25 paired scenarios summarized here
20,PI,total_team_steps,all_horizons,1;2;3;5;8;12,2,1,124.38,2.87043550702676,3,0,25,equal-weight ideal/Bernoulli mean within each paired trial,pilot/exploratory; selected on the same 25 paired scenarios summarized here
20,PI,total_team_steps,all_horizons,1;2;3;5;8;12,3,1,123.18,3.25216338252965,3,1,25,equal-weight ideal/Bernoulli mean within each paired trial,pilot/exploratory; selected on the same 25 paired scenarios summarized here
20,PI,total_team_steps,all_horizons,1;2;3;5;8;12,5,1,129.9,3.13129366237023,3,0,25,equal-weight ideal/Bernoulli mean within each paired trial,pilot/exploratory; selected on the same 25 paired scenarios summarized here
20,PI,total_team_steps,all_horizons,1;2;3;5;8;12,8,1,133.64,3.29956057680413,3,0,25,equal-weight ideal/Bernoulli mean within each paired trial,pilot/exploratory; selected on the same 25 paired scenarios summarized here
20,PI,total_team_steps,all_horizons,1;2;3;5;8;12,12,1,133.16,3.00828300973606,3,0,25,equal-weight ideal/Bernoulli mean within each paired trial,pilot/exploratory; selected on the same 25 paired scenarios summarized here
20,PI,total_team_steps,exclude_horizon_1,2;3;5;8;12,1,0,127.9,3.54400902933387,3,0,25,equal-weight ideal/Bernoulli mean within each paired trial,pilot/exploratory; selected on the same 25 paired scenarios summarized here
20,PI,total_team_steps,exclude_horizon_1,2;3;5;8;12,2,1,124.38,2.87043550702676,3,0,25,equal-weight ideal/Bernoulli mean within each paired trial,pilot/exploratory; selected on the same 25 paired scenarios summarized here
20,PI,total_team_steps,exclude_horizon_1,2;3;5;8;12,3,1,123.18,3.25216338252965,3,1,25,equal-weight ideal/Bernoulli mean within each paired trial,pilot/exploratory; selected on the same 25 paired scenarios summarized here
20,PI,total_team_steps,exclude_horizon_1,2;3;5;8;12,5,1,129.9,3.13129366237023,3,0,25,equal-weight ideal/Bernoulli mean within each paired trial,pilot/exploratory; selected on the same 25 paired scenarios summarized here
20,PI,total_team_steps,exclude_horizon_1,2;3;5;8;12,8,1,133.64,3.29956057680413,3,0,25,equal-weight ideal/Bernoulli mean within each paired trial,pilot/exploratory; selected on the same 25 paired scenarios summarized here
20,PI,total_team_steps,exclude_horizon_1,2;3;5;8;12,12,1,133.16,3.00828300973606,3,0,25,equal-weight ideal/Bernoulli mean within each paired trial,pilot/exploratory; selected on the same 25 paired scenarios summarized here
